id,company_id,date,open_price,high_price,low_price,close_price,volume,adjusted_close,daily_return_pct
1,ABB,2020-01-01,1958.61,2150.53,1835.28,1964.3,26184368,1964.3,
2,ABB,2020-02-01,2177.03,2192.92,1931.08,2165.21,1668316,2165.21,10.22807106857404
3,ABB,2020-03-01,2221.26,2440.28,1995.23,2198.78,20578107,2198.78,1.5504269793692238
4,ABB,2020-04-01,1932.02,2027.44,1740.12,1958.56,14558597,1958.56,-10.925149401031486
5,ABB,2020-05-01,2089.0,2290.96,1878.23,2085.72,44638694,2085.72,6.492525120496695
6,ABB,2020-06-01,2114.21,2359.95,2101.69,2147.71,15968373,2147.71,2.9721151448900196
7,ABB,2020-07-01,2119.57,2330.49,2065.02,2118.66,446911,2118.66,-1.3526034706734191
8,ABB,2020-08-01,1941.12,2063.06,1767.09,1953.81,6081281,1953.81,-7.780861487921609
9,ABB,2020-09-01,1991.32,2085.52,1871.05,1954.44,18245117,1954.44,0.032244691141936066
10,ABB,2020-10-01,2005.26,2255.58,1834.78,2021.36,24912700,2021.36,3.423998690161878
11,ABB,2020-11-01,2027.54,2080.97,1865.82,2048.88,45422467,2048.88,1.3614596113507904
12,ABB,2020-12-01,2347.71,2433.72,2215.24,2372.19,49283957,2372.19,15.77984069345202
13,ABB,2021-01-01,2572.11,2651.03,2456.49,2558.57,18452378,2558.57,7.856874870899899
14,ABB,2021-02-01,2735.79,2914.71,2534.73,2699.58,4605459,2699.58,5.511281692507919
15,ABB,2021-03-01,2516.52,2603.31,2425.0,2566.14,33910461,2566.14,-4.942991131953867
16,ABB,2021-04-01,2471.98,2670.74,2266.46,2504.61,32294122,2504.61,-2.3977647361406507
17,ABB,2021-05-01,2354.51,2661.82,2140.68,2391.49,17119210,2391.49,-4.5164716263210725
18,ABB,2021-06-01,2654.68,2932.48,2575.83,2637.8,12971287,2637.8,10.29943675281939
19,ABB,2021-07-01,2743.08,2884.5,2447.99,2700.18,4745828,2700.18,2.364849495791943
20,ABB,2021-08-01,2921.22,3259.43,2790.95,2938.95,17017586,2938.95,8.842743817078858
21,ABB,2021-09-01,3009.47,3389.61,2955.67,3060.38,32137379,3060.38,4.131747733033908
22,ABB,2021-10-01,3083.76,3232.89,3078.96,3145.51,30360810,3145.51,2.781680706317524
23,ABB,2021-11-01,3257.09,3266.4,2901.58,3232.28,27481816,3232.28,2.758535181894195
24,ABB,2021-12-01,3093.21,3381.51,2828.06,3126.06,35637743,3126.06,-3.2862252032621053
25,ABB,2022-01-01,3383.86,3649.53,3284.92,3374.64,32914883,3374.64,7.951862728162595
26,ABB,2022-02-01,3209.01,3308.04,2984.29,3242.21,13333598,3242.21,-3.9242704406988516
27,ABB,2022-03-01,3259.98,3612.08,3094.78,3259.64,39761084,3259.64,0.5375962692114378
28,ABB,2022-04-01,3388.84,3605.7,3137.86,3358.95,9842625,3358.95,3.046655458885028
29,ABB,2022-05-01,3160.22,3537.12,3128.85,3176.72,45751733,3176.72,-5.425207282037547
30,ABB,2022-06-01,3362.05,3339.06,3241.42,3300.45,21466389,3300.45,3.8948978820922298
31,ABB,2022-07-01,3172.96,3493.82,2896.23,3165.76,8557688,3165.76,-4.0809586571528005
32,ABB,2022-08-01,2862.8,3238.41,2783.29,2909.68,28546052,2909.68,-8.089052865662605
33,ABB,2022-09-01,2972.83,3263.04,2835.36,2948.94,34881085,2948.94,1.3492892689230596
34,ABB,2022-10-01,2810.63,2913.74,2532.71,2776.2,40487121,2776.2,-5.857698020305612
35,ABB,2022-11-01,2923.94,3172.41,2749.59,2889.75,35128147,2889.75,4.090123189971906
36,ABB,2022-12-01,3528.41,3973.66,3289.61,3586.66,18841589,3586.66,24.116619084695913
37,ABB,2023-01-01,3530.85,3733.43,3305.9,3518.07,14398408,3518.07,-1.9123641493757337
38,ABB,2023-02-01,3550.57,3618.22,3156.74,3570.53,41147767,3570.53,1.4911585045209508
39,ABB,2023-03-01,3559.97,3962.82,3271.55,3620.01,31182234,3620.01,1.3857886644279782
40,ABB,2023-04-01,3440.94,3475.8,3211.49,3422.12,27077692,3422.12,-5.466559484642319
41,ABB,2023-05-01,2989.26,3336.89,2766.25,3040.53,22004673,3040.53,-11.15069021542201
42,ABB,2023-06-01,3129.29,3144.66,3061.14,3104.95,41815408,3104.95,2.1187095670820444
43,ABB,2023-07-01,2937.39,2991.63,2643.07,2912.39,27506410,2912.39,-6.201710172466546
44,ABB,2023-08-01,2910.49,3121.26,2625.87,2883.06,47747777,2883.06,-1.0070766621228633
45,ABB,2023-09-01,3312.81,3463.12,2974.86,3278.99,17863036,3278.99,13.732978155154596
46,ABB,2023-10-01,3450.33,3555.62,3137.99,3514.9,2395531,3514.9,7.194593457131626
47,ABB,2023-11-01,3639.79,3870.14,3245.63,3643.65,24631632,3643.65,3.662977609604834
48,ABB,2023-12-01,3867.28,3961.27,3571.21,3849.44,19985386,3849.44,5.6479080043362995
49,ABB,2024-01-01,3840.29,3980.18,3592.61,3786.3,25206499,3786.3,-1.640238580157105
50,ABB,2024-02-01,3875.82,4171.64,3460.47,3853.86,3621380,3853.86,1.7843277077886022
51,ABB,2024-03-01,3930.94,4351.87,3686.93,3908.54,19469679,3908.54,1.4188372177505126
52,ABB,2024-04-01,3839.69,4090.27,3625.9,3857.26,47079093,3857.26,-1.3119988537919514
53,ABB,2024-05-01,3885.34,4031.49,3624.54,3960.87,42259278,3960.87,2.6861036072237665
54,ABB,2024-06-01,3882.81,4236.17,3509.64,3852.49,5996424,3852.49,-2.7362675371824907
55,ABB,2024-07-01,4046.07,4471.38,3969.36,4098.96,14173525,4098.96,6.3976804612082105
56,ABB,2024-08-01,4200.79,4605.75,4083.8,4215.52,49526206,4215.52,2.8436481448953055
57,ABB,2024-09-01,4567.83,4798.38,4500.14,4580.84,42934796,4580.84,8.666072038562266
58,ABB,2024-10-01,4535.94,4877.41,4298.89,4464.06,5245881,4464.06,-2.549314099597444
59,ABB,2024-11-01,4763.3,5077.99,4753.94,4858.36,19521163,4858.36,8.83276658467851
60,ABB,2024-12-01,5001.51,5451.5,4372.83,4913.07,16033750,4913.07,1.1261001654879532
61,ADANIENSOL,2020-01-01,4798.16,5215.37,4489.84,4831.28,14731217,4831.28,
62,ADANIENSOL,2020-02-01,5110.64,5476.37,4863.98,5052.11,39599794,5052.11,4.570838369955776
63,ADANIENSOL,2020-03-01,5177.99,5182.19,4795.27,5098.92,22132372,5098.92,0.9265435629865593
64,ADANIENSOL,2020-04-01,4926.41,5112.35,4353.14,4875.41,7235284,4875.41,-4.383477285385928
65,ADANIENSOL,2020-05-01,4743.94,4773.81,4482.74,4683.64,3730874,4683.64,-3.9334127796431417
66,ADANIENSOL,2020-06-01,4892.37,5219.76,4266.03,4798.96,4333401,4798.96,2.4621875293574957
67,ADANIENSOL,2020-07-01,4474.89,4870.37,4359.98,4429.99,49301453,4429.99,-7.688540850517622
68,ADANIENSOL,2020-08-01,4109.77,4310.89,3645.82,4100.19,38879631,4100.19,-7.444712064812798
69,ADANIENSOL,2020-09-01,4346.73,4448.94,4065.76,4352.18,666546,4352.18,6.145812755018687
70,ADANIENSOL,2020-10-01,4379.93,4424.44,3888.37,4353.94,5964559,4353.94,0.04043950388079587
71,ADANIENSOL,2020-11-01,4599.99,5058.27,4176.1,4533.15,14357033,4533.15,4.1160420217090765
72,ADANIENSOL,2020-12-01,5089.26,5168.19,4925.21,4995.37,706508,4995.37,10.196441767865627
73,ADANIENSOL,2021-01-01,5117.21,5205.12,4810.46,5112.49,48468196,5112.49,2.3445710728134284
74,ADANIENSOL,2021-02-01,5193.84,5576.92,4942.86,5167.48,22781599,5167.48,1.0756011258701736
75,ADANIENSOL,2021-03-01,5575.31,5571.95,5000.52,5489.61,47525533,5489.61,6.2337928738959825
76,ADANIENSOL,2021-04-01,5534.98,5941.88,5314.65,5604.9,13941321,5604.9,2.100149190926137
77,ADANIENSOL,2021-05-01,5042.9,5313.75,4395.39,4946.69,48722300,4946.69,-11.743474459847636
78,ADANIENSOL,2021-06-01,4900.87,5260.23,4544.73,4840.12,15545428,4840.12,-2.154369891786223
79,ADANIENSOL,2021-07-01,4669.39,5137.58,4491.0,4627.61,47495015,4627.61,-4.390593621645744
80,ADANIENSOL,2021-08-01,4880.91,5183.17,4454.53,4810.47,46643151,4810.47,3.9514998022737613
81,ADANIENSOL,2021-09-01,5174.23,5815.6,4661.14,5199.0,29747122,5199.0,8.07675757254489
82,ADANIENSOL,2021-10-01,5098.24,5700.29,4964.93,5104.63,41932602,5104.63,-1.8151567609155594
83,ADANIENSOL,2021-11-01,4760.63,4742.96,4551.21,4667.34,40663760,4667.34,-8.56653665397884
84,ADANIENSOL,2021-12-01,4627.04,5090.02,4278.38,4546.16,38472472,4546.16,-2.596339670990333
85,ADANIENSOL,2022-01-01,4487.84,4735.03,3996.09,4468.86,47707146,4468.86,-1.7003361078360646
86,ADANIENSOL,2022-02-01,4654.0,4845.08,4464.72,4680.56,30944599,4680.56,4.737226048701482
87,ADANIENSOL,2022-03-01,4888.6,5144.8,4651.75,4820.69,26056158,4820.69,2.993872528073549
88,ADANIENSOL,2022-04-01,4634.44,4981.37,4381.18,4652.4,43845014,4652.4,-3.490994027825889
89,ADANIENSOL,2022-05-01,4784.33,5305.75,4407.89,4879.08,6904936,4879.08,4.872323961826153
90,ADANIENSOL,2022-06-01,5315.2,5587.31,5034.88,5328.53,19672977,5328.53,9.211777630208973
91,ADANIENSOL,2022-07-01,5321.54,5648.05,5116.7,5295.68,19887484,5295.68,-0.6164927287638289
92,ADANIENSOL,2022-08-01,5671.79,6161.4,5489.9,5576.63,7438966,5576.63,5.305267689890614
93,ADANIENSOL,2022-09-01,5027.77,5368.75,5000.7,5062.45,24681642,5062.45,-9.220263851107212
94,ADANIENSOL,2022-10-01,5020.55,5502.24,4619.28,5096.2,3885580,5096.2,0.6666732510938411
95,ADANIENSOL,2022-11-01,5253.78,5417.07,4828.12,5259.26,44849741,5259.26,3.19963894666615
96,ADANIENSOL,2022-12-01,4923.16,5433.7,4508.5,5015.27,9695222,5015.27,-4.639245825458326
97,ADANIENSOL,2023-01-01,4898.16,5050.44,4365.02,4905.86,6119729,4905.86,-2.1815375842178186
98,ADANIENSOL,2023-02-01,4757.49,4875.91,4344.14,4721.53,25220521,4721.53,-3.757343258878154
99,ADANIENSOL,2023-03-01,4529.73,5055.42,4485.03,4570.52,3147790,4570.52,-3.198327660737077
100,ADANIENSOL,2023-04-01,4620.55,5136.23,4498.7,4674.91,9307598,4674.91,2.283985192056903
101,ADANIENSOL,2023-05-01,4690.48,5006.81,4275.64,4644.5,23180482,4644.5,-0.6504938062978693
102,ADANIENSOL,2023-06-01,4113.49,4106.31,3675.98,4049.47,35696144,4049.47,-12.811497470125953
103,ADANIENSOL,2023-07-01,4788.2,4943.45,4495.58,4838.04,26677601,4838.04,19.473412570040026
104,ADANIENSOL,2023-08-01,5174.32,5417.87,4802.32,5211.41,1101552,5211.41,7.717381418921709
105,ADANIENSOL,2023-09-01,5097.61,5178.64,4949.79,5061.35,29720263,5061.35,-2.87945105067533
106,ADANIENSOL,2023-10-01,4790.62,5246.61,4471.77,4783.52,4437322,4783.52,-5.489246940045634
107,ADANIENSOL,2023-11-01,5239.65,5571.35,4710.22,5268.51,14260417,5268.51,10.138768103823125
108,ADANIENSOL,2023-12-01,5598.42,5936.64,5177.35,5491.55,17869226,5491.55,4.233454999610897
109,ADANIENSOL,2024-01-01,5016.62,5193.44,4560.88,5085.65,12373290,5085.65,-7.391355810290367
110,ADANIENSOL,2024-02-01,5392.53,5470.31,4837.76,5308.29,8751342,5308.29,4.377808146451301
111,ADANIENSOL,2024-03-01,5354.85,5673.32,5312.63,5376.82,5690741,5376.82,1.2909995497608406
112,ADANIENSOL,2024-04-01,5112.52,5764.68,5034.52,5162.52,40871896,5162.52,-3.985627192280927
113,ADANIENSOL,2024-05-01,5322.05,5971.91,5053.82,5369.3,28623473,5369.3,4.0054082114936
114,ADANIENSOL,2024-06-01,5092.83,5591.52,4600.2,5108.07,16251593,5108.07,-4.865252453764935
115,ADANIENSOL,2024-07-01,4675.48,4765.81,4414.12,4660.33,14502664,4660.33,-8.765345815542858
116,ADANIENSOL,2024-08-01,4635.76,4847.74,4403.76,4720.38,26676212,4720.38,1.2885353612297923
117,ADANIENSOL,2024-09-01,4579.97,4600.67,4473.66,4523.9,16185456,4523.9,-4.162376757803409
118,ADANIENSOL,2024-10-01,4481.84,4634.46,4263.69,4464.75,38035370,4464.75,-1.3075001657861463
119,ADANIENSOL,2024-11-01,3918.85,4033.4,3778.99,3847.29,41547908,3847.29,-13.82966571476566
120,ADANIENSOL,2024-12-01,3654.6,3789.44,3555.2,3701.81,46923188,3701.81,-3.781362985374126
121,ADANIENT,2020-01-01,3773.23,4002.14,3627.01,3729.19,7074641,3729.19,
122,ADANIENT,2020-02-01,3778.6,3851.73,3351.03,3731.65,8296863,3731.65,0.06596606769835311
123,ADANIENT,2020-03-01,3882.4,4023.51,3743.72,3833.84,19683010,3833.84,2.7384668980209748
124,ADANIENT,2020-04-01,4315.03,4603.19,4007.99,4349.59,23187721,4349.59,13.452569747302956
125,ADANIENT,2020-05-01,4405.55,4554.21,4305.33,4397.89,19256171,4397.89,1.1104494906416518
126,ADANIENT,2020-06-01,4970.17,5420.1,4633.51,4884.24,5933212,4884.24,11.058712246099823
127,ADANIENT,2020-07-01,4505.8,4613.71,4352.82,4499.77,31041630,4499.77,-7.871644309042947
128,ADANIENT,2020-08-01,4817.02,5379.35,4692.17,4853.57,7668576,4853.57,7.862624089675685
129,ADANIENT,2020-09-01,5221.43,5214.32,4849.1,5143.91,38146688,5143.91,5.9819885156699115
130,ADANIENT,2020-10-01,4999.47,5166.0,4784.87,4931.13,5620523,4931.13,-4.136542046808744
131,ADANIENT,2020-11-01,4944.16,5379.4,4393.34,4900.6,11539644,4900.6,-0.6191278672434075
132,ADANIENT,2020-12-01,4669.78,5077.66,4431.17,4661.81,34728027,4661.81,-4.8726686528180245
133,ADANIENT,2021-01-01,4474.18,4626.64,4401.84,4491.99,29211250,4491.99,-3.642791104742593
134,ADANIENT,2021-02-01,4215.95,4456.99,4135.08,4201.45,7752235,4201.45,-6.467957408631808
135,ADANIENT,2021-03-01,4872.67,4918.29,4743.05,4860.01,46612702,4860.01,15.674588534910573
136,ADANIENT,2021-04-01,4877.55,5374.8,4854.66,4946.29,35391207,4946.29,1.7753049890843808
137,ADANIENT,2021-05-01,5648.85,5868.97,5337.73,5554.3,46724914,5554.3,12.292243277284598
138,ADANIENT,2021-06-01,6140.34,6419.24,5406.69,6058.21,49243575,6058.21,9.07243036926344
139,ADANIENT,2021-07-01,6098.58,6599.73,5671.81,6139.05,2832605,6139.05,1.3343875501179436
140,ADANIENT,2021-08-01,6576.58,7252.69,5814.43,6603.48,16741608,6603.48,7.565177022503478
141,ADANIENT,2021-09-01,6982.29,7332.14,6423.17,6995.66,36901312,6995.66,5.938989744801226
142,ADANIENT,2021-10-01,7004.53,7342.68,6598.0,7096.39,7128765,7096.39,1.439892733494763
143,ADANIENT,2021-11-01,6050.91,6684.97,5536.72,6019.07,29071358,6019.07,-15.181240038949383
144,ADANIENT,2021-12-01,6171.41,6128.97,5774.78,6059.65,8983994,6059.65,0.6741905310953422
145,ADANIENT,2022-01-01,6045.46,6139.25,5960.19,6022.48,25159531,6022.48,-0.6134017641282963
146,ADANIENT,2022-02-01,5773.35,5781.63,5469.73,5682.87,10574289,5682.87,-5.639039066962437
147,ADANIENT,2022-03-01,5447.78,5621.82,5166.69,5544.09,28285572,5544.09,-2.4420759229051514
148,ADANIENT,2022-04-01,5404.79,5933.97,5037.64,5417.62,26267074,5417.62,-2.2811678742589048
149,ADANIENT,2022-05-01,5981.72,6035.97,5289.23,5876.85,43103102,5876.85,8.476600426017345
150,ADANIENT,2022-06-01,5185.52,5470.28,4734.98,5204.52,32235577,5204.52,-11.440312412261665
151,ADANIENT,2022-07-01,5586.9,5620.77,5018.38,5548.75,11630632,5548.75,6.6140585491073045
152,ADANIENT,2022-08-01,5950.06,6100.91,5373.29,6027.57,40015812,6027.57,8.629330930389711
153,ADANIENT,2022-09-01,5726.18,5764.07,5119.37,5645.86,36141119,5645.86,-6.332734418679498
154,ADANIENT,2022-10-01,5873.7,6546.1,5490.27,5943.84,33437448,5943.84,5.277849610156826
155,ADANIENT,2022-11-01,6097.1,6285.84,5527.48,6214.8,10473524,6214.8,4.558669143180172
156,ADANIENT,2022-12-01,6258.3,6346.11,5817.31,6161.52,21129085,6161.52,-0.8573083606873921
157,ADANIENT,2023-01-01,5973.95,6262.26,5558.15,6029.89,29555717,6029.89,-2.1363235045897766
158,ADANIENT,2023-02-01,6453.18,6978.6,5984.71,6469.71,27647154,6469.71,7.293997071256686
159,ADANIENT,2023-03-01,6613.0,7238.24,5924.34,6616.32,43436551,6616.32,2.266098480457379
160,ADANIENT,2023-04-01,6517.18,7364.32,6431.38,6644.09,21318153,6644.09,0.41971972335075325
161,ADANIENT,2023-05-01,6924.79,7377.73,6207.09,6833.24,7053868,6833.24,2.846890996359175
162,ADANIENT,2023-06-01,6143.94,6933.82,5814.91,6200.41,8666796,6200.41,-9.261053321703905
163,ADANIENT,2023-07-01,6418.84,6589.61,5961.24,6335.28,32605877,6335.28,2.1751787381802057
164,ADANIENT,2023-08-01,6123.16,6223.85,5310.81,6026.73,6930592,6026.73,-4.870345114975194
165,ADANIENT,2023-09-01,6282.02,6649.58,5890.09,6179.58,8851026,6179.58,2.536201223549095
166,ADANIENT,2023-10-01,6486.03,6976.08,6091.45,6605.73,25993993,6605.73,6.896099734933436
167,ADANIENT,2023-11-01,6846.51,7008.37,6507.99,6876.96,12342920,6876.96,4.105980716741375
168,ADANIENT,2023-12-01,6592.34,6923.8,6108.75,6646.28,35980390,6646.28,-3.354389148693615
169,ADANIENT,2024-01-01,6261.92,6859.9,6226.79,6334.14,36655347,6334.14,-4.696461780123606
170,ADANIENT,2024-02-01,7265.18,7497.27,6723.59,7397.92,29794388,7397.92,16.794387241204014
171,ADANIENT,2024-03-01,8461.96,9010.83,8305.25,8608.25,5419252,8608.25,16.360409412375375
172,ADANIENT,2024-04-01,8622.19,9423.62,8078.53,8644.72,34451279,8644.72,0.42366334620858037
173,ADANIENT,2024-05-01,9131.11,9989.31,8701.73,9098.27,13680042,9098.27,5.246555122664476
174,ADANIENT,2024-06-01,8753.17,9323.71,7905.82,8882.2,45873947,8882.2,-2.3748470863142135
175,ADANIENT,2024-07-01,9014.32,9202.55,8391.98,8931.36,43659997,8931.36,0.5534664835288527
176,ADANIENT,2024-08-01,9483.92,10276.65,8908.68,9353.28,34644600,9353.28,4.724028591390339
177,ADANIENT,2024-09-01,9234.12,9730.42,9300.6,9407.43,47208561,9407.43,0.5789412911834102
178,ADANIENT,2024-10-01,8587.26,9314.3,8407.93,8563.98,9110709,8563.98,-8.965785554609507
179,ADANIENT,2024-11-01,8085.79,8998.12,7987.42,8094.13,47218897,8094.13,-5.48635097232828
180,ADANIENT,2024-12-01,8800.82,9597.1,8451.14,8686.54,16023113,8686.54,7.3190077253515895
181,ADANIGREEN,2020-01-01,3084.9,3168.92,2734.16,3060.87,3939964,3060.87,
182,ADANIGREEN,2020-02-01,2984.37,3149.05,2885.49,3006.58,3361281,3006.58,-1.7736787253297304
183,ADANIGREEN,2020-03-01,3312.96,3446.28,3128.99,3297.68,44310289,3297.68,9.682097266661781
184,ADANIGREEN,2020-04-01,3305.02,3489.59,2974.24,3369.54,43517933,3369.54,2.179107736347974
185,ADANIGREEN,2020-05-01,3399.45,3807.34,3309.98,3419.87,49896912,3419.87,1.49367569460519
186,ADANIGREEN,2020-06-01,3691.43,4019.37,3394.36,3672.7,24045793,3672.7,7.392971077847976
187,ADANIGREEN,2020-07-01,3554.99,3814.75,3470.9,3611.26,12014979,3611.26,-1.672883709532491
188,ADANIGREEN,2020-08-01,3920.06,4156.47,3612.0,3962.28,14885775,3962.28,9.72015307676546
189,ADANIGREEN,2020-09-01,4065.54,4202.43,3812.99,3993.66,10990869,3993.66,0.7919682606983836
190,ADANIGREEN,2020-10-01,4151.74,4484.37,3639.17,4089.72,20937280,4089.72,2.405312420186001
191,ADANIGREEN,2020-11-01,4074.27,4437.56,3699.93,4118.48,49559314,4118.48,0.7032266267617215
192,ADANIGREEN,2020-12-01,4328.61,4818.33,4116.42,4326.42,30426066,4326.42,5.048950098094451
193,ADANIGREEN,2021-01-01,4178.93,4348.14,3785.86,4204.13,39001265,4204.13,-2.826586415558363
194,ADANIGREEN,2021-02-01,4182.59,4179.52,4057.13,4112.23,44200915,4112.23,-2.1859457247991987
195,ADANIGREEN,2021-03-01,4454.2,4893.7,4039.62,4503.84,40810072,4503.84,9.523056832910616
196,ADANIGREEN,2021-04-01,4408.72,4546.79,4126.87,4394.65,29687702,4394.65,-2.4243756438949937
197,ADANIGREEN,2021-05-01,4329.96,4737.91,4213.38,4277.01,43120168,4277.01,-2.676891220006128
198,ADANIGREEN,2021-06-01,4204.84,4566.68,3969.58,4220.29,4440639,4220.29,-1.3261600978253574
199,ADANIGREEN,2021-07-01,3869.43,4263.76,3657.09,3913.23,4144206,3913.23,-7.275803321572683
200,ADANIGREEN,2021-08-01,3780.01,4102.7,3358.71,3780.74,42575225,3780.74,-3.385694170800091
201,ADANIGREEN,2021-09-01,4403.31,4834.08,4032.78,4391.77,33933006,4391.77,16.161650893740397
202,ADANIGREEN,2021-10-01,4323.03,4464.94,4195.49,4295.8,39891558,4295.8,-2.1852237252861673
203,ADANIGREEN,2021-11-01,4596.23,4944.84,4344.63,4550.23,30968707,4550.23,5.922761767307594
204,ADANIGREEN,2021-12-01,4645.08,4864.17,4624.85,4734.23,43604992,4734.23,4.043751634532766
205,ADANIGREEN,2022-01-01,4794.31,4955.96,4553.19,4734.1,8121918,4734.1,-0.002745958688088468
206,ADANIGREEN,2022-02-01,4782.03,5312.83,4513.57,4823.12,418654,4823.12,1.880399653577225
207,ADANIGREEN,2022-03-01,4934.53,5318.31,4476.25,4926.65,31736884,4926.65,2.146535852311371
208,ADANIGREEN,2022-04-01,4997.88,5467.56,4449.6,4989.64,38075292,4989.64,1.2785564227213442
209,ADANIGREEN,2022-05-01,5098.65,5409.83,4923.43,5011.01,5215235,5011.01,0.42828741151665906
210,ADANIGREEN,2022-06-01,5187.85,5585.77,4566.0,5145.01,15118081,5145.01,2.674111606243046
211,ADANIGREEN,2022-07-01,5315.34,5489.15,4966.73,5237.51,2382527,5237.51,1.7978585075636433
212,ADANIGREEN,2022-08-01,4994.85,5663.47,5001.81,5069.87,37507626,5069.87,-3.2007576119186476
213,ADANIGREEN,2022-09-01,5708.08,6073.42,5199.69,5596.79,13753970,5596.79,10.39316589971735
214,ADANIGREEN,2022-10-01,5697.07,5950.95,5234.57,5630.68,8264828,5630.68,0.6055256673914933
215,ADANIGREEN,2022-11-01,5293.52,5443.8,5100.81,5341.97,32760109,5341.97,-5.12744464256537
216,ADANIGREEN,2022-12-01,5722.2,6266.73,5041.16,5622.43,21673506,5622.43,5.250123081934199
217,ADANIGREEN,2023-01-01,6278.76,6640.23,5735.5,6301.61,49200484,6301.61,12.079830251332591
218,ADANIGREEN,2023-02-01,5848.25,6605.8,5395.59,5960.03,10733924,5960.03,-5.420519518027933
219,ADANIGREEN,2023-03-01,5501.99,6157.59,5193.47,5572.08,48412852,5572.08,-6.5091954235129705
220,ADANIGREEN,2023-04-01,6194.76,6755.44,5899.22,6110.48,38569000,6110.48,9.66245997903834
221,ADANIGREEN,2023-05-01,6437.13,6563.8,5661.29,6407.23,46050307,6407.23,4.856410625679164
222,ADANIGREEN,2023-06-01,6877.59,7663.88,6514.23,6982.27,5953678,6982.27,8.974861211475172
223,ADANIGREEN,2023-07-01,6790.92,6985.72,6322.5,6768.73,3304025,6768.73,-3.0583177104294257
224,ADANIGREEN,2023-08-01,7554.27,7867.43,7323.62,7567.82,15587061,7567.82,11.805611983341047
225,ADANIGREEN,2023-09-01,7545.27,8003.44,6784.18,7438.12,34779596,7438.12,-1.713835688480958
226,ADANIGREEN,2023-10-01,6329.13,7046.72,5687.09,6430.76,24077296,6430.76,-13.543207154496029
227,ADANIGREEN,2023-11-01,6366.34,7000.16,6216.21,6493.67,28026469,6493.67,0.9782669544501799
228,ADANIGREEN,2023-12-01,6070.8,6387.68,5722.21,6107.29,4484538,6107.29,-5.950102176427197
229,ADANIGREEN,2024-01-01,5731.75,6221.52,5545.15,5801.33,40049276,5801.33,-5.009750642265232
230,ADANIGREEN,2024-02-01,5809.08,5925.26,5136.39,5761.5,31857869,5761.5,-0.686566701084057
231,ADANIGREEN,2024-03-01,5910.21,6353.6,5698.44,5839.73,35732937,5839.73,1.3578061268766817
232,ADANIGREEN,2024-04-01,5761.02,5939.93,5499.21,5671.45,4097730,5671.45,-2.88164007582542
233,ADANIGREEN,2024-05-01,6233.67,6545.53,5872.53,6176.45,26367492,6176.45,8.904248472612819
234,ADANIGREEN,2024-06-01,6225.5,6431.23,5595.97,6311.45,12430451,6311.45,2.1857215714528477
235,ADANIGREEN,2024-07-01,6325.71,6987.04,5734.6,6253.25,9187683,6253.25,-0.922133582615714
236,ADANIGREEN,2024-08-01,6531.7,7008.84,6052.77,6474.93,27812641,6474.93,3.5450365809778894
237,ADANIGREEN,2024-09-01,6431.39,6763.85,6258.35,6554.44,3702700,6554.44,1.227966943271963
238,ADANIGREEN,2024-10-01,6727.77,6922.84,6206.41,6667.19,43426798,6667.19,1.7202079811547533
239,ADANIGREEN,2024-11-01,6420.25,6854.87,6022.65,6540.57,49383713,6540.57,-1.8991509166530363
240,ADANIGREEN,2024-12-01,7288.75,7984.85,6816.64,7223.66,21986909,7223.66,10.443890975862956
241,ADANIPORTS,2020-01-01,887.0,980.13,818.68,883.73,13913707,883.73,
242,ADANIPORTS,2020-02-01,895.22,988.81,804.3,890.53,31186032,890.53,0.7694657870616517
243,ADANIPORTS,2020-03-01,856.92,942.86,848.68,866.01,9066187,866.01,-2.75341650477805
244,ADANIPORTS,2020-04-01,894.96,999.85,805.63,895.24,42733816,895.24,3.375249708432926
245,ADANIPORTS,2020-05-01,936.86,988.44,874.24,933.39,18025745,933.39,4.261427103346582
246,ADANIPORTS,2020-06-01,913.05,947.77,850.99,921.97,48473674,921.97,-1.223497144816199
247,ADANIPORTS,2020-07-01,857.98,941.3,768.79,859.57,48494070,859.57,-6.7681160992223095
248,ADANIPORTS,2020-08-01,928.77,961.41,824.17,928.03,8570919,928.03,7.964447339949032
249,ADANIPORTS,2020-09-01,1001.0,1049.77,900.81,992.79,30895534,992.79,6.9782226867666
250,ADANIPORTS,2020-10-01,982.51,1000.92,874.45,973.3,1929904,973.3,-1.9631543428116682
251,ADANIPORTS,2020-11-01,978.46,1063.43,934.0,964.25,29309182,964.25,-0.9298263639165638
252,ADANIPORTS,2020-12-01,1074.66,1129.76,976.23,1094.04,13560505,1094.04,13.460202229712204
253,ADANIPORTS,2021-01-01,1172.75,1169.27,1029.9,1152.75,22664731,1152.75,5.36634857957663
254,ADANIPORTS,2021-02-01,1151.44,1220.16,1092.89,1167.87,2174485,1167.87,1.311646063760552
255,ADANIPORTS,2021-03-01,1252.06,1318.41,1165.05,1243.76,24493444,1243.76,6.498154760375741
256,ADANIPORTS,2021-04-01,1292.55,1314.57,1132.43,1282.05,15465704,1282.05,3.0785682125168856
257,ADANIPORTS,2021-05-01,1338.99,1498.61,1194.83,1342.01,33662845,1342.01,4.676884676884674
258,ADANIPORTS,2021-06-01,1287.79,1404.65,1142.89,1270.61,34662035,1270.61,-5.320377642491492
259,ADANIPORTS,2021-07-01,1298.44,1378.54,1227.4,1294.78,43458358,1294.78,1.9022359339215145
260,ADANIPORTS,2021-08-01,1345.51,1353.91,1312.57,1336.08,34507384,1336.08,3.1897310740048423
261,ADANIPORTS,2021-09-01,1409.49,1475.33,1332.9,1400.65,5418992,1400.65,4.832794443446509
262,ADANIPORTS,2021-10-01,1313.68,1476.74,1167.36,1318.59,48860991,1318.59,-5.858708456787931
263,ADANIPORTS,2021-11-01,1352.0,1455.43,1304.59,1357.21,43937926,1357.21,2.9288861586998394
264,ADANIPORTS,2021-12-01,1419.88,1469.73,1339.71,1405.14,40411512,1405.14,3.5315094937408364
265,ADANIPORTS,2022-01-01,1366.54,1533.46,1245.24,1394.1,27270005,1394.1,-0.7856868354754853
266,ADANIPORTS,2022-02-01,1535.02,1592.73,1401.74,1523.11,19869017,1523.11,9.253998995767887
267,ADANIPORTS,2022-03-01,1423.03,1500.05,1333.46,1447.74,11440754,1447.74,-4.948427887677176
268,ADANIPORTS,2022-04-01,1273.31,1372.56,1215.88,1275.17,31012568,1275.17,-11.919958003508913
269,ADANIPORTS,2022-05-01,1354.38,1454.49,1271.32,1363.03,1379539,1363.03,6.890061717261209
270,ADANIPORTS,2022-06-01,1351.91,1420.06,1247.32,1350.1,29050601,1350.1,-0.9486218205028596
271,ADANIPORTS,2022-07-01,1447.3,1622.46,1415.22,1475.73,47780632,1475.73,9.305236649137116
272,ADANIPORTS,2022-08-01,1564.95,1589.0,1356.85,1540.42,32408988,1540.42,4.383593204719016
273,ADANIPORTS,2022-09-01,1540.5,1591.49,1538.51,1565.46,17645972,1565.46,1.6255306994196417
274,ADANIPORTS,2022-10-01,1563.09,1675.18,1430.7,1575.23,14315157,1575.23,0.6240977092994981
275,ADANIPORTS,2022-11-01,1593.36,1679.13,1522.98,1607.99,35835918,1607.99,2.0796962983183453
276,ADANIPORTS,2022-12-01,1771.11,1855.94,1570.94,1758.37,9139352,1758.37,9.352048209255015
277,ADANIPORTS,2023-01-01,1769.67,1944.32,1593.63,1787.07,28408879,1787.07,1.632193451890096
278,ADANIPORTS,2023-02-01,1665.24,1854.55,1550.87,1661.9,40319028,1661.9,-7.00420240953068
279,ADANIPORTS,2023-03-01,1716.99,1884.89,1599.99,1691.01,40977524,1691.01,1.751609603465898
280,ADANIPORTS,2023-04-01,1658.42,1722.75,1503.45,1664.35,30587951,1664.35,-1.5765725808836173
281,ADANIPORTS,2023-05-01,1552.03,1706.01,1417.02,1556.78,41148454,1556.78,-6.463183825517471
282,ADANIPORTS,2023-06-01,1504.72,1633.41,1342.55,1507.62,31230580,1507.62,-3.1578000745127843
283,ADANIPORTS,2023-07-01,1392.39,1544.14,1379.76,1415.27,10915316,1415.27,-6.125548878364572
284,ADANIPORTS,2023-08-01,1458.45,1474.08,1383.85,1455.73,30393992,1455.73,2.858818458668666
285,ADANIPORTS,2023-09-01,1400.92,1528.78,1328.69,1421.6,49390497,1421.6,-2.3445281748675995
286,ADANIPORTS,2023-10-01,1330.46,1433.02,1219.36,1318.98,21467160,1318.98,-7.218626899268421
287,ADANIPORTS,2023-11-01,1398.91,1432.5,1223.96,1377.19,4374346,1377.19,4.413258730230929
288,ADANIPORTS,2023-12-01,1516.67,1572.97,1396.72,1525.52,11410154,1525.52,10.77048192333665
289,ADANIPORTS,2024-01-01,1546.37,1570.82,1494.55,1543.9,11762232,1543.9,1.204835072630983
290,ADANIPORTS,2024-02-01,1477.56,1646.94,1415.99,1488.01,26694593,1488.01,-3.6200531122482116
291,ADANIPORTS,2024-03-01,1627.38,1804.96,1536.39,1612.5,27933392,1612.5,8.366207216349352
292,ADANIPORTS,2024-04-01,1539.26,1604.06,1340.2,1511.59,28158611,1511.59,-6.2579844961240365
293,ADANIPORTS,2024-05-01,1572.44,1626.15,1479.37,1575.57,4924154,1575.57,4.232629218240391
294,ADANIPORTS,2024-06-01,1522.07,1644.46,1381.29,1504.29,33279095,1504.29,-4.524077000704507
295,ADANIPORTS,2024-07-01,1440.18,1590.06,1395.13,1420.74,27043860,1420.74,-5.554115230440937
296,ADANIPORTS,2024-08-01,1422.36,1502.74,1335.6,1407.98,4547309,1407.98,-0.898123513098803
297,ADANIPORTS,2024-09-01,1422.05,1570.97,1373.09,1433.34,1904402,1433.34,1.8011619483231156
298,ADANIPORTS,2024-10-01,1459.63,1490.43,1319.24,1434.56,4473373,1434.56,0.08511588318194097
299,ADANIPORTS,2024-11-01,1291.67,1360.14,1199.45,1290.86,30069657,1290.86,-10.017008699531571
300,ADANIPORTS,2024-12-01,1361.99,1492.38,1255.36,1343.11,49608684,1343.11,4.047689137474242
301,ADANIPOWER,2020-01-01,844.64,877.71,814.89,834.43,43416028,834.43,
302,ADANIPOWER,2020-02-01,834.57,919.01,765.37,837.82,4137872,837.82,0.40626535479311165
303,ADANIPOWER,2020-03-01,884.44,915.15,862.1,873.17,32084506,873.17,4.219283378291272
304,ADANIPOWER,2020-04-01,834.4,855.35,813.81,834.83,46145583,834.83,-4.390897534271665
305,ADANIPOWER,2020-05-01,899.91,939.5,853.74,912.82,19993285,912.82,9.342021728974759
306,ADANIPOWER,2020-06-01,938.6,1000.53,845.34,952.5,1388014,952.5,4.346968734252088
307,ADANIPOWER,2020-07-01,965.5,1077.46,895.35,965.26,15659625,965.26,1.3396325459317682
308,ADANIPOWER,2020-08-01,994.17,1064.26,896.61,1005.59,32077233,1005.59,4.178148892526368
309,ADANIPOWER,2020-09-01,1106.22,1137.61,982.52,1108.0,39060003,1108.0,10.184071042870357
310,ADANIPOWER,2020-10-01,1209.47,1219.79,1187.43,1200.11,2983249,1200.11,8.313176895306839
311,ADANIPOWER,2020-11-01,1191.14,1268.54,1035.79,1167.94,25520164,1167.94,-2.6805876128021433
312,ADANIPOWER,2020-12-01,1164.16,1273.73,1097.81,1158.42,15382055,1158.42,-0.8151103652584868
313,ADANIPOWER,2021-01-01,980.37,1016.69,970.19,992.5,22544253,992.5,-14.322957131265001
314,ADANIPOWER,2021-02-01,1067.95,1111.44,979.29,1058.06,41394140,1058.06,6.605541561712847
315,ADANIPOWER,2021-03-01,1017.06,1044.54,937.69,1032.04,38038462,1032.04,-2.459217813734571
316,ADANIPOWER,2021-04-01,872.79,942.67,796.96,881.92,704826,881.92,-14.545947831479399
317,ADANIPOWER,2021-05-01,902.18,909.57,836.78,889.93,22773428,889.93,0.908245645863559
318,ADANIPOWER,2021-06-01,923.24,949.09,868.12,929.76,7587428,929.76,4.475632914948369
319,ADANIPOWER,2021-07-01,940.0,977.13,858.21,929.41,23026393,929.41,-0.037644123214597425
320,ADANIPOWER,2021-08-01,1026.52,1145.98,1018.73,1034.15,39366478,1034.15,11.269515068699508
321,ADANIPOWER,2021-09-01,1023.1,1045.19,979.22,1006.92,2017474,1006.92,-2.633080307498925
322,ADANIPOWER,2021-10-01,1145.12,1195.8,1071.04,1127.3,33001760,1127.3,11.955269534819045
323,ADANIPOWER,2021-11-01,1238.27,1247.88,1149.38,1226.62,7593433,1226.62,8.810432005677281
324,ADANIPOWER,2021-12-01,1331.33,1443.63,1292.66,1353.81,2179477,1353.81,10.369144478322557
325,ADANIPOWER,2022-01-01,1350.39,1361.54,1178.94,1337.68,47829419,1337.68,-1.1914522717367926
326,ADANIPOWER,2022-02-01,1380.88,1432.61,1246.53,1365.88,17550191,1365.88,2.108127504335866
327,ADANIPOWER,2022-03-01,1307.42,1331.45,1152.49,1293.74,33049105,1293.74,-5.281576712449121
328,ADANIPOWER,2022-04-01,1373.57,1401.13,1189.64,1348.33,4200366,1348.33,4.219549523088095
329,ADANIPOWER,2022-05-01,1420.55,1555.93,1329.91,1442.4,10363794,1442.4,6.97677868177673
330,ADANIPOWER,2022-06-01,1393.01,1499.36,1342.92,1391.33,32230822,1391.33,-3.5406267332224184
331,ADANIPOWER,2022-07-01,1364.93,1510.72,1278.82,1351.52,29162890,1351.52,-2.8612909949472742
332,ADANIPOWER,2022-08-01,1430.96,1583.28,1371.45,1440.27,6491977,1440.27,6.56668047827631
333,ADANIPOWER,2022-09-01,1350.24,1443.98,1292.65,1364.39,47159484,1364.39,-5.268456608830285
334,ADANIPOWER,2022-10-01,1224.16,1245.5,1097.45,1217.06,44357552,1217.06,-10.798232177016843
335,ADANIPOWER,2022-11-01,1279.26,1427.41,1257.33,1292.06,45954434,1292.06,6.162391336499429
336,ADANIPOWER,2022-12-01,1271.3,1377.01,1172.43,1259.78,42115727,1259.78,-2.4983359905886737
337,ADANIPOWER,2023-01-01,1345.62,1361.52,1243.07,1322.49,49235020,1322.49,4.977853275968824
338,ADANIPOWER,2023-02-01,1441.74,1449.9,1283.27,1428.82,6673265,1428.82,8.040136409349019
339,ADANIPOWER,2023-03-01,1400.16,1489.55,1359.32,1397.79,36666797,1397.79,-2.1717221203510606
340,ADANIPOWER,2023-04-01,1464.75,1570.43,1367.33,1460.95,14947667,1460.95,4.518561443421398
341,ADANIPOWER,2023-05-01,1539.22,1664.91,1485.67,1541.59,8087574,1541.59,5.519696088161807
342,ADANIPOWER,2023-06-01,1623.59,1609.82,1444.4,1592.27,36350439,1592.27,3.287514838575767
343,ADANIPOWER,2023-07-01,1603.03,1743.88,1433.28,1588.22,27798738,1588.22,-0.25435384702342523
344,ADANIPOWER,2023-08-01,1540.34,1641.48,1371.79,1523.05,17833689,1523.05,-4.103335809900399
345,ADANIPOWER,2023-09-01,1507.88,1669.04,1348.84,1526.04,37312115,1526.04,0.1963166015560791
346,ADANIPOWER,2023-10-01,1520.98,1720.64,1419.96,1542.64,16413887,1542.64,1.0877827579879984
347,ADANIPOWER,2023-11-01,1639.36,1819.27,1495.77,1624.93,22485670,1624.93,5.334361873152504
348,ADANIPOWER,2023-12-01,1599.22,1777.32,1516.94,1604.83,19637132,1604.83,-1.2369763620586838
349,ADANIPOWER,2024-01-01,1472.85,1617.48,1312.17,1473.97,29451293,1473.97,-8.154134705856686
350,ADANIPOWER,2024-02-01,1604.31,1729.45,1419.75,1600.37,29041190,1600.37,8.57547982659077
351,ADANIPOWER,2024-03-01,1837.92,1967.48,1757.27,1814.33,13564053,1814.33,13.369408324325004
352,ADANIPOWER,2024-04-01,1950.99,2091.3,1744.98,1964.01,3021691,1964.01,8.249877365198177
353,ADANIPOWER,2024-05-01,2036.59,2265.57,1935.37,2065.72,22065929,2065.72,5.178690536198882
354,ADANIPOWER,2024-06-01,2180.14,2306.42,2045.46,2204.78,4521161,2204.78,6.73179327304767
355,ADANIPOWER,2024-07-01,2419.39,2717.84,2384.91,2427.03,32164003,2427.03,10.080370830649766
356,ADANIPOWER,2024-08-01,2534.0,2746.57,2457.77,2543.16,6004975,2543.16,4.784860508522737
357,ADANIPOWER,2024-09-01,2497.96,2694.93,2372.78,2511.8,9305365,2511.8,-1.2331115619937272
358,ADANIPOWER,2024-10-01,2736.84,2827.4,2384.67,2701.0,1307169,2701.0,7.532446850863916
359,ADANIPOWER,2024-11-01,2743.1,2868.75,2705.39,2750.84,13038908,2750.84,1.845242502776756
360,ADANIPOWER,2024-12-01,2516.57,2750.04,2418.37,2486.47,9386460,2486.47,-9.61051896875138
361,AMBUJACEM,2020-01-01,317.15,325.03,281.95,317.2,36424171,317.2,
362,AMBUJACEM,2020-02-01,262.08,281.13,255.14,265.7,38299093,265.7,-16.235813366960905
363,AMBUJACEM,2020-03-01,248.09,275.83,240.39,252.45,47835069,252.45,-4.986827248776815
364,AMBUJACEM,2020-04-01,256.91,263.77,236.45,259.54,13159113,259.54,2.808476926124004
365,AMBUJACEM,2020-05-01,261.47,268.93,249.18,258.61,22542018,258.61,-0.3583262695538325
366,AMBUJACEM,2020-06-01,262.23,271.48,249.18,266.9,1777318,266.9,3.2055991647654603
367,AMBUJACEM,2020-07-01,232.26,241.87,225.89,230.74,1188987,230.74,-13.548145372798793
368,AMBUJACEM,2020-08-01,240.9,273.74,230.97,245.29,46847440,245.29,6.305798734506363
369,AMBUJACEM,2020-09-01,226.13,245.06,222.04,224.75,12900850,224.75,-8.373761669860158
370,AMBUJACEM,2020-10-01,224.01,226.85,207.15,219.86,23250231,219.86,-2.1757508342602816
371,AMBUJACEM,2020-11-01,198.75,205.28,180.0,200.75,11343314,200.75,-8.6918948421723
372,AMBUJACEM,2020-12-01,213.45,239.24,204.16,216.79,26217206,216.79,7.990037359900359
373,AMBUJACEM,2021-01-01,220.78,228.45,215.07,224.53,27222557,224.53,3.570275381705801
374,AMBUJACEM,2021-02-01,240.33,250.38,220.37,236.12,8372149,236.12,5.161893733576806
375,AMBUJACEM,2021-03-01,245.11,259.55,226.39,244.66,32583576,244.66,3.616805014399449
376,AMBUJACEM,2021-04-01,259.96,264.77,243.81,260.38,40339540,260.38,6.425243194637464
377,AMBUJACEM,2021-05-01,253.09,260.0,231.73,252.89,37861900,252.89,-2.876565020354871
378,AMBUJACEM,2021-06-01,246.9,251.21,237.59,243.29,43991134,243.29,-3.796116888765866
379,AMBUJACEM,2021-07-01,237.27,270.05,233.0,241.47,1455654,241.47,-0.7480784249249806
380,AMBUJACEM,2021-08-01,221.22,234.74,216.81,221.23,26981219,221.23,-8.381993622396156
381,AMBUJACEM,2021-09-01,231.64,250.25,209.64,227.41,38803031,227.41,2.793472856303403
382,AMBUJACEM,2021-10-01,222.0,226.54,205.73,219.43,14428184,219.43,-3.509080515368712
383,AMBUJACEM,2021-11-01,246.61,270.37,227.46,246.29,45762994,246.29,12.240805723921056
384,AMBUJACEM,2021-12-01,262.77,271.96,253.21,264.71,39683741,264.71,7.478988184660351
385,AMBUJACEM,2022-01-01,258.39,269.97,256.36,262.04,32749198,262.04,-1.0086509765403484
386,AMBUJACEM,2022-02-01,262.26,273.41,244.8,258.31,4264857,258.31,-1.4234468020149715
387,AMBUJACEM,2022-03-01,263.03,291.68,241.93,261.27,49207104,261.27,1.1459099531570427
388,AMBUJACEM,2022-04-01,285.19,308.85,256.92,286.02,44108195,286.02,9.472959007922842
389,AMBUJACEM,2022-05-01,312.12,336.82,302.43,309.26,4062388,309.26,8.125305922662761
390,AMBUJACEM,2022-06-01,360.99,371.44,351.18,360.4,40971269,360.4,16.536247817370487
391,AMBUJACEM,2022-07-01,340.3,363.4,332.11,342.24,23017333,342.24,-5.03884572697002
392,AMBUJACEM,2022-08-01,364.26,392.83,358.41,369.07,16826881,369.07,7.83952781673678
393,AMBUJACEM,2022-09-01,389.0,399.62,354.74,391.38,7184402,391.38,6.0449237272062195
394,AMBUJACEM,2022-10-01,410.1,432.43,392.77,408.13,32592264,408.13,4.279728141448214
395,AMBUJACEM,2022-11-01,430.13,463.66,431.29,436.66,31743692,436.66,6.9904197192071305
396,AMBUJACEM,2022-12-01,422.32,465.98,393.52,429.72,34347727,429.72,-1.5893372417899454
397,AMBUJACEM,2023-01-01,443.84,456.76,428.99,441.32,14035876,441.32,2.6994321884017403
398,AMBUJACEM,2023-02-01,433.83,476.77,410.96,438.87,15335002,438.87,-0.5551527236472342
399,AMBUJACEM,2023-03-01,459.81,505.14,440.47,456.8,39443522,456.8,4.085492287009829
400,AMBUJACEM,2023-04-01,467.41,484.3,456.86,466.29,33569542,466.29,2.0774956217162854
401,AMBUJACEM,2023-05-01,465.0,495.57,455.6,467.24,27377746,467.24,0.20373587252568992
402,AMBUJACEM,2023-06-01,436.45,496.81,396.65,444.59,21185166,444.59,-4.84761578631967
403,AMBUJACEM,2023-07-01,465.42,476.58,446.18,457.89,14681689,457.89,2.9915202771092497
404,AMBUJACEM,2023-08-01,476.36,511.17,452.99,467.7,998527,467.7,2.1424359562340234
405,AMBUJACEM,2023-09-01,439.22,491.29,406.41,446.13,43650416,446.13,-4.611930724823599
406,AMBUJACEM,2023-10-01,474.71,521.59,450.63,479.66,4917070,479.66,7.515746531280132
407,AMBUJACEM,2023-11-01,480.03,504.77,457.68,483.9,14932166,483.9,0.8839594712921617
408,AMBUJACEM,2023-12-01,486.7,523.97,424.89,479.94,45154460,479.94,-0.818350898946063
409,AMBUJACEM,2024-01-01,506.76,567.49,461.09,512.1,4040561,512.1,6.7008376047005935
410,AMBUJACEM,2024-02-01,581.07,625.28,503.58,569.78,29182061,569.78,11.263425112282754
411,AMBUJACEM,2024-03-01,568.97,587.7,561.38,577.87,29989027,577.87,1.4198462564498637
412,AMBUJACEM,2024-04-01,632.16,636.62,611.5,623.94,33493093,623.94,7.972381331441336
413,AMBUJACEM,2024-05-01,635.61,679.92,590.98,637.28,15915634,637.28,2.138026092252443
414,AMBUJACEM,2024-06-01,680.38,746.79,645.24,681.92,44636912,681.92,7.0047702736630635
415,AMBUJACEM,2024-07-01,755.08,811.38,722.48,754.71,11947930,754.71,10.674272641952154
416,AMBUJACEM,2024-08-01,826.8,839.44,757.94,821.8,24434586,821.8,8.88950722794184
417,AMBUJACEM,2024-09-01,821.74,912.84,782.32,836.09,31741791,836.09,1.7388659041129406
418,AMBUJACEM,2024-10-01,856.27,905.25,802.18,872.12,23677418,872.12,4.3093446877728425
419,AMBUJACEM,2024-11-01,847.94,958.69,786.66,858.38,24153848,858.38,-1.5754712654221903
420,AMBUJACEM,2024-12-01,831.85,895.46,757.21,831.3,10428929,831.3,-3.154779934294838
421,APOLLOHOSP,2020-01-01,4264.95,4723.14,4055.03,4300.47,25682119,4300.47,
422,APOLLOHOSP,2020-02-01,4168.83,4616.18,3832.68,4149.4,4445929,4149.4,-3.5128718488909527
423,APOLLOHOSP,2020-03-01,4144.73,4382.06,4013.46,4111.46,24727974,4111.46,-0.9143490625150519
424,APOLLOHOSP,2020-04-01,3939.52,4427.83,3538.68,3956.21,13809103,3956.21,-3.776030898999383
425,APOLLOHOSP,2020-05-01,3540.55,3959.63,3419.85,3567.75,30434470,3567.75,-9.81899343058129
426,APOLLOHOSP,2020-06-01,3199.24,3592.77,3215.54,3264.32,41077794,3264.32,-8.504799943942254
427,APOLLOHOSP,2020-07-01,3226.26,3325.12,2839.04,3202.35,30229393,3202.35,-1.8984045681796013
428,APOLLOHOSP,2020-08-01,3245.49,3336.3,3008.83,3262.58,22866201,3262.58,1.880806282886005
429,APOLLOHOSP,2020-09-01,3234.98,3555.28,2888.83,3253.88,4100982,3253.88,-0.266660127874252
430,APOLLOHOSP,2020-10-01,3076.6,3445.1,2949.96,3093.69,33965630,3093.69,-4.923045717727758
431,APOLLOHOSP,2020-11-01,3152.76,3354.74,3045.63,3106.32,30667416,3106.32,0.4082503418248118
432,APOLLOHOSP,2020-12-01,3086.43,3422.44,2805.65,3140.9,45132420,3140.9,1.1132143500991454
433,APOLLOHOSP,2021-01-01,2955.11,2990.15,2739.22,2956.77,14822531,2956.77,-5.862332452481778
434,APOLLOHOSP,2021-02-01,3012.65,3226.48,2659.39,3005.6,6237864,3005.6,1.6514642667505353
435,APOLLOHOSP,2021-03-01,3254.76,3530.74,3175.83,3263.91,34655392,3263.91,8.59429065743944
436,APOLLOHOSP,2021-04-01,3163.06,3389.66,2846.41,3126.92,15385043,3126.92,-4.197113278246023
437,APOLLOHOSP,2021-05-01,3409.99,3762.97,3331.66,3419.43,45840098,3419.43,9.354572550624884
438,APOLLOHOSP,2021-06-01,3416.08,3555.69,3211.94,3402.33,18621503,3402.33,-0.5000833472245336
439,APOLLOHOSP,2021-07-01,3594.99,3833.87,3276.42,3647.13,21583413,3647.13,7.195069261359133
440,APOLLOHOSP,2021-08-01,3855.56,4354.27,3608.07,3930.16,7807541,3930.16,7.7603485480364
441,APOLLOHOSP,2021-09-01,4246.14,4481.53,3798.78,4278.45,20540481,4278.45,8.861980173835171
442,APOLLOHOSP,2021-10-01,4626.71,5074.85,4429.79,4679.51,18293227,4679.51,9.373955521275246
443,APOLLOHOSP,2021-11-01,4629.71,5123.35,4225.58,4718.89,24330926,4718.89,0.8415411015255891
444,APOLLOHOSP,2021-12-01,4756.05,5163.26,4777.77,4845.4,19271914,4845.4,2.680927082428264
445,APOLLOHOSP,2022-01-01,4860.09,5002.54,4296.49,4868.17,37835059,4868.17,0.46993024311718923
446,APOLLOHOSP,2022-02-01,4896.47,5009.86,4707.83,4808.77,5895334,4808.77,-1.2201710293601065
447,APOLLOHOSP,2022-03-01,5015.14,5443.99,4910.96,5057.95,49202256,5057.95,5.181782451645622
448,APOLLOHOSP,2022-04-01,4975.26,5586.69,4620.88,5007.23,19337044,5007.23,-1.0027778052373093
449,APOLLOHOSP,2022-05-01,4761.31,5031.77,4414.75,4698.6,38118900,4698.6,-6.163687308152399
450,APOLLOHOSP,2022-06-01,4727.43,5065.61,4370.74,4785.89,13040811,4785.89,1.8577874260417904
451,APOLLOHOSP,2022-07-01,4756.23,4975.58,4719.93,4785.46,27929670,4785.46,-0.008984744739226613
452,APOLLOHOSP,2022-08-01,4721.49,5044.7,4205.96,4697.77,22257783,4697.77,-1.8324257229189955
453,APOLLOHOSP,2022-09-01,4042.73,4512.6,3938.15,4031.54,31207957,4031.54,-14.181835211174675
454,APOLLOHOSP,2022-10-01,3928.94,4315.98,3610.99,4002.68,19817373,4002.68,-0.7158554795438032
455,APOLLOHOSP,2022-11-01,4719.33,4841.74,4612.48,4677.77,45481785,4677.77,16.86594981362488
456,APOLLOHOSP,2022-12-01,4352.71,4598.19,4198.14,4302.71,6619551,4302.71,-8.017923070180888
457,APOLLOHOSP,2023-01-01,4353.19,4593.3,4311.37,4415.22,47207700,4415.22,2.614863655696076
458,APOLLOHOSP,2023-02-01,4431.98,4634.47,4315.63,4368.46,24222031,4368.46,-1.059063874506827
459,APOLLOHOSP,2023-03-01,3929.5,4110.98,3561.97,3947.42,38113729,3947.42,-9.638179129487279
460,APOLLOHOSP,2023-04-01,4348.44,4569.66,4003.58,4285.77,28906223,4285.77,8.57142133342792
461,APOLLOHOSP,2023-05-01,4393.22,4750.39,4159.61,4314.51,28719094,4314.51,0.6705912823133264
462,APOLLOHOSP,2023-06-01,4420.79,4573.62,3953.05,4431.58,42712702,4431.58,2.713401985393471
463,APOLLOHOSP,2023-07-01,4629.42,4999.43,4549.86,4633.72,1053893,4633.72,4.561352835783183
464,APOLLOHOSP,2023-08-01,3806.08,4193.38,3706.12,3862.56,34657368,3862.56,-16.642352149029293
465,APOLLOHOSP,2023-09-01,3743.26,4038.04,3347.6,3676.0,10614177,3676.0,-4.829957333996104
466,APOLLOHOSP,2023-10-01,3453.25,3445.88,3373.57,3408.47,33873382,3408.47,-7.27774755168662
467,APOLLOHOSP,2023-11-01,3629.47,3919.23,3216.37,3590.84,37696053,3590.84,5.350494503398906
468,APOLLOHOSP,2023-12-01,3754.95,4046.12,3604.42,3737.96,42311479,3737.96,4.0970914883425635
469,APOLLOHOSP,2024-01-01,3703.96,3839.28,3486.05,3769.39,20414613,3769.39,0.8408329677149995
470,APOLLOHOSP,2024-02-01,3672.24,3782.14,3218.77,3607.64,40430936,3607.64,-4.291145251618966
471,APOLLOHOSP,2024-03-01,3260.62,3293.51,3023.85,3233.83,39746325,3233.83,-10.361621447816304
472,APOLLOHOSP,2024-04-01,3280.47,3358.9,2937.17,3307.55,20203376,3307.55,2.2796498269853416
473,APOLLOHOSP,2024-05-01,3239.78,3501.63,3131.29,3187.99,20314624,3187.99,-3.6147601699142995
474,APOLLOHOSP,2024-06-01,3057.17,3178.0,2834.6,3040.08,11378846,3040.08,-4.639600500628916
475,APOLLOHOSP,2024-07-01,3129.32,3233.51,2931.23,3081.42,6233741,3081.42,1.3598326359832713
476,APOLLOHOSP,2024-08-01,3179.3,3370.22,2940.26,3163.51,29334652,3163.51,2.6640315179365492
477,APOLLOHOSP,2024-09-01,3274.28,3353.38,3100.81,3234.94,41144486,3234.94,2.2579350152204247
478,APOLLOHOSP,2024-10-01,3206.8,3396.36,2972.74,3171.87,7229510,3171.87,-1.949649761664829
479,APOLLOHOSP,2024-11-01,3141.7,3330.73,2861.96,3198.72,31514929,3198.72,0.8465037974443979
480,APOLLOHOSP,2024-12-01,2892.47,3158.18,2645.24,2891.18,106721,2891.18,-9.614470788315321
481,ASIANPAINT,2020-01-01,3025.12,3302.85,2637.96,2996.25,12416511,2996.25,
482,ASIANPAINT,2020-02-01,3026.06,3190.91,2721.85,3054.11,18075672,3054.11,1.9310805173133216
483,ASIANPAINT,2020-03-01,3046.54,3287.48,2931.76,2997.39,21747489,2997.39,-1.8571695191070492
484,ASIANPAINT,2020-04-01,3208.44,3348.64,3140.19,3184.62,4555547,3184.62,6.246434397926204
485,ASIANPAINT,2020-05-01,2713.82,2969.39,2633.36,2750.46,317727,2750.46,-13.633023720255476
486,ASIANPAINT,2020-06-01,2784.58,2999.51,2627.12,2755.8,48305770,2755.8,0.19414934229184944
487,ASIANPAINT,2020-07-01,2814.16,2917.74,2494.69,2798.02,39113010,2798.02,1.5320415124464581
488,ASIANPAINT,2020-08-01,2859.17,2902.87,2629.27,2859.13,47844310,2859.13,2.184044431419374
489,ASIANPAINT,2020-09-01,2592.76,2727.09,2430.3,2640.03,18553681,2640.03,-7.663170265080632
490,ASIANPAINT,2020-10-01,2334.98,2520.16,2131.89,2302.71,41126776,2302.71,-12.777127532641675
491,ASIANPAINT,2020-11-01,2428.86,2561.11,2355.79,2411.7,10865459,2411.7,4.733118803496739
492,ASIANPAINT,2020-12-01,2284.8,2445.56,2072.28,2271.03,6916385,2271.03,-5.832815026744608
493,ASIANPAINT,2021-01-01,2149.07,2351.28,2008.75,2175.24,35689023,2175.24,-4.217909935139586
494,ASIANPAINT,2021-02-01,2302.44,2596.83,2136.71,2343.87,18452520,2343.87,7.752248027803832
495,ASIANPAINT,2021-03-01,2361.59,2466.65,2306.39,2373.07,833200,2373.07,1.2458028815591327
496,ASIANPAINT,2021-04-01,2246.32,2360.29,1988.4,2254.1,6305983,2254.1,-5.013337153981978
497,ASIANPAINT,2021-05-01,1927.33,2062.12,1824.84,1930.1,595198,1930.1,-14.37380772813983
498,ASIANPAINT,2021-06-01,1912.77,2150.81,1806.04,1927.28,33909359,1927.28,-0.14610641935650648
499,ASIANPAINT,2021-07-01,1990.06,2165.93,2003.63,2029.27,6364955,2029.27,5.291913992777397
500,ASIANPAINT,2021-08-01,2116.97,2339.42,2070.31,2137.01,6098340,2137.01,5.309298417657593
501,ASIANPAINT,2021-09-01,2154.05,2276.3,1999.66,2171.44,167545,2171.44,1.6111295688836291
502,ASIANPAINT,2021-10-01,2349.33,2589.23,2364.22,2394.97,42368335,2394.97,10.294090557418102
503,ASIANPAINT,2021-11-01,2424.56,2678.05,2273.69,2443.83,19960464,2443.83,2.0401090619089235
504,ASIANPAINT,2021-12-01,2502.44,2547.18,2266.42,2504.04,12405521,2504.04,2.463755662218725
505,ASIANPAINT,2022-01-01,2531.21,2543.61,2466.01,2502.66,47141943,2502.66,-0.05511094071980471
506,ASIANPAINT,2022-02-01,2730.03,3107.78,2610.24,2777.17,48142140,2777.17,10.968729272054546
507,ASIANPAINT,2022-03-01,2624.16,2676.81,2323.76,2594.96,31158440,2594.96,-6.560995545825432
508,ASIANPAINT,2022-04-01,2538.68,2710.81,2262.77,2524.95,40575076,2524.95,-2.697922125967267
509,ASIANPAINT,2022-05-01,2766.26,2897.29,2560.81,2789.64,45882543,2789.64,10.48297986098734
510,ASIANPAINT,2022-06-01,2601.27,2810.99,2589.16,2647.63,35415295,2647.63,-5.090621012030216
511,ASIANPAINT,2022-07-01,2515.2,2604.39,2504.27,2541.44,26530020,2541.44,-4.010756790034864
512,ASIANPAINT,2022-08-01,2859.48,3073.23,2754.94,2885.48,3904336,2885.48,13.537207252581208
513,ASIANPAINT,2022-09-01,2844.56,3085.28,2674.4,2883.1,2290607,2883.1,-0.0824819440786273
514,ASIANPAINT,2022-10-01,3192.71,3335.27,2843.96,3149.42,2593953,3149.42,9.237279317401415
515,ASIANPAINT,2022-11-01,3161.16,3458.35,2794.97,3099.8,47576347,3099.8,-1.5755281924925812
516,ASIANPAINT,2022-12-01,3209.1,3526.34,3201.14,3240.26,28520035,3240.26,4.531260081295563
517,ASIANPAINT,2023-01-01,3620.78,3732.36,3477.26,3666.22,49060774,3666.22,13.145858665662624
518,ASIANPAINT,2023-02-01,3465.66,3733.75,3334.52,3403.02,47190709,3403.02,-7.179056357774483
519,ASIANPAINT,2023-03-01,3554.79,3852.82,3163.8,3524.01,23897315,3524.01,3.555371405398744
520,ASIANPAINT,2023-04-01,3515.22,3695.88,3386.8,3563.3,33363363,3563.3,1.114923056404482
521,ASIANPAINT,2023-05-01,3893.84,4170.31,3451.5,3916.24,551019,3916.24,9.904863469256009
522,ASIANPAINT,2023-06-01,3994.06,4490.84,3655.88,4038.96,31754748,4038.96,3.1336179600841785
523,ASIANPAINT,2023-07-01,4212.32,4680.3,3823.04,4293.17,21492230,4293.17,6.293946956642316
524,ASIANPAINT,2023-08-01,4184.01,4485.05,4020.77,4219.65,6013280,4219.65,-1.7124875092297875
525,ASIANPAINT,2023-09-01,4427.42,4980.99,3938.21,4450.26,38074295,4450.26,5.465145213465594
526,ASIANPAINT,2023-10-01,4526.57,4682.79,4281.72,4446.37,45929478,4446.37,-0.0874106231995464
527,ASIANPAINT,2023-11-01,3970.29,4378.71,3623.97,3992.87,28247294,3992.87,-10.199331139783684
528,ASIANPAINT,2023-12-01,4345.68,4625.64,3874.3,4274.18,9660487,4274.18,7.045308261976979
529,ASIANPAINT,2024-01-01,4264.45,4468.75,3820.61,4320.58,1897339,4320.58,1.085588346770594
530,ASIANPAINT,2024-02-01,4129.93,4550.14,3750.42,4116.49,47527912,4116.49,-4.72367135893792
531,ASIANPAINT,2024-03-01,4618.51,4956.33,4476.08,4645.81,14196553,4645.81,12.85852753195078
532,ASIANPAINT,2024-04-01,4242.53,4717.41,4188.61,4256.24,44638655,4256.24,-8.38540534373986
533,ASIANPAINT,2024-05-01,4212.67,4542.38,3850.34,4266.23,29597402,4266.23,0.23471420784542119
534,ASIANPAINT,2024-06-01,4615.16,4913.93,4573.87,4695.71,10433082,4695.71,10.066967791234905
535,ASIANPAINT,2024-07-01,4040.0,4406.62,3896.46,4008.95,16676332,4008.95,-14.625264337022525
536,ASIANPAINT,2024-08-01,4158.49,4485.37,3900.29,4096.89,7664594,4096.89,2.19359183826191
537,ASIANPAINT,2024-09-01,3739.97,3910.77,3271.88,3700.66,6480553,3700.66,-9.671482514785612
538,ASIANPAINT,2024-10-01,3740.79,3846.73,3526.13,3808.64,26173258,3808.64,2.917857895618625
539,ASIANPAINT,2024-11-01,3665.47,3725.46,3167.06,3598.27,36494305,3598.27,-5.523493950596537
540,ASIANPAINT,2024-12-01,3447.21,3517.71,3239.82,3399.83,37120626,3399.83,-5.514872424804141
541,ATGL,2020-01-01,3181.36,3369.93,3088.31,3222.4,40857295,3222.4,
542,ATGL,2020-02-01,3184.2,3282.31,3058.69,3123.62,40354006,3123.62,-3.0654170804369496
543,ATGL,2020-03-01,3048.29,3271.0,2898.98,3042.87,4014945,3042.87,-2.5851415985299164
544,ATGL,2020-04-01,3344.15,3626.37,2994.37,3332.99,39053522,3332.99,9.534419807615823
545,ATGL,2020-05-01,3440.8,3645.41,3351.6,3496.39,37974363,3496.39,4.902504958010678
546,ATGL,2020-06-01,3271.73,3429.98,3010.14,3216.03,18527110,3216.03,-8.01855628233692
547,ATGL,2020-07-01,3377.42,3648.18,3119.38,3351.33,46057626,3351.33,4.207050307366522
548,ATGL,2020-08-01,3607.11,3884.71,3473.49,3563.34,13776172,3563.34,6.326145142376327
549,ATGL,2020-09-01,3507.61,3642.86,3436.59,3479.61,42841207,3479.61,-2.349761740389633
550,ATGL,2020-10-01,3284.22,3580.26,3093.64,3284.72,47359824,3284.72,-5.6009150450769045
551,ATGL,2020-11-01,3043.49,3401.74,2980.76,3102.41,19279316,3102.41,-5.550244769721624
552,ATGL,2020-12-01,3118.96,3374.52,2697.86,3061.37,35214619,3061.37,-1.3228425643290187
553,ATGL,2021-01-01,2865.74,3059.44,2728.46,2813.18,27366872,2813.18,-8.107154639916114
554,ATGL,2021-02-01,2821.39,2824.67,2601.75,2781.05,35950851,2781.05,-1.1421238598312122
555,ATGL,2021-03-01,2933.2,3095.63,2670.15,2890.96,6672579,2890.96,3.9521044209920753
556,ATGL,2021-04-01,2870.65,2905.85,2585.58,2828.63,14573272,2828.63,-2.1560312145446514
557,ATGL,2021-05-01,3077.23,3150.84,2881.12,3036.8,28630124,3036.8,7.359393063072939
558,ATGL,2021-06-01,3122.59,3528.3,2802.29,3179.59,33733593,3179.59,4.701988935721801
559,ATGL,2021-07-01,2853.46,2998.19,2639.35,2872.53,31102493,2872.53,-9.65721995603207
560,ATGL,2021-08-01,3005.41,3240.91,2747.32,2971.68,3510824,2971.68,3.4516610792576508
561,ATGL,2021-09-01,2891.21,3154.02,2663.43,2905.87,2923624,2905.87,-2.2145722285037417
562,ATGL,2021-10-01,2651.2,2937.6,2506.94,2637.24,33606809,2637.24,-9.244391524741303
563,ATGL,2021-11-01,2583.37,2848.08,2322.95,2606.69,13964853,2606.69,-1.158408032640179
564,ATGL,2021-12-01,2427.17,2564.87,2395.87,2425.36,3468377,2425.36,-6.956331592939701
565,ATGL,2022-01-01,2401.25,2636.35,2313.4,2416.09,21194158,2416.09,-0.3822113005904293
566,ATGL,2022-02-01,2304.7,2430.2,2096.56,2306.26,10346113,2306.26,-4.545774370987832
567,ATGL,2022-03-01,2164.51,2382.84,2172.13,2201.76,30221496,2201.76,-4.531145664409042
568,ATGL,2022-04-01,2057.03,2129.45,2059.07,2091.15,14934810,2091.15,-5.023708306082408
569,ATGL,2022-05-01,2365.22,2510.89,2111.69,2322.03,854023,2322.03,11.040814862635395
570,ATGL,2022-06-01,2543.15,2627.21,2416.45,2532.01,35360830,2532.01,9.042949488163377
571,ATGL,2022-07-01,2349.16,2567.57,2327.77,2386.79,47342013,2386.79,-5.73536439429545
572,ATGL,2022-08-01,2314.18,2340.88,2242.62,2279.26,36853107,2279.26,-4.505214116030309
573,ATGL,2022-09-01,2309.83,2560.71,2249.05,2355.49,20466769,2355.49,3.3445065503715954
574,ATGL,2022-10-01,2231.69,2354.02,1989.6,2191.57,22567686,2191.57,-6.959061596525551
575,ATGL,2022-11-01,2323.73,2433.92,2252.64,2361.33,48852647,2361.33,7.746045072710417
576,ATGL,2022-12-01,2360.84,2363.13,2168.59,2337.62,4722011,2337.62,-1.0040951497672923
577,ATGL,2023-01-01,2296.55,2432.64,2173.38,2342.55,36200046,2342.55,0.21089826404634415
578,ATGL,2023-02-01,2456.47,2667.84,2351.68,2482.08,31920643,2482.08,5.956329640776059
579,ATGL,2023-03-01,2384.69,2509.63,2374.9,2432.0,36962285,2432.0,-2.017662605556625
580,ATGL,2023-04-01,2469.57,2587.87,2254.23,2494.76,13613235,2494.76,2.5805921052631575
581,ATGL,2023-05-01,2467.61,2737.03,2375.99,2509.66,33676296,2509.66,0.5972518398563276
582,ATGL,2023-06-01,2458.33,2705.26,2359.59,2426.97,40274006,2426.97,-3.294868627622871
583,ATGL,2023-07-01,2485.74,2541.17,2333.89,2462.3,37169786,2462.3,1.4557246278281255
584,ATGL,2023-08-01,2640.35,2771.56,2304.61,2596.65,18618535,2596.65,5.45628071315436
585,ATGL,2023-09-01,2808.36,2900.19,2568.08,2789.79,44777769,2789.79,7.438045173589036
586,ATGL,2023-10-01,3181.02,3523.82,2988.36,3213.37,31549336,3213.37,15.18322167618351
587,ATGL,2023-11-01,3074.12,3312.28,2976.71,3128.69,46820403,3128.69,-2.6352396393817035
588,ATGL,2023-12-01,3416.14,3833.53,3176.82,3482.74,22251580,3482.74,11.316237786421791
589,ATGL,2024-01-01,3467.27,3579.87,3290.43,3522.87,46362820,3522.87,1.1522536853167287
590,ATGL,2024-02-01,3122.1,3448.93,2916.11,3152.33,32793168,3152.33,-10.518128684850703
591,ATGL,2024-03-01,3178.9,3186.68,2819.3,3131.09,33244547,3131.09,-0.6737873255655225
592,ATGL,2024-04-01,3083.62,3419.45,2971.04,3109.85,5610549,3109.85,-0.678358015898628
593,ATGL,2024-05-01,2921.28,3134.32,2758.96,2938.47,17908610,2938.47,-5.510876730388925
594,ATGL,2024-06-01,2869.04,3107.78,2728.69,2822.33,15459012,2822.33,-3.952396995715457
595,ATGL,2024-07-01,2871.89,2967.9,2647.15,2829.3,47061928,2829.3,0.2469590728228166
596,ATGL,2024-08-01,2913.62,2975.26,2689.52,2913.26,27713222,2913.26,2.9675184674654576
597,ATGL,2024-09-01,3036.49,3260.57,2922.95,3006.62,42952337,3006.62,3.204657325470417
598,ATGL,2024-10-01,3000.83,3153.91,2822.66,2980.13,8102233,2980.13,-0.8810558035268756
599,ATGL,2024-11-01,3047.32,3218.88,2776.36,3109.26,8347696,3109.26,4.333032451604457
600,ATGL,2024-12-01,2928.75,3233.39,2851.88,2968.97,25795174,2968.97,-4.512006072184393
601,AXISBANK,2020-01-01,147.58,150.12,132.91,146.95,26009306,146.95,
602,AXISBANK,2020-02-01,135.86,142.4,121.71,137.32,19612540,137.32,-6.553249404559369
603,AXISBANK,2020-03-01,148.26,155.31,136.4,147.11,27091159,147.11,7.129332944946132
604,AXISBANK,2020-04-01,166.42,181.58,150.12,167.01,25055626,167.01,13.52729250220921
605,AXISBANK,2020-05-01,169.33,183.76,153.51,171.97,30321330,171.97,2.969882042991445
606,AXISBANK,2020-06-01,181.07,191.85,164.12,183.22,34634474,183.22,6.541838692795254
607,AXISBANK,2020-07-01,190.74,200.81,182.02,194.49,21021655,194.49,6.151075210129897
608,AXISBANK,2020-08-01,194.17,212.53,171.93,193.7,23765325,193.7,-0.406190549642671
609,AXISBANK,2020-09-01,212.96,220.7,187.37,212.65,36199838,212.65,9.783169850283958
610,AXISBANK,2020-10-01,227.36,250.7,220.75,227.5,42181975,227.5,6.98330590171643
611,AXISBANK,2020-11-01,248.49,259.34,220.31,244.74,42763203,244.74,7.578021978021976
612,AXISBANK,2020-12-01,240.89,252.59,211.42,238.0,19452521,238.0,-2.753942959875788
613,AXISBANK,2021-01-01,240.17,243.93,234.14,239.77,19531306,239.77,0.7436974789916118
614,AXISBANK,2021-02-01,238.86,271.31,215.62,243.0,32451068,243.0,1.3471243274804978
615,AXISBANK,2021-03-01,261.05,278.1,260.22,262.93,27997058,262.93,8.201646090534975
616,AXISBANK,2021-04-01,253.35,266.62,236.8,257.8,18689410,257.8,-1.9510896436313874
617,AXISBANK,2021-05-01,246.09,273.49,239.03,251.02,35467406,251.02,-2.6299456943366994
618,AXISBANK,2021-06-01,215.95,227.79,209.91,220.31,24251069,220.31,-12.234084933471435
619,AXISBANK,2021-07-01,231.2,246.64,204.46,230.43,38349100,230.43,4.593527302437472
620,AXISBANK,2021-08-01,242.15,265.21,232.95,241.98,40169803,241.98,5.01236818122639
621,AXISBANK,2021-09-01,247.29,269.94,240.74,250.35,8577062,250.35,3.458963550706673
622,AXISBANK,2021-10-01,242.4,265.81,230.92,239.91,45420601,239.91,-4.170161773517078
623,AXISBANK,2021-11-01,263.12,295.55,251.76,266.78,31656327,266.78,11.200033345838012
624,AXISBANK,2021-12-01,283.19,304.41,274.8,286.6,13620040,286.6,7.42934252942502
625,AXISBANK,2022-01-01,270.81,279.84,250.9,270.73,45401141,270.73,-5.537334263782279
626,AXISBANK,2022-02-01,259.47,268.69,231.62,260.69,34838191,260.69,-3.708491855354046
627,AXISBANK,2022-03-01,268.73,297.76,246.85,271.29,34648710,271.29,4.066132187655835
628,AXISBANK,2022-04-01,288.1,323.72,276.24,290.78,16293138,290.78,7.184194035902514
629,AXISBANK,2022-05-01,306.08,314.46,287.53,304.1,13305287,304.1,4.580782722333043
630,AXISBANK,2022-06-01,286.22,318.72,279.87,289.84,38066481,289.84,-4.689246958237437
631,AXISBANK,2022-07-01,294.41,312.29,275.74,297.27,1654339,297.27,2.5634833011316527
632,AXISBANK,2022-08-01,291.3,294.61,283.86,290.63,12245494,290.63,-2.2336596360211236
633,AXISBANK,2022-09-01,293.14,308.64,288.93,295.2,44417097,295.2,1.572446065444022
634,AXISBANK,2022-10-01,297.53,325.51,290.43,293.49,41288241,293.49,-0.5792682926829218
635,AXISBANK,2022-11-01,302.57,309.99,271.3,304.68,49944741,304.68,3.812736379433712
636,AXISBANK,2022-12-01,285.23,305.47,270.92,279.66,42915361,279.66,-8.211894446632527
637,AXISBANK,2023-01-01,266.1,268.71,244.07,265.4,39208538,265.4,-5.099048845026122
638,AXISBANK,2023-02-01,259.03,275.89,251.48,264.16,11677707,264.16,-0.4672192916352458
639,AXISBANK,2023-03-01,277.99,302.63,244.65,276.67,41872269,276.67,4.735766202301628
640,AXISBANK,2023-04-01,302.54,323.19,286.03,301.49,43235219,301.49,8.970976253298147
641,AXISBANK,2023-05-01,305.77,335.76,285.22,307.13,35399110,307.13,1.8707088128959493
642,AXISBANK,2023-06-01,315.97,321.57,293.76,310.64,46416286,310.64,1.1428385374271377
643,AXISBANK,2023-07-01,322.52,331.27,317.24,320.6,49057783,320.6,3.2062838011846617
644,AXISBANK,2023-08-01,278.35,311.32,271.69,283.41,29698595,283.41,-11.600124766063624
645,AXISBANK,2023-09-01,315.22,346.48,294.25,319.47,47090430,319.47,12.723615962739498
646,AXISBANK,2023-10-01,314.83,333.33,299.2,312.97,34887076,312.97,-2.03461983910852
647,AXISBANK,2023-11-01,304.64,326.32,285.82,302.16,9049864,302.16,-3.4540051762149693
648,AXISBANK,2023-12-01,292.47,314.19,282.59,296.38,41884617,296.38,-1.9128938310828847
649,AXISBANK,2024-01-01,327.45,360.4,316.62,326.98,48049915,326.98,10.324583305216283
650,AXISBANK,2024-02-01,348.02,369.12,320.71,347.01,7769183,347.01,6.125756927029169
651,AXISBANK,2024-03-01,352.1,385.11,338.88,358.52,17810740,358.52,3.316907293737925
652,AXISBANK,2024-04-01,359.24,362.53,331.44,357.71,4319812,357.71,-0.22592881847596225
653,AXISBANK,2024-05-01,340.22,372.38,329.43,337.02,9913013,337.02,-5.784014984205077
654,AXISBANK,2024-06-01,346.35,367.64,341.79,352.98,49862171,352.98,4.735623998575766
655,AXISBANK,2024-07-01,355.54,404.24,336.96,361.87,42384657,361.87,2.518556292141194
656,AXISBANK,2024-08-01,388.16,401.27,340.13,383.3,48769622,383.3,5.922016193660706
657,AXISBANK,2024-09-01,381.93,389.21,345.38,382.4,11545352,382.4,-0.23480302635012773
658,AXISBANK,2024-10-01,363.89,383.69,328.91,369.1,8457805,369.1,-3.4780334728033324
659,AXISBANK,2024-11-01,368.44,386.51,359.47,371.42,16380070,371.42,0.6285559468978574
660,AXISBANK,2024-12-01,383.59,399.54,345.02,385.82,12897506,385.82,3.8770125464433702
661,BAJAJ-AUTO,2020-01-01,4736.8,4924.85,4619.0,4766.8,7431403,4766.8,
662,BAJAJ-AUTO,2020-02-01,4863.35,5377.88,4365.33,4866.36,4228568,4866.36,2.0886129059326963
663,BAJAJ-AUTO,2020-03-01,5083.49,5582.57,4549.16,5082.37,29076884,5082.37,4.438841351646827
664,BAJAJ-AUTO,2020-04-01,4586.37,4707.22,4352.93,4588.61,13754656,4588.61,-9.715152576455477
665,BAJAJ-AUTO,2020-05-01,4597.29,4813.91,4476.06,4612.3,2943238,4612.3,0.5162783500886059
666,BAJAJ-AUTO,2020-06-01,4457.5,4695.45,4249.67,4427.89,28756949,4427.89,-3.9982221451336564
667,BAJAJ-AUTO,2020-07-01,4690.3,4805.07,4320.46,4600.24,42021393,4600.24,3.8923731167666675
668,BAJAJ-AUTO,2020-08-01,4746.0,5260.08,4372.26,4748.02,9838809,4748.02,3.2124410900300937
669,BAJAJ-AUTO,2020-09-01,4849.37,5082.46,4647.69,4780.57,18134048,4780.57,0.6855489235512824
670,BAJAJ-AUTO,2020-10-01,5372.99,5608.27,4871.09,5317.17,22754096,5317.17,11.224602923919115
671,BAJAJ-AUTO,2020-11-01,5309.48,5899.55,4759.74,5292.69,28429593,5292.69,-0.4603952854620119
672,BAJAJ-AUTO,2020-12-01,5261.46,5585.69,4992.72,5250.4,11568353,5250.4,-0.7990265819460385
673,BAJAJ-AUTO,2021-01-01,5717.1,5915.46,5438.22,5768.18,9344990,5768.18,9.861724820966034
674,BAJAJ-AUTO,2021-02-01,5375.23,5606.35,4880.14,5421.7,41302976,5421.7,-6.006747362252918
675,BAJAJ-AUTO,2021-03-01,5031.98,5378.47,4951.5,5116.5,18432797,5116.5,-5.629230684102771
676,BAJAJ-AUTO,2021-04-01,5167.34,5608.37,5093.83,5235.37,39816726,5235.37,2.3232678588879008
677,BAJAJ-AUTO,2021-05-01,4894.68,5109.5,4823.61,4941.47,12558480,4941.47,-5.6137388570435265
678,BAJAJ-AUTO,2021-06-01,5219.35,5245.2,5067.1,5192.9,39650481,5192.9,5.08816202466067
679,BAJAJ-AUTO,2021-07-01,5043.46,5351.13,4635.67,5046.26,4779448,5046.26,-2.8238556490592814
680,BAJAJ-AUTO,2021-08-01,5174.27,5818.13,4630.32,5235.51,14643899,5235.51,3.7503022040085154
681,BAJAJ-AUTO,2021-09-01,5305.31,5710.44,5010.03,5379.65,38052724,5379.65,2.7531224274234933
682,BAJAJ-AUTO,2021-10-01,5480.35,5714.7,4982.36,5372.99,29885843,5372.99,-0.12379987545657611
683,BAJAJ-AUTO,2021-11-01,5194.91,5788.19,4724.93,5257.06,1620137,5257.06,-2.157644067828146
684,BAJAJ-AUTO,2021-12-01,5841.95,6020.24,5380.65,5747.55,30794944,5747.55,9.330119876889365
685,BAJAJ-AUTO,2022-01-01,5965.51,6073.16,5285.63,5980.3,27602882,5980.3,4.049551548050911
686,BAJAJ-AUTO,2022-02-01,7433.73,8211.01,6686.7,7448.91,1346085,7448.91,24.557463672391002
687,BAJAJ-AUTO,2022-03-01,7233.76,7827.8,6621.19,7268.72,8757452,7268.72,-2.4190116406292983
688,BAJAJ-AUTO,2022-04-01,7372.98,8219.85,6909.74,7485.12,37563405,7485.12,2.977140404362788
689,BAJAJ-AUTO,2022-05-01,7199.1,7842.86,6813.96,7231.69,46464321,7231.69,-3.3857840622461666
690,BAJAJ-AUTO,2022-06-01,7640.42,7764.75,6733.01,7632.87,41360242,7632.87,5.5475276180256605
691,BAJAJ-AUTO,2022-07-01,7429.55,7733.93,6518.83,7379.99,48078466,7379.99,-3.3130395251065425
692,BAJAJ-AUTO,2022-08-01,7839.26,8660.53,7076.96,7783.68,30612034,7783.68,5.470061612549615
693,BAJAJ-AUTO,2022-09-01,8193.84,9211.47,8080.04,8267.43,36979442,8267.43,6.21492661568821
694,BAJAJ-AUTO,2022-10-01,8194.35,8457.05,8010.15,8124.14,613196,8124.14,-1.7331867339669071
695,BAJAJ-AUTO,2022-11-01,8487.02,9658.9,7892.67,8632.41,17064596,8632.41,6.256292973779365
696,BAJAJ-AUTO,2022-12-01,9608.38,10038.13,8615.98,9481.49,17234996,9481.49,9.835955428437714
697,BAJAJ-AUTO,2023-01-01,9978.53,10107.66,8848.78,9940.67,8223270,9940.67,4.842909711448318
698,BAJAJ-AUTO,2023-02-01,9927.05,10190.02,9792.33,9926.45,22391054,9926.45,-0.14304870798446112
699,BAJAJ-AUTO,2023-03-01,9945.29,10735.42,9543.9,9914.4,37718017,9914.4,-0.12139284437034936
700,BAJAJ-AUTO,2023-04-01,8882.88,10033.73,8771.56,9043.64,37876700,9043.64,-8.782780601952723
701,BAJAJ-AUTO,2023-05-01,8760.24,9086.89,8423.56,8619.17,44788586,8619.17,-4.693574711067661
702,BAJAJ-AUTO,2023-06-01,9490.1,10036.87,9186.37,9609.02,13654495,9609.02,11.484284449662784
703,BAJAJ-AUTO,2023-07-01,9488.46,9938.71,9131.33,9400.13,6082565,9400.13,-2.173894944541699
704,BAJAJ-AUTO,2023-08-01,8827.02,9507.4,8112.28,8898.22,24691697,8898.22,-5.339394242420048
705,BAJAJ-AUTO,2023-09-01,8389.57,8488.56,7371.76,8256.67,27380114,8256.67,-7.209868940080144
706,BAJAJ-AUTO,2023-10-01,9484.68,9769.74,8956.66,9323.73,32967201,9323.73,12.923612061521172
707,BAJAJ-AUTO,2023-11-01,9498.41,10351.59,9362.12,9564.67,20035987,9564.67,2.584158914940704
708,BAJAJ-AUTO,2023-12-01,10226.1,10506.76,10088.35,10390.5,40068936,10390.5,8.634171382807775
709,BAJAJ-AUTO,2024-01-01,9620.33,10015.53,9670.98,9789.8,10813324,9789.8,-5.7812424811125585
710,BAJAJ-AUTO,2024-02-01,11376.05,12157.01,10866.53,11304.29,1718927,11304.29,15.470081104823397
711,BAJAJ-AUTO,2024-03-01,10960.54,11083.82,10152.07,10771.68,14888244,10771.68,-4.7115741015136825
712,BAJAJ-AUTO,2024-04-01,11134.83,12023.1,10800.43,10929.48,13057574,10929.48,1.464952542221809
713,BAJAJ-AUTO,2024-05-01,9771.22,9939.78,8669.98,9787.69,34631361,9787.69,-10.446883108802973
714,BAJAJ-AUTO,2024-06-01,9409.43,9707.83,8888.18,9380.3,12717620,9380.3,-4.162269136026997
715,BAJAJ-AUTO,2024-07-01,10028.02,11094.59,9402.91,10083.46,17605873,10083.46,7.4961355180537925
716,BAJAJ-AUTO,2024-08-01,9734.81,10875.61,9068.71,9899.26,10532062,9899.26,-1.8267539118516751
717,BAJAJ-AUTO,2024-09-01,9208.04,10028.15,8225.69,9095.83,19111464,9095.83,-8.116061200534187
718,BAJAJ-AUTO,2024-10-01,7581.01,8409.83,7047.48,7641.14,23010288,7641.14,-15.992933025353373
719,BAJAJ-AUTO,2024-11-01,7776.05,8339.27,6896.31,7804.85,23832249,7804.85,2.142481357493775
720,BAJAJ-AUTO,2024-12-01,8113.4,8317.73,7706.45,8093.27,48560430,8093.27,3.695394530324103
721,BAJAJFINSV,2020-01-01,4198.96,4357.43,3684.21,4126.58,30678512,4126.58,
722,BAJAJFINSV,2020-02-01,4218.58,4558.62,3740.41,4210.05,17797843,4210.05,2.0227403806541977
723,BAJAJFINSV,2020-03-01,4500.46,4997.68,4305.43,4544.94,18735551,4544.94,7.954537357038505
724,BAJAJFINSV,2020-04-01,4530.33,4596.07,4134.47,4498.69,20717308,4498.69,-1.017615194039967
725,BAJAJFINSV,2020-05-01,4451.25,4628.69,3954.33,4393.72,7924953,4393.72,-2.3333459295928227
726,BAJAJFINSV,2020-06-01,4559.69,4557.17,4159.66,4491.54,8493362,4491.54,2.226359440292036
727,BAJAJFINSV,2020-07-01,4082.16,4397.76,3965.1,4128.32,47910088,4128.32,-8.086758661839822
728,BAJAJFINSV,2020-08-01,4272.28,4705.97,4176.06,4249.26,45829385,4249.26,2.9295209673668943
729,BAJAJFINSV,2020-09-01,3956.78,4336.23,3723.86,3968.13,33904159,3968.13,-6.61597548749665
730,BAJAJFINSV,2020-10-01,4471.93,4812.4,4283.82,4413.16,7407169,4413.16,11.215106359922666
731,BAJAJFINSV,2020-11-01,4727.65,5049.48,4401.26,4775.18,45761530,4775.18,8.203192270391302
732,BAJAJFINSV,2020-12-01,4825.89,5363.39,4538.49,4863.15,25753362,4863.15,1.8422342194430286
733,BAJAJFINSV,2021-01-01,4465.14,4444.05,3986.64,4381.31,418314,4381.31,-9.907981452350823
734,BAJAJFINSV,2021-02-01,4596.31,5162.39,4270.89,4624.84,36445705,4624.84,5.558383223282526
735,BAJAJFINSV,2021-03-01,4913.71,5526.32,4583.3,4960.15,39186569,4960.15,7.25019676356371
736,BAJAJFINSV,2021-04-01,5216.5,5799.92,4576.11,5183.42,30216087,5183.42,4.501275163049523
737,BAJAJFINSV,2021-05-01,4952.79,5575.48,4507.16,5008.35,31175394,5008.35,-3.3774997974310383
738,BAJAJFINSV,2021-06-01,5096.81,5393.32,4857.59,5167.04,20917951,5167.04,3.168508590653607
739,BAJAJFINSV,2021-07-01,5103.52,5603.64,5016.65,5125.43,4297970,5125.43,-0.8052966495324165
740,BAJAJFINSV,2021-08-01,4824.43,4905.77,4236.94,4804.74,33119762,4804.74,-6.256840889447335
741,BAJAJFINSV,2021-09-01,4644.66,4772.81,4580.68,4713.39,48737060,4713.39,-1.901247518075888
742,BAJAJFINSV,2021-10-01,4572.65,4750.08,4475.12,4587.4,46330543,4587.4,-2.6730230258900867
743,BAJAJFINSV,2021-11-01,4154.95,4161.76,3878.35,4107.73,663996,4107.73,-10.4562497275145
744,BAJAJFINSV,2021-12-01,4455.42,4669.26,3956.69,4473.73,29458775,4473.73,8.910030600842811
745,BAJAJFINSV,2022-01-01,4602.8,4711.99,4339.49,4529.56,13647450,4529.56,1.247951932727287
746,BAJAJFINSV,2022-02-01,4681.37,4935.73,4415.81,4695.25,2623597,4695.25,3.6579711936700177
747,BAJAJFINSV,2022-03-01,4947.71,5032.63,4401.26,4863.97,40883535,4863.97,3.593418880783772
748,BAJAJFINSV,2022-04-01,5124.67,5153.26,4693.81,5049.79,16938968,5049.79,3.8203360629280203
749,BAJAJFINSV,2022-05-01,4162.35,4416.91,3896.31,4219.51,26544035,4219.51,-16.44187184021513
750,BAJAJFINSV,2022-06-01,4109.12,4470.65,4035.96,4166.81,38032030,4166.81,-1.2489601873203249
751,BAJAJFINSV,2022-07-01,4021.11,4297.23,3786.39,4093.7,34016891,4093.7,-1.7545796424603077
752,BAJAJFINSV,2022-08-01,3915.42,4018.79,3659.24,3964.03,34888468,3964.03,-3.167550138016939
753,BAJAJFINSV,2022-09-01,3650.54,4087.01,3611.15,3690.4,14934631,3690.4,-6.902823641597067
754,BAJAJFINSV,2022-10-01,3949.99,4114.54,3534.4,3899.14,33651953,3899.14,5.656297420333822
755,BAJAJFINSV,2022-11-01,4143.77,4390.67,3738.63,4167.03,36923752,4167.03,6.8704893899680375
756,BAJAJFINSV,2022-12-01,4424.74,4703.05,3947.72,4339.24,4153358,4339.24,4.132679630336233
757,BAJAJFINSV,2023-01-01,4637.16,5100.96,4208.24,4615.12,23437292,4615.12,6.357795374305186
758,BAJAJFINSV,2023-02-01,5181.18,5453.34,4790.77,5167.91,16581204,5167.91,11.977803394061247
759,BAJAJFINSV,2023-03-01,5115.61,5679.82,4878.53,5104.14,41181333,5104.14,-1.2339611177439092
760,BAJAJFINSV,2023-04-01,5191.82,5795.52,4663.84,5289.11,40937183,5289.11,3.623920973954453
761,BAJAJFINSV,2023-05-01,4959.72,5514.48,4575.28,5039.78,43291562,5039.78,-4.714025611114159
762,BAJAJFINSV,2023-06-01,4953.26,5002.01,4825.41,4885.47,33724561,4885.47,-3.0618400009524094
763,BAJAJFINSV,2023-07-01,5297.16,5679.27,4997.88,5281.24,34158369,5281.24,8.100960603585715
764,BAJAJFINSV,2023-08-01,4906.44,5244.5,4516.03,4960.76,38452208,4960.76,-6.068271845248452
765,BAJAJFINSV,2023-09-01,4615.11,5067.92,4520.12,4697.8,11013823,4697.8,-5.300800683766194
766,BAJAJFINSV,2023-10-01,4868.05,5079.31,4693.81,4958.29,42487375,4958.29,5.544935927455397
767,BAJAJFINSV,2023-11-01,4749.34,5053.84,4671.16,4755.94,16665378,4755.94,-4.081044069628847
768,BAJAJFINSV,2023-12-01,5062.63,5219.45,4587.19,5160.08,13003720,5160.08,8.49758407381087
769,BAJAJFINSV,2024-01-01,4912.12,5223.2,4388.28,4880.14,14867008,4880.14,-5.425109688221886
770,BAJAJFINSV,2024-02-01,5505.5,6126.31,4860.43,5488.62,44530177,5488.62,12.468494756297964
771,BAJAJFINSV,2024-03-01,5512.33,5645.45,4936.76,5547.62,30085509,5547.62,1.0749514449898134
772,BAJAJFINSV,2024-04-01,6614.19,7285.13,6064.23,6557.87,7249744,6557.87,18.210511895191097
773,BAJAJFINSV,2024-05-01,6760.91,7296.03,6572.76,6713.55,39630340,6713.55,2.3739415389448126
774,BAJAJFINSV,2024-06-01,5911.92,6543.6,5936.1,6032.3,14861622,6032.3,-10.147388490440978
775,BAJAJFINSV,2024-07-01,5662.01,6251.81,5483.36,5773.73,29713722,5773.73,-4.286424746779849
776,BAJAJFINSV,2024-08-01,5597.38,6088.29,5113.32,5584.74,33286293,5584.74,-3.2732739494226393
777,BAJAJFINSV,2024-09-01,5378.31,5455.26,5193.73,5346.27,45928037,5346.27,-4.2700286853103115
778,BAJAJFINSV,2024-10-01,5337.56,5391.32,4878.49,5278.48,36474066,5278.48,-1.2679868394226412
779,BAJAJFINSV,2024-11-01,5111.88,5232.6,4443.3,5041.07,27060940,5041.07,-4.497696306512477
780,BAJAJFINSV,2024-12-01,5410.15,6135.99,5183.65,5501.46,25771620,5501.46,9.132783317827364
781,BAJAJHLDNG,2020-01-01,954.18,1044.37,894.98,969.89,12090926,969.89,
782,BAJAJHLDNG,2020-02-01,1050.69,1076.6,917.88,1030.6,8927157,1030.6,6.259472723710924
783,BAJAJHLDNG,2020-03-01,1142.72,1248.36,1116.78,1128.62,29177451,1128.62,9.510964486706763
784,BAJAJHLDNG,2020-04-01,978.14,1016.09,887.54,971.44,20194915,971.44,-13.926742393365332
785,BAJAJHLDNG,2020-05-01,916.8,936.46,867.83,913.93,6503460,913.93,-5.920077410853997
786,BAJAJHLDNG,2020-06-01,1000.13,1070.45,943.12,985.43,37698258,985.43,7.823356274550575
787,BAJAJHLDNG,2020-07-01,1089.94,1185.29,990.06,1099.42,1381913,1099.42,11.567539043869179
788,BAJAJHLDNG,2020-08-01,1096.9,1175.61,1052.52,1110.39,42512970,1110.39,0.9977988393880421
789,BAJAJHLDNG,2020-09-01,1098.1,1201.09,1050.33,1117.9,4393004,1117.9,0.6763389439746303
790,BAJAJHLDNG,2020-10-01,1051.87,1086.16,1004.1,1063.2,27262809,1063.2,-4.893103139815724
791,BAJAJHLDNG,2020-11-01,1132.91,1160.92,1069.63,1144.25,34496589,1144.25,7.623212942061697
792,BAJAJHLDNG,2020-12-01,1203.04,1240.42,1125.92,1188.31,44906971,1188.31,3.8505571334935595
793,BAJAJHLDNG,2021-01-01,1297.26,1379.4,1248.53,1313.55,23362461,1313.55,10.539337378293535
794,BAJAJHLDNG,2021-02-01,1394.5,1491.55,1291.27,1371.93,17995216,1371.93,4.444444444444451
795,BAJAJHLDNG,2021-03-01,1298.78,1410.88,1201.69,1301.16,37837064,1301.16,-5.158426450329101
796,BAJAJHLDNG,2021-04-01,1388.79,1488.25,1385.97,1410.2,12618867,1410.2,8.380214577761368
797,BAJAJHLDNG,2021-05-01,1460.89,1535.85,1295.24,1460.54,17031332,1460.54,3.5697064246206223
798,BAJAJHLDNG,2021-06-01,1479.05,1523.12,1411.35,1481.91,49887694,1481.91,1.463157462308473
799,BAJAJHLDNG,2021-07-01,1387.89,1425.78,1362.33,1394.18,20799800,1394.18,-5.920062621886624
800,BAJAJHLDNG,2021-08-01,1244.75,1371.58,1176.54,1266.97,32446850,1266.97,-9.124359838758267
801,BAJAJHLDNG,2021-09-01,1314.37,1345.01,1221.68,1310.09,30130156,1310.09,3.403395502655937
802,BAJAJHLDNG,2021-10-01,1327.71,1405.71,1223.06,1333.49,6428518,1333.49,1.786136830294116
803,BAJAJHLDNG,2021-11-01,1392.59,1433.05,1229.77,1387.31,27663070,1387.31,4.036025766972373
804,BAJAJHLDNG,2021-12-01,1356.81,1482.54,1264.77,1340.56,17339494,1340.56,-3.3698308236803642
805,BAJAJHLDNG,2022-01-01,1277.82,1381.39,1262.39,1288.31,19876000,1288.31,-3.897624873187322
806,BAJAJHLDNG,2022-02-01,1312.24,1340.94,1172.15,1307.24,21695297,1307.24,1.4693668449363928
807,BAJAJHLDNG,2022-03-01,1367.04,1497.49,1208.76,1359.96,23894259,1359.96,4.032924329120902
808,BAJAJHLDNG,2022-04-01,1521.44,1646.3,1444.51,1495.07,13925755,1495.07,9.934851025030135
809,BAJAJHLDNG,2022-05-01,1547.97,1663.57,1522.72,1549.13,33645309,1549.13,3.6158842060906915
810,BAJAJHLDNG,2022-06-01,1354.91,1460.94,1308.73,1329.26,1201100,1329.26,-14.19312775557895
811,BAJAJHLDNG,2022-07-01,1265.76,1363.96,1225.36,1288.72,19109497,1288.72,-3.049817191520088
812,BAJAJHLDNG,2022-08-01,1256.02,1366.92,1244.1,1270.44,19222446,1270.44,-1.4184617294680013
813,BAJAJHLDNG,2022-09-01,1229.58,1360.85,1200.85,1236.85,29441223,1236.85,-2.6439658700922575
814,BAJAJHLDNG,2022-10-01,1250.02,1365.32,1170.14,1243.48,41314022,1243.48,0.5360391316651336
815,BAJAJHLDNG,2022-11-01,1296.15,1362.44,1271.85,1290.73,27101579,1290.73,3.7998198603917954
816,BAJAJHLDNG,2022-12-01,1390.14,1456.12,1335.84,1407.89,28623221,1407.89,9.077033926537691
817,BAJAJHLDNG,2023-01-01,1443.82,1569.09,1344.73,1434.26,11415954,1434.26,1.8730156475292636
818,BAJAJHLDNG,2023-02-01,1378.14,1422.01,1296.1,1395.76,8252001,1395.76,-2.6843110733061004
819,BAJAJHLDNG,2023-03-01,1368.8,1391.12,1265.28,1369.71,25634201,1369.71,-1.8663667106092685
820,BAJAJHLDNG,2023-04-01,1280.55,1346.97,1244.81,1280.26,7351801,1280.26,-6.530579465726327
821,BAJAJHLDNG,2023-05-01,1397.63,1575.02,1339.87,1423.32,47993571,1423.32,11.174292721790891
822,BAJAJHLDNG,2023-06-01,1602.22,1632.82,1415.39,1599.58,9345314,1599.58,12.383722564145794
823,BAJAJHLDNG,2023-07-01,1549.4,1755.81,1532.93,1576.05,14900962,1576.05,-1.4710111404243609
824,BAJAJHLDNG,2023-08-01,1605.48,1650.31,1434.18,1604.29,6251860,1604.29,1.791821325465559
825,BAJAJHLDNG,2023-09-01,1529.13,1735.68,1481.93,1551.31,47454135,1551.31,-3.302395452193807
826,BAJAJHLDNG,2023-10-01,1418.56,1522.57,1361.9,1447.26,3930227,1447.26,-6.707234530815887
827,BAJAJHLDNG,2023-11-01,1532.17,1648.1,1458.6,1561.91,20830605,1561.91,7.921866147064116
828,BAJAJHLDNG,2023-12-01,1738.64,1787.51,1535.81,1707.44,5011367,1707.44,9.317438264688738
829,BAJAJHLDNG,2024-01-01,1850.95,1965.36,1736.89,1881.28,11922507,1881.28,10.181324087522835
830,BAJAJHLDNG,2024-02-01,1978.86,2033.8,1911.41,1975.15,33909535,1975.15,4.98968787208709
831,BAJAJHLDNG,2024-03-01,2115.17,2129.2,1905.12,2091.55,17561898,2091.55,5.893223299496242
832,BAJAJHLDNG,2024-04-01,2134.28,2357.46,1909.42,2106.43,43727935,2106.43,0.7114341038942262
833,BAJAJHLDNG,2024-05-01,2088.77,2177.73,2038.49,2064.07,9126505,2064.07,-2.010985411335753
834,BAJAJHLDNG,2024-06-01,1920.74,2004.28,1838.91,1914.74,21058549,1914.74,-7.234735256071745
835,BAJAJHLDNG,2024-07-01,1955.27,2192.75,1758.79,1983.84,34633322,1983.84,3.6088450651263315
836,BAJAJHLDNG,2024-08-01,2061.88,2175.11,1937.36,2060.27,20196700,2060.27,3.8526292442939036
837,BAJAJHLDNG,2024-09-01,1991.28,2009.81,1760.37,1961.5,47468728,1961.5,-4.794031850194392
838,BAJAJHLDNG,2024-10-01,2160.28,2411.37,2149.1,2172.85,10494937,2172.85,10.774917155238327
839,BAJAJHLDNG,2024-11-01,2175.33,2290.27,1993.88,2168.77,29729653,2168.77,-0.18777182042017948
840,BAJAJHLDNG,2024-12-01,2466.46,2527.83,2292.03,2459.55,27718241,2459.55,13.407599699368777
841,BAJFINANCE,2020-01-01,1000.79,1010.98,917.41,998.24,39032611,998.24,
842,BAJFINANCE,2020-02-01,970.93,996.72,917.77,959.56,28412808,959.56,-3.8748196826414505
843,BAJFINANCE,2020-03-01,1005.45,1072.97,902.44,1008.71,13140517,1008.71,5.122139313852192
844,BAJFINANCE,2020-04-01,1085.69,1191.65,1037.24,1107.56,14480407,1107.56,9.79964509125515
845,BAJFINANCE,2020-05-01,1013.95,1086.83,879.42,996.35,29282907,996.35,-10.040991007259192
846,BAJFINANCE,2020-06-01,1009.44,1033.7,935.97,1004.39,4661957,1004.39,0.8069453505294311
847,BAJFINANCE,2020-07-01,865.61,941.89,863.6,882.46,9895085,882.46,-12.13970668764125
848,BAJFINANCE,2020-08-01,958.24,1054.55,900.59,954.54,44543856,954.54,8.168075606826353
849,BAJFINANCE,2020-09-01,934.95,1034.63,928.51,947.04,28648935,947.04,-0.7857187755358597
850,BAJFINANCE,2020-10-01,1023.08,1071.86,929.87,1031.06,12418165,1031.06,8.87185335360703
851,BAJFINANCE,2020-11-01,1153.48,1239.57,1111.48,1172.82,4170588,1172.82,13.748957383663418
852,BAJFINANCE,2020-12-01,1267.15,1315.18,1197.69,1278.23,10778334,1278.23,8.987738953974201
853,BAJFINANCE,2021-01-01,1402.64,1402.06,1318.77,1386.09,33476938,1386.09,8.438230991292638
854,BAJFINANCE,2021-02-01,1388.11,1520.92,1205.98,1366.99,7773806,1366.99,-1.377976899046951
855,BAJFINANCE,2021-03-01,1600.81,1699.78,1498.5,1569.61,46593846,1569.61,14.822346908170502
856,BAJFINANCE,2021-04-01,1419.9,1574.98,1318.14,1445.97,43999644,1445.97,-7.8771159714833505
857,BAJFINANCE,2021-05-01,1511.0,1546.47,1347.0,1489.6,6992452,1489.6,3.017351673962798
858,BAJFINANCE,2021-06-01,1499.48,1580.64,1416.25,1484.16,12029412,1484.16,-0.36519871106336366
859,BAJFINANCE,2021-07-01,1437.88,1508.44,1290.99,1429.56,48830395,1429.56,-3.6788486416558963
860,BAJFINANCE,2021-08-01,1553.0,1710.0,1403.54,1536.66,39116356,1536.66,7.49181566356083
861,BAJFINANCE,2021-09-01,1444.0,1583.71,1403.02,1461.14,28795522,1461.14,-4.914554943839233
862,BAJFINANCE,2021-10-01,1459.26,1545.85,1326.56,1450.84,21430579,1450.84,-0.70492902801923
863,BAJFINANCE,2021-11-01,1408.5,1468.74,1266.83,1392.72,10011717,1392.72,-4.005955170797604
864,BAJFINANCE,2021-12-01,1493.84,1632.27,1353.92,1470.49,37588818,1470.49,5.584036992360275
865,BAJFINANCE,2022-01-01,1429.8,1622.91,1340.94,1455.27,17028108,1455.27,-1.0350291399465528
866,BAJFINANCE,2022-02-01,1491.14,1597.49,1339.89,1502.14,12502137,1502.14,3.220708184735477
867,BAJFINANCE,2022-03-01,1556.78,1607.13,1501.12,1540.47,42875823,1540.47,2.5516929181035097
868,BAJFINANCE,2022-04-01,1587.04,1616.72,1506.11,1575.54,47256700,1575.54,2.276577927515633
869,BAJFINANCE,2022-05-01,1580.01,1720.97,1490.35,1591.97,6085651,1591.97,1.0428170658948632
870,BAJFINANCE,2022-06-01,1434.09,1547.01,1373.04,1408.6,6951271,1408.6,-11.51843313630283
871,BAJFINANCE,2022-07-01,1512.09,1664.72,1476.74,1523.49,47292910,1523.49,8.156325429504484
872,BAJFINANCE,2022-08-01,1437.52,1572.43,1273.52,1423.74,35281541,1423.74,-6.547466671917768
873,BAJFINANCE,2022-09-01,1352.0,1482.46,1204.39,1340.34,2776376,1340.34,-5.857811117198375
874,BAJFINANCE,2022-10-01,1400.86,1508.15,1381.93,1419.7,19231517,1419.7,5.9208857454079
875,BAJFINANCE,2022-11-01,1455.16,1493.77,1390.05,1449.12,25604570,1449.12,2.072268789180809
876,BAJFINANCE,2022-12-01,1583.64,1665.81,1525.19,1570.48,41495179,1570.48,8.374737771889151
877,BAJFINANCE,2023-01-01,1674.62,1785.9,1661.38,1700.98,36296042,1700.98,8.309561407977185
878,BAJFINANCE,2023-02-01,1859.6,1926.06,1784.82,1825.9,2455115,1825.9,7.3440016931416
879,BAJFINANCE,2023-03-01,1945.03,2038.82,1779.21,1960.85,47108705,1960.85,7.390875732515467
880,BAJFINANCE,2023-04-01,2109.26,2356.4,1986.23,2151.37,7048778,2151.37,9.716194507484
881,BAJFINANCE,2023-05-01,2229.45,2340.35,2047.83,2227.62,17270171,2227.62,3.5442531968001845
882,BAJFINANCE,2023-06-01,2255.87,2387.03,2202.83,2255.17,25325487,2255.17,1.2367459441017914
883,BAJFINANCE,2023-07-01,2246.15,2440.06,2130.35,2253.17,20815768,2253.17,-0.08868511021341563
884,BAJFINANCE,2023-08-01,2274.78,2479.22,2038.65,2261.32,41030640,2261.32,0.3617126093459433
885,BAJFINANCE,2023-09-01,2105.96,2202.26,2042.11,2121.16,25692449,2121.16,-6.198149753241477
886,BAJFINANCE,2023-10-01,1878.69,1987.21,1828.26,1847.6,21819587,1847.6,-12.896716890757887
887,BAJFINANCE,2023-11-01,1779.03,1874.26,1681.09,1815.32,11059782,1815.32,-1.7471314137259109
888,BAJFINANCE,2023-12-01,1791.98,2017.07,1766.76,1816.11,37140382,1816.11,0.043518498116035254
889,BAJFINANCE,2024-01-01,1858.02,1976.55,1669.51,1869.33,25668401,1869.33,2.9304392355088638
890,BAJFINANCE,2024-02-01,1877.17,2004.56,1808.37,1906.87,35964033,1906.87,2.0082061487270764
891,BAJFINANCE,2024-03-01,2070.02,2167.65,1922.07,2069.28,33811780,2069.28,8.51709870101267
892,BAJFINANCE,2024-04-01,2056.95,2247.44,1984.0,2034.32,594543,2034.32,-1.689476532900347
893,BAJFINANCE,2024-05-01,2067.52,2220.42,2064.62,2088.52,37753011,2088.52,2.664280939085306
894,BAJFINANCE,2024-06-01,2072.69,2252.44,2083.73,2106.61,42890777,2106.61,0.8661635991036754
895,BAJFINANCE,2024-07-01,2029.96,2025.98,1852.83,2004.4,11814245,2004.4,-4.851871015517828
896,BAJFINANCE,2024-08-01,2164.44,2283.95,2118.01,2181.21,129837,2181.21,8.821093594093
897,BAJFINANCE,2024-09-01,2083.14,2137.44,1891.83,2100.67,27821923,2100.67,-3.6924459359713224
898,BAJFINANCE,2024-10-01,2058.77,2139.2,1866.8,2025.93,43807655,2025.93,-3.557912475543512
899,BAJFINANCE,2024-11-01,1779.37,1832.9,1766.75,1793.89,3105324,1793.89,-11.453505303737044
900,BAJFINANCE,2024-12-01,1822.98,1879.69,1649.79,1802.56,8297913,1802.56,0.48330722619558397
901,BANKBARODA,2020-01-01,973.4,1008.9,874.99,985.61,45480532,985.61,
902,BANKBARODA,2020-02-01,960.3,1037.75,886.45,943.12,3985040,943.12,-4.311035805237362
903,BANKBARODA,2020-03-01,986.18,1013.88,960.02,985.72,760117,985.72,4.5169225549240855
904,BANKBARODA,2020-04-01,983.6,1063.1,954.51,971.18,45469186,971.18,-1.4750639126729803
905,BANKBARODA,2020-05-01,967.18,1011.4,885.64,971.32,18914991,971.32,0.014415453366023456
906,BANKBARODA,2020-06-01,980.18,1062.83,891.66,993.39,34593208,993.39,2.272165712638463
907,BANKBARODA,2020-07-01,991.55,1103.53,966.53,1005.4,32312164,1005.4,1.2089914333746066
908,BANKBARODA,2020-08-01,893.6,959.63,797.72,896.7,18930422,896.7,-10.811617266759487
909,BANKBARODA,2020-09-01,872.37,911.36,817.05,885.07,47394206,885.07,-1.2969778075164529
910,BANKBARODA,2020-10-01,883.15,970.75,791.48,887.35,49064753,887.35,0.25760674296948505
911,BANKBARODA,2020-11-01,875.63,928.57,775.46,860.55,7386448,860.55,-3.0202287710599074
912,BANKBARODA,2020-12-01,941.12,1032.79,908.85,929.65,31309129,929.65,8.029748416710248
913,BANKBARODA,2021-01-01,914.61,968.94,881.2,927.65,17862292,927.65,-0.21513472812348944
914,BANKBARODA,2021-02-01,894.18,976.15,879.92,907.53,19167962,907.53,-2.1689214682261593
915,BANKBARODA,2021-03-01,890.08,921.12,839.62,883.15,30087179,883.15,-2.6864125703833452
916,BANKBARODA,2021-04-01,853.31,896.98,829.29,854.37,10283974,854.37,-3.258789560097375
917,BANKBARODA,2021-05-01,842.17,854.48,816.96,836.02,17212190,836.02,-2.1477814061823364
918,BANKBARODA,2021-06-01,853.7,880.26,830.82,869.14,15873455,869.14,3.9616277122556776
919,BANKBARODA,2021-07-01,798.54,847.35,715.58,805.05,7443446,805.05,-7.373955864417702
920,BANKBARODA,2021-08-01,841.12,858.39,824.99,841.66,401747,841.66,4.547543630830386
921,BANKBARODA,2021-09-01,821.51,924.29,746.33,831.3,48295032,831.3,-1.2309008388185272
922,BANKBARODA,2021-10-01,805.01,876.83,755.19,803.28,44235488,803.28,-3.3706243233489697
923,BANKBARODA,2021-11-01,740.5,765.36,730.02,744.3,16459126,744.3,-7.342396175679711
924,BANKBARODA,2021-12-01,766.01,829.8,696.02,758.79,47607916,758.79,1.946795646916577
925,BANKBARODA,2022-01-01,800.79,822.15,735.37,809.63,23305313,809.63,6.700141013982797
926,BANKBARODA,2022-02-01,824.3,905.71,813.87,829.53,21246128,829.53,2.4579128737818534
927,BANKBARODA,2022-03-01,836.94,887.89,766.77,834.64,45486468,834.64,0.6160114763781976
928,BANKBARODA,2022-04-01,867.54,951.47,843.14,869.84,17158267,869.84,4.217387136969242
929,BANKBARODA,2022-05-01,866.32,941.54,843.88,858.03,31198197,858.03,-1.3577209601765894
930,BANKBARODA,2022-06-01,901.69,1008.67,893.34,918.17,19813161,918.17,7.009078936633917
931,BANKBARODA,2022-07-01,1024.8,1079.99,980.97,1019.31,17913423,1019.31,11.015389306991086
932,BANKBARODA,2022-08-01,960.35,1001.5,935.34,971.85,27330228,971.85,-4.656090885010444
933,BANKBARODA,2022-09-01,1049.39,1106.07,940.31,1040.44,48366832,1040.44,7.057673509286411
934,BANKBARODA,2022-10-01,1013.98,1113.16,925.21,998.09,23807507,998.09,-4.070393295144359
935,BANKBARODA,2022-11-01,1106.03,1161.43,1039.89,1119.19,6260148,1119.19,12.133174363033405
936,BANKBARODA,2022-12-01,1133.64,1157.02,1012.94,1145.44,48866462,1145.44,2.345446260241779
937,BANKBARODA,2023-01-01,1227.8,1309.2,1096.75,1222.89,36433010,1222.89,6.761593798016485
938,BANKBARODA,2023-02-01,1272.79,1383.83,1224.22,1269.06,48772977,1269.06,3.7754826681058784
939,BANKBARODA,2023-03-01,1367.41,1401.02,1347.58,1376.89,6057112,1376.89,8.496840180921318
940,BANKBARODA,2023-04-01,1279.19,1408.27,1211.02,1280.55,19742412,1280.55,-6.9969278591608735
941,BANKBARODA,2023-05-01,1279.23,1395.0,1122.52,1261.69,38862242,1261.69,-1.472804654250115
942,BANKBARODA,2023-06-01,1354.56,1383.76,1245.84,1343.45,8358438,1343.45,6.480197195824644
943,BANKBARODA,2023-07-01,1522.03,1581.41,1384.7,1532.94,2170716,1532.94,14.104730358405604
944,BANKBARODA,2023-08-01,1596.61,1715.31,1559.72,1600.75,33379679,1600.75,4.423526034939385
945,BANKBARODA,2023-09-01,1596.93,1683.88,1436.33,1621.49,36331634,1621.49,1.295642667499619
946,BANKBARODA,2023-10-01,1719.39,1786.66,1607.31,1712.5,28264387,1712.5,5.612738900640779
947,BANKBARODA,2023-11-01,1717.37,1820.36,1666.32,1688.82,36408793,1688.82,-1.3827737226277392
948,BANKBARODA,2023-12-01,1604.64,1743.6,1506.48,1594.01,9681966,1594.01,-5.613978991248326
949,BANKBARODA,2024-01-01,1741.61,1851.43,1632.64,1740.27,16788682,1740.27,9.175601156830894
950,BANKBARODA,2024-02-01,1896.96,1990.19,1868.35,1928.98,9370270,1928.98,10.843719652697569
951,BANKBARODA,2024-03-01,2157.6,2297.12,1976.47,2170.89,27952742,2170.89,12.540824684548312
952,BANKBARODA,2024-04-01,2077.3,2327.26,2052.98,2091.7,25168353,2091.7,-3.647812648268689
953,BANKBARODA,2024-05-01,1869.67,2057.88,1632.07,1851.85,27685462,1851.85,-11.466749533871967
954,BANKBARODA,2024-06-01,1836.1,1951.01,1631.84,1834.78,48625823,1834.78,-0.9217809217809236
955,BANKBARODA,2024-07-01,1675.83,1810.23,1578.71,1702.65,3837302,1702.65,-7.201408343234606
956,BANKBARODA,2024-08-01,1780.56,1962.01,1613.55,1780.21,9828417,1780.21,4.555252107009666
957,BANKBARODA,2024-09-01,1666.94,1716.52,1499.49,1692.81,41724788,1692.81,-4.9095331449660495
958,BANKBARODA,2024-10-01,1713.47,1755.81,1605.65,1729.91,42215274,1729.91,2.1916222139519492
959,BANKBARODA,2024-11-01,1682.13,1794.07,1597.86,1693.48,28588261,1693.48,-2.105889901786806
960,BANKBARODA,2024-12-01,1674.21,1777.53,1517.24,1701.46,18403236,1701.46,0.4712190282731399
961,BEL,2020-01-01,1719.56,1791.99,1633.7,1720.8,22836912,1720.8,
962,BEL,2020-02-01,1851.75,1990.81,1658.79,1820.82,15970176,1820.82,5.812412831241276
963,BEL,2020-03-01,1818.21,2039.37,1739.51,1836.6,27365713,1836.6,0.8666425017299861
964,BEL,2020-04-01,1780.1,1864.02,1732.31,1779.05,28004984,1779.05,-3.133507568332783
965,BEL,2020-05-01,1816.6,1922.05,1587.08,1785.7,34187402,1785.7,0.3737950029510273
966,BEL,2020-06-01,1865.36,1981.03,1649.82,1845.7,29127904,1845.7,3.360026880215039
967,BEL,2020-07-01,1941.62,2131.01,1929.14,1970.69,31212915,1970.69,6.771956439291316
968,BEL,2020-08-01,1982.81,2048.85,1770.45,1962.37,45450442,1962.37,-0.42218715272316354
969,BEL,2020-09-01,1821.77,1897.68,1774.21,1841.97,23760481,1841.97,-6.135438271070182
970,BEL,2020-10-01,1974.39,2130.73,1748.42,1976.88,16375895,1976.88,7.324223521555728
971,BEL,2020-11-01,1955.69,2013.76,1881.53,1950.58,21332732,1950.58,-1.3303791833596423
972,BEL,2020-12-01,1958.82,1958.13,1709.53,1934.32,22346694,1934.32,-0.833598211813924
973,BEL,2021-01-01,2089.19,2161.59,1994.39,2053.43,6771413,2053.43,6.1577195086645276
974,BEL,2021-02-01,2072.41,2276.87,2049.51,2083.79,33863199,2083.79,1.478501823777778
975,BEL,2021-03-01,2126.35,2187.73,2000.74,2090.44,38289283,2090.44,0.3191300466937719
976,BEL,2021-04-01,2101.81,2208.72,2070.21,2139.14,36953448,2139.14,2.3296530873882837
977,BEL,2021-05-01,1985.11,2053.57,1944.61,1967.98,32174592,1967.98,-8.001346335443206
978,BEL,2021-06-01,1890.73,2118.3,1746.87,1895.69,40111824,1895.69,-3.673309688106585
979,BEL,2021-07-01,1911.25,2108.0,1710.36,1891.86,16378403,1891.86,-0.2020372529263792
980,BEL,2021-08-01,1955.88,2040.37,1834.24,1937.1,22284217,1937.1,2.3912974532999343
981,BEL,2021-09-01,1894.12,1983.18,1772.12,1928.26,20059152,1928.26,-0.4563522791802166
982,BEL,2021-10-01,1735.64,1857.1,1689.59,1728.88,7671971,1728.88,-10.339891923288347
983,BEL,2021-11-01,1622.19,1798.97,1530.99,1654.8,25281400,1654.8,-4.284854934986826
984,BEL,2021-12-01,1840.19,2009.2,1762.53,1849.94,2016203,1849.94,11.792361614696656
985,BEL,2022-01-01,1868.35,1983.68,1825.16,1862.23,35891367,1862.23,0.6643458706768746
986,BEL,2022-02-01,1916.71,2106.18,1870.81,1918.62,22898714,1918.62,3.028089978144477
987,BEL,2022-03-01,1980.97,2154.37,1762.76,1982.51,43161685,1982.51,3.3299976024434352
988,BEL,2022-04-01,2021.14,2026.03,1872.53,1991.06,20916497,1991.06,0.4312714689963748
989,BEL,2022-05-01,2074.92,2221.83,1837.46,2073.87,48595080,2073.87,4.159091137384108
990,BEL,2022-06-01,2019.32,2120.68,1896.07,2035.2,42907103,2035.2,-1.864629894834291
991,BEL,2022-07-01,1997.23,2105.6,1950.2,2019.24,23634155,2019.24,-0.784198113207546
992,BEL,2022-08-01,1996.97,2066.42,1841.99,2009.59,47002226,2009.59,-0.4779025772072676
993,BEL,2022-09-01,2045.57,2088.83,1983.98,2028.56,23071733,2028.56,0.94397364636567
994,BEL,2022-10-01,2104.61,2332.82,1847.38,2086.21,4925058,2086.21,2.8419174192530816
995,BEL,2022-11-01,1971.87,2029.81,1765.8,2001.13,38746831,2001.13,-4.078208809276152
996,BEL,2022-12-01,1914.01,2070.8,1846.83,1950.91,21474754,1950.91,-2.5095820861213425
997,BEL,2023-01-01,2007.82,2132.94,1893.55,2016.75,23901471,2016.75,3.374835333254733
998,BEL,2023-02-01,2078.33,2291.45,2023.99,2068.81,16857236,2068.81,2.5813809346721284
999,BEL,2023-03-01,1721.65,1785.94,1691.24,1716.17,7226433,1716.17,-17.04554792368559
1000,BEL,2023-04-01,1827.9,1865.76,1632.09,1792.14,20307932,1792.14,4.426717632868549
1001,BEL,2023-05-01,1822.71,1856.72,1634.28,1821.95,22034190,1821.95,1.6633745131518607
1002,BEL,2023-06-01,1757.76,1839.85,1620.77,1771.7,4439654,1771.7,-2.7580339745876703
1003,BEL,2023-07-01,1907.85,2080.5,1650.6,1874.23,40553110,1874.23,5.7870971383417125
1004,BEL,2023-08-01,1686.41,1717.64,1511.72,1683.88,48041240,1683.88,-10.156170800808862
1005,BEL,2023-09-01,1891.19,2059.48,1868.47,1888.31,14446808,1888.31,12.140413806209448
1006,BEL,2023-10-01,1887.99,1979.82,1712.96,1852.61,8541178,1852.61,-1.8905794069829618
1007,BEL,2023-11-01,1885.1,2013.34,1692.81,1870.51,27234974,1870.51,0.966204435903939
1008,BEL,2023-12-01,2011.05,2156.25,1999.11,2021.48,30605948,2021.48,8.07106083367637
1009,BEL,2024-01-01,1989.79,2070.51,1806.59,1967.61,21647174,1967.61,-2.664879197419723
1010,BEL,2024-02-01,2033.91,2176.32,1980.0,2046.84,28866796,2046.84,4.026712610730776
1011,BEL,2024-03-01,1955.69,2064.05,1866.19,1994.87,13116377,1994.87,-2.5390357819858878
1012,BEL,2024-04-01,2137.64,2269.07,1964.6,2098.44,22331338,2098.44,5.191817010632271
1013,BEL,2024-05-01,2262.32,2311.96,2125.42,2254.82,43412183,2254.82,7.452202588589629
1014,BEL,2024-06-01,2301.99,2511.05,2123.53,2305.87,4713230,2305.87,2.2640388146282
1015,BEL,2024-07-01,2442.05,2557.83,2433.26,2466.95,47911092,2466.95,6.985649668021177
1016,BEL,2024-08-01,2443.63,2567.43,2396.54,2449.17,48334448,2449.17,-0.7207280244836634
1017,BEL,2024-09-01,2471.28,2731.95,2290.14,2516.41,36850011,2516.41,2.7454198769378824
1018,BEL,2024-10-01,2223.76,2274.83,2066.64,2240.28,17738312,2240.28,-10.97317209834644
1019,BEL,2024-11-01,1983.84,2052.93,1819.78,1990.92,48747723,1990.92,-11.130751513203707
1020,BEL,2024-12-01,1978.07,2116.49,1885.64,1998.73,49168704,1998.73,0.3922809555381379
1021,BHARTIARTL,2020-01-01,2808.35,3077.72,2543.06,2858.19,33875926,2858.19,
1022,BHARTIARTL,2020-02-01,3095.38,3284.43,2935.64,3053.65,10627397,3053.65,6.838593655425296
1023,BHARTIARTL,2020-03-01,2778.43,2881.79,2769.71,2812.28,3726012,2812.28,-7.904311234096895
1024,BHARTIARTL,2020-04-01,2763.22,2940.61,2659.99,2805.23,27285574,2805.23,-0.25068627590425496
1025,BHARTIARTL,2020-05-01,2637.4,2756.88,2468.08,2667.55,35231169,2667.55,-4.907975460122693
1026,BHARTIARTL,2020-06-01,2614.07,2696.61,2369.69,2567.38,48825180,2567.38,-3.755131112818877
1027,BHARTIARTL,2020-07-01,2496.59,2539.64,2283.49,2496.0,13413048,2496.0,-2.7802662636617903
1028,BHARTIARTL,2020-08-01,2615.81,2881.93,2563.28,2630.58,42258717,2630.58,5.3918269230769145
1029,BHARTIARTL,2020-09-01,2469.92,2520.32,2372.76,2478.93,590394,2478.93,-5.76488835161828
1030,BHARTIARTL,2020-10-01,2650.54,2794.98,2554.66,2671.48,38335649,2671.48,7.767464188177975
1031,BHARTIARTL,2020-11-01,2653.47,2756.54,2498.55,2602.73,34676719,2602.73,-2.5734798688367477
1032,BHARTIARTL,2020-12-01,2815.37,2865.68,2638.83,2769.39,30523127,2769.39,6.403276559612392
1033,BHARTIARTL,2021-01-01,2856.57,3084.2,2617.49,2875.69,23774302,2875.69,3.838390403662917
1034,BHARTIARTL,2021-02-01,2807.77,2998.97,2731.02,2793.06,28508318,2793.06,-2.873397341159867
1035,BHARTIARTL,2021-03-01,2676.89,2807.97,2532.78,2711.4,15580740,2711.4,-2.9236751090202073
1036,BHARTIARTL,2021-04-01,2739.01,2922.5,2511.21,2742.96,12979571,2742.96,1.1639743306041117
1037,BHARTIARTL,2021-05-01,2867.3,2898.43,2738.61,2836.92,40417070,2836.92,3.4254965438796026
1038,BHARTIARTL,2021-06-01,2996.38,3054.46,2840.26,2987.14,41732807,2987.14,5.295179278936302
1039,BHARTIARTL,2021-07-01,2861.35,3108.42,2571.87,2910.08,31984254,2910.08,-2.5797250882114597
1040,BHARTIARTL,2021-08-01,3257.02,3496.71,3015.24,3305.49,27316854,3305.49,13.587598966351443
1041,BHARTIARTL,2021-09-01,3589.11,3634.66,3152.05,3535.77,7361222,3535.77,6.96659194249567
1042,BHARTIARTL,2021-10-01,3730.36,3960.7,3453.79,3708.17,5424919,3708.17,4.875882763867567
1043,BHARTIARTL,2021-11-01,3712.07,4078.35,3357.89,3780.22,5708611,3780.22,1.9430069279455786
1044,BHARTIARTL,2021-12-01,3840.24,4005.83,3452.59,3857.98,13076397,3857.98,2.0570231362195823
1045,BHARTIARTL,2022-01-01,3967.41,4330.61,3765.79,3930.32,5713906,3930.32,1.8750745208632624
1046,BHARTIARTL,2022-02-01,4189.42,4273.02,3903.5,4107.65,17114002,4107.65,4.511846363654848
1047,BHARTIARTL,2022-03-01,3962.14,4368.01,3466.18,3926.74,34864780,3926.74,-4.404221391793362
1048,BHARTIARTL,2022-04-01,3673.83,4120.21,3690.94,3738.84,48782535,3738.84,-4.7851398360981285
1049,BHARTIARTL,2022-05-01,3960.54,4201.08,3474.14,3885.55,32544339,3885.55,3.9239443249778017
1050,BHARTIARTL,2022-06-01,4151.31,4634.73,3875.03,4174.3,2093403,4174.3,7.4313803708612625
1051,BHARTIARTL,2022-07-01,4346.13,4614.91,3855.72,4351.52,21402046,4351.52,4.245502239896526
1052,BHARTIARTL,2022-08-01,4628.48,5142.32,4395.01,4623.8,15651480,4623.8,6.257123947494203
1053,BHARTIARTL,2022-09-01,4612.08,4797.13,4367.28,4572.7,33145384,4572.7,-1.1051516069034206
1054,BHARTIARTL,2022-10-01,4034.74,4168.17,3667.86,4009.8,6350036,4009.8,-12.310013777418149
1055,BHARTIARTL,2022-11-01,4067.92,4505.1,3984.88,4074.55,22506984,4074.55,1.614793755299515
1056,BHARTIARTL,2022-12-01,3956.43,4071.07,3812.52,3997.26,41080845,3997.26,-1.896896589807462
1057,BHARTIARTL,2023-01-01,4265.54,4778.53,3915.95,4318.66,27573474,4318.66,8.040507747807247
1058,BHARTIARTL,2023-02-01,4335.86,4382.23,4206.36,4291.23,41043324,4291.23,-0.6351507180468063
1059,BHARTIARTL,2023-03-01,3848.13,4104.39,3413.76,3835.48,37856662,3835.48,-10.620498085630448
1060,BHARTIARTL,2023-04-01,3633.08,3811.52,3331.37,3698.62,9294007,3698.62,-3.5682626424854313
1061,BHARTIARTL,2023-05-01,4041.74,4038.33,3533.37,3990.74,28681236,3990.74,7.898080905851379
1062,BHARTIARTL,2023-06-01,4064.62,4290.1,3767.2,4101.66,29857690,4101.66,2.779434390614277
1063,BHARTIARTL,2023-07-01,4409.02,4841.39,4232.4,4435.19,10373511,4435.19,8.131585748209247
1064,BHARTIARTL,2023-08-01,5043.0,5090.37,4446.1,4971.68,33842167,4971.68,12.096212338141111
1065,BHARTIARTL,2023-09-01,5069.37,5206.32,4505.76,5053.45,40661263,5053.45,1.6447156695523324
1066,BHARTIARTL,2023-10-01,5291.29,5628.77,5043.7,5221.44,35193533,5221.44,3.324263621882073
1067,BHARTIARTL,2023-11-01,5033.45,5541.81,4690.93,5129.17,47902756,5129.17,-1.7671370349941706
1068,BHARTIARTL,2023-12-01,5343.12,5812.68,4862.85,5413.3,35639788,5413.3,5.539492744440144
1069,BHARTIARTL,2024-01-01,5512.94,6060.07,4928.72,5456.41,7297577,5456.41,0.7963718988417412
1070,BHARTIARTL,2024-02-01,5018.0,5313.5,4890.58,4988.88,7416066,4988.88,-8.568454350021348
1071,BHARTIARTL,2024-03-01,4825.3,5276.52,4596.42,4862.36,37765890,4862.36,-2.5360401533009447
1072,BHARTIARTL,2024-04-01,4737.48,5060.36,4416.99,4777.18,49206064,4777.18,-1.751824217046849
1073,BHARTIARTL,2024-05-01,4507.49,4878.23,4130.41,4550.14,45772968,4550.14,-4.752594626955653
1074,BHARTIARTL,2024-06-01,4295.2,4685.12,3767.33,4226.39,32862478,4226.39,-7.115165687209624
1075,BHARTIARTL,2024-07-01,4400.63,4810.03,4050.34,4435.45,9496295,4435.45,4.9465382986425555
1076,BHARTIARTL,2024-08-01,4447.55,4551.56,3996.55,4461.3,5322555,4461.3,0.5828044505067131
1077,BHARTIARTL,2024-09-01,4323.45,4501.11,4177.89,4394.18,9939430,4394.18,-1.5044942057247823
1078,BHARTIARTL,2024-10-01,4502.4,4657.24,4445.55,4528.83,41091415,4528.83,3.064280480089554
1079,BHARTIARTL,2024-11-01,4664.95,5106.84,4497.54,4709.01,31473827,4709.01,3.9785110061539175
1080,BHARTIARTL,2024-12-01,5357.24,5418.73,4969.02,5342.39,44559596,5342.39,13.450385537512123
1081,BHEL,2020-01-01,2292.76,2467.32,2247.99,2275.76,49281476,2275.76,
1082,BHEL,2020-02-01,2203.03,2258.73,2108.51,2178.57,5440753,2178.57,-4.270661229655149
1083,BHEL,2020-03-01,2155.27,2344.12,2013.89,2171.74,21944476,2171.74,-0.3135084023006107
1084,BHEL,2020-04-01,2263.47,2508.5,2254.27,2293.31,47043467,2293.31,5.597815576450227
1085,BHEL,2020-05-01,2406.21,2456.69,2100.64,2367.18,13473063,2367.18,3.2211083543001173
1086,BHEL,2020-06-01,2495.55,2670.88,2373.2,2473.84,12931902,2473.84,4.5057832526466335
1087,BHEL,2020-07-01,2460.44,2683.11,2228.35,2486.8,41167878,2486.8,0.5238819002037376
1088,BHEL,2020-08-01,2428.1,2668.5,2280.76,2466.83,29842575,2466.83,-0.8030400514717817
1089,BHEL,2020-09-01,2625.7,2921.56,2356.33,2608.71,13332019,2608.71,5.751511048592728
1090,BHEL,2020-10-01,2575.52,2841.26,2496.45,2545.47,25193488,2545.47,-2.424186666973338
1091,BHEL,2020-11-01,2439.01,2578.76,2404.84,2479.84,18977948,2479.84,-2.578305774572065
1092,BHEL,2020-12-01,2451.87,2577.34,2430.48,2460.12,31521211,2460.12,-0.7952125943609389
1093,BHEL,2021-01-01,2408.88,2443.64,2127.94,2401.12,6106869,2401.12,-2.398256995593706
1094,BHEL,2021-02-01,2539.43,2830.39,2378.61,2544.94,42162979,2544.94,5.9897048044246
1095,BHEL,2021-03-01,2679.55,2805.81,2507.54,2726.37,31901377,2726.37,7.129048229034862
1096,BHEL,2021-04-01,2901.0,3048.48,2726.31,2903.95,49811602,2903.95,6.513422609550434
1097,BHEL,2021-05-01,2874.36,3166.18,2727.41,2884.63,44341112,2884.63,-0.6653007111003917
1098,BHEL,2021-06-01,3092.34,3376.87,2977.93,3136.97,20927408,3136.97,8.747742344772114
1099,BHEL,2021-07-01,3104.13,3206.61,2982.23,3103.38,16068804,3103.38,-1.0707784900716222
1100,BHEL,2021-08-01,3272.45,3315.42,3178.97,3225.51,42593911,3225.51,3.9353865785047404
1101,BHEL,2021-09-01,3549.08,3628.17,3115.76,3536.83,1096649,3536.83,9.651807001063384
1102,BHEL,2021-10-01,3452.75,3671.59,3245.2,3463.46,472410,3463.46,-2.074456504836253
1103,BHEL,2021-11-01,3415.87,3712.03,3082.62,3403.83,40675786,3403.83,-1.721688715908376
1104,BHEL,2021-12-01,3840.44,3916.19,3434.26,3790.41,31438720,3790.41,11.357206440979727
1105,BHEL,2022-01-01,3475.28,3843.33,3315.7,3476.96,22459465,3476.96,-8.269553953266263
1106,BHEL,2022-02-01,3466.61,3509.59,3225.69,3399.22,18001251,3399.22,-2.2358612120933263
1107,BHEL,2022-03-01,3015.86,3240.07,2963.88,3021.77,40060823,3021.77,-11.104017980595549
1108,BHEL,2022-04-01,2507.23,2764.54,2397.55,2538.47,24669115,2538.47,-15.993937328122264
1109,BHEL,2022-05-01,2320.68,2574.02,2125.01,2317.62,47617974,2317.62,-8.700122514743125
1110,BHEL,2022-06-01,2297.43,2492.38,2169.72,2308.9,6556092,2308.9,-0.37624804756603014
1111,BHEL,2022-07-01,2334.33,2506.04,2284.63,2366.07,11101477,2366.07,2.4760708562518996
1112,BHEL,2022-08-01,2268.46,2400.32,2234.7,2275.84,35550048,2275.84,-3.8134966421111804
1113,BHEL,2022-09-01,2189.18,2439.79,2079.81,2181.69,14341663,2181.69,-4.136934055118113
1114,BHEL,2022-10-01,2221.24,2256.84,2177.78,2208.16,8821770,2208.16,1.2132796135106094
1115,BHEL,2022-11-01,2375.98,2562.54,2231.83,2339.25,30763523,2339.25,5.9366169118179934
1116,BHEL,2022-12-01,2271.01,2269.07,2041.31,2227.53,12489545,2227.53,-4.775889708239811
1117,BHEL,2023-01-01,2425.01,2655.14,2209.92,2446.41,12025984,2446.41,9.826130287807565
1118,BHEL,2023-02-01,2404.14,2498.98,2145.06,2368.2,1080608,2368.2,-3.1969293781500263
1119,BHEL,2023-03-01,2411.12,2492.56,2096.37,2380.13,34044509,2380.13,0.5037581285364467
1120,BHEL,2023-04-01,2449.99,2502.36,2188.84,2438.65,39525154,2438.65,2.458689231260469
1121,BHEL,2023-05-01,2512.38,2590.66,2284.39,2481.52,38509597,2481.52,1.757939843766021
1122,BHEL,2023-06-01,2462.98,2568.15,2397.95,2436.48,20382489,2436.48,-1.8150166027273595
1123,BHEL,2023-07-01,2634.36,2886.17,2313.44,2600.5,46831017,2600.5,6.7318426582611
1124,BHEL,2023-08-01,2657.16,2874.76,2363.92,2620.46,40275448,2620.46,0.7675447029417359
1125,BHEL,2023-09-01,2667.5,2700.62,2384.16,2659.44,26925298,2659.44,1.487525091014552
1126,BHEL,2023-10-01,2631.17,2896.98,2363.39,2679.99,48022302,2679.99,0.7727190686761087
1127,BHEL,2023-11-01,2827.76,3058.05,2739.72,2823.02,762732,2823.02,5.336960212538111
1128,BHEL,2023-12-01,2891.36,3043.98,2683.3,2870.19,3703437,2870.19,1.6709056258900068
1129,BHEL,2024-01-01,3131.58,3374.29,2844.53,3173.16,32448022,3173.16,10.55574718050023
1130,BHEL,2024-02-01,3267.92,3548.57,3039.94,3208.58,7944473,3208.58,1.1162374415409237
1131,BHEL,2024-03-01,3127.67,3332.24,2803.82,3088.41,40204303,3088.41,-3.745270493489339
1132,BHEL,2024-04-01,3157.28,3493.43,2923.07,3125.59,22802348,3125.59,1.2038557056867516
1133,BHEL,2024-05-01,3227.83,3405.93,2832.23,3182.85,20957405,3182.85,1.831974123285507
1134,BHEL,2024-06-01,2978.71,3320.55,2679.22,3007.26,4626972,3007.26,-5.516753852679191
1135,BHEL,2024-07-01,2909.52,3171.83,2703.13,2940.84,39466806,2940.84,-2.208655054767461
1136,BHEL,2024-08-01,3067.47,3265.03,2737.98,3022.3,35711648,3022.3,2.769956883067426
1137,BHEL,2024-09-01,2901.94,3036.0,2578.35,2872.2,35047359,2872.2,-4.96641630546274
1138,BHEL,2024-10-01,2995.28,3007.62,2754.56,2943.92,40749790,2943.92,2.497040596058775
1139,BHEL,2024-11-01,3086.53,3300.2,2850.78,3087.4,42425336,3087.4,4.873773743851739
1140,BHEL,2024-12-01,3163.31,3315.13,2915.61,3121.86,42354571,3121.86,1.116149510915343
1141,BOSCHLTD,2020-01-01,1371.13,1442.08,1277.95,1355.19,11993026,1355.19,
1142,BOSCHLTD,2020-02-01,1275.71,1371.06,1181.85,1289.18,5430367,1289.18,-4.870903710918761
1143,BOSCHLTD,2020-03-01,1269.16,1330.16,1203.55,1293.21,15423678,1293.21,0.31260180890178013
1144,BOSCHLTD,2020-04-01,1319.03,1387.07,1246.85,1326.64,27630447,1326.64,2.5850403260104793
1145,BOSCHLTD,2020-05-01,1377.94,1451.36,1253.84,1380.27,12249005,1380.27,4.04254356871494
1146,BOSCHLTD,2020-06-01,1362.71,1519.28,1254.08,1389.32,35493876,1389.32,0.6556688184195858
1147,BOSCHLTD,2020-07-01,1536.92,1594.13,1433.92,1522.19,10328463,1522.19,9.563671436386144
1148,BOSCHLTD,2020-08-01,1521.55,1522.72,1459.8,1499.1,9989999,1499.1,-1.5168934232914544
1149,BOSCHLTD,2020-09-01,1611.86,1706.53,1599.63,1632.86,6419192,1632.86,8.922686945500624
1150,BOSCHLTD,2020-10-01,1591.27,1663.95,1389.99,1563.52,9879411,1563.52,-4.246536751466746
1151,BOSCHLTD,2020-11-01,1586.01,1748.79,1478.77,1573.28,13560149,1573.28,0.6242325010233252
1152,BOSCHLTD,2020-12-01,1622.88,1744.72,1593.74,1611.78,13325859,1611.78,2.447116851418696
1153,BOSCHLTD,2021-01-01,1670.24,1796.06,1538.19,1684.75,7648087,1684.75,4.527292806710603
1154,BOSCHLTD,2021-02-01,1734.43,1854.85,1699.31,1764.24,27029123,1764.24,4.718207449176437
1155,BOSCHLTD,2021-03-01,1844.2,2003.03,1795.49,1854.46,23372092,1854.46,5.11381671427924
1156,BOSCHLTD,2021-04-01,1832.59,1897.96,1813.32,1857.24,39179685,1857.24,0.14990886834982398
1157,BOSCHLTD,2021-05-01,1585.87,1708.02,1558.11,1583.32,29030594,1583.32,-14.748766987572958
1158,BOSCHLTD,2021-06-01,1806.87,1869.91,1633.09,1841.31,9448604,1841.31,16.2942424778314
1159,BOSCHLTD,2021-07-01,1940.36,2004.75,1901.09,1955.92,7823823,1955.92,6.2243728649711505
1160,BOSCHLTD,2021-08-01,2085.9,2164.85,1921.87,2086.83,12807721,2086.83,6.693014029203637
1161,BOSCHLTD,2021-09-01,2142.33,2166.03,1909.15,2131.6,2736012,2131.6,2.145359229069932
1162,BOSCHLTD,2021-10-01,2150.59,2182.63,2088.14,2148.27,25645737,2148.27,0.7820416588478096
1163,BOSCHLTD,2021-11-01,1986.04,2073.12,1838.68,2009.33,29715471,2009.33,-6.46752968667812
1164,BOSCHLTD,2021-12-01,2082.41,2104.41,2030.16,2057.5,1196892,2057.5,2.3973165184414835
1165,BOSCHLTD,2022-01-01,2005.35,2043.65,1786.63,1993.96,34901837,1993.96,-3.088213851761845
1166,BOSCHLTD,2022-02-01,2100.37,2334.36,2093.75,2129.69,34627175,2129.69,6.807057313085529
1167,BOSCHLTD,2022-03-01,2223.1,2305.5,1981.79,2231.8,35193674,2231.8,4.794594518451056
1168,BOSCHLTD,2022-04-01,2229.87,2434.23,2084.44,2190.62,4611906,2190.62,-1.8451474146429003
1169,BOSCHLTD,2022-05-01,2072.77,2218.64,1863.8,2104.48,24876119,2104.48,-3.9322201020715486
1170,BOSCHLTD,2022-06-01,1995.47,2078.24,1811.04,1971.57,38664720,1971.57,-6.31557439367445
1171,BOSCHLTD,2022-07-01,1961.05,2044.25,1743.93,1944.92,39942829,1944.92,-1.351714623371214
1172,BOSCHLTD,2022-08-01,1855.07,1902.71,1698.58,1845.61,5379670,1845.61,-5.10612261686857
1173,BOSCHLTD,2022-09-01,1783.15,1939.72,1770.99,1806.67,27749554,1806.67,-2.1098715329890827
1174,BOSCHLTD,2022-10-01,1980.27,2070.08,1914.75,1968.4,32246229,1968.4,8.95182850216143
1175,BOSCHLTD,2022-11-01,2210.57,2388.31,2068.22,2184.58,8422688,2184.58,10.982523877260707
1176,BOSCHLTD,2022-12-01,2217.14,2446.84,1998.15,2246.43,23244110,2246.43,2.8312078294225884
1177,BOSCHLTD,2023-01-01,2389.19,2605.57,2303.07,2416.7,41830936,2416.7,7.579581825385162
1178,BOSCHLTD,2023-02-01,2163.45,2172.5,2067.22,2123.13,7914979,2123.13,-12.1475565854264
1179,BOSCHLTD,2023-03-01,2156.62,2397.75,1910.36,2144.76,15222981,2144.76,1.0187788783541318
1180,BOSCHLTD,2023-04-01,2329.08,2437.23,2282.93,2324.49,3374741,2324.49,8.379958596766057
1181,BOSCHLTD,2023-05-01,2559.92,2690.34,2384.49,2591.55,42199658,2591.55,11.48897177445376
1182,BOSCHLTD,2023-06-01,2802.93,3059.76,2617.69,2779.18,38133156,2779.18,7.240068684763923
1183,BOSCHLTD,2023-07-01,2856.01,3163.22,2654.11,2861.48,48332879,2861.48,2.96130513316879
1184,BOSCHLTD,2023-08-01,2632.44,2719.73,2446.97,2651.57,47589950,2651.57,-7.335714385562708
1185,BOSCHLTD,2023-09-01,2567.86,2804.64,2353.11,2573.77,39167888,2573.77,-2.934110734395101
1186,BOSCHLTD,2023-10-01,2557.27,2725.55,2474.86,2563.1,19179930,2563.1,-0.4145669581975153
1187,BOSCHLTD,2023-11-01,2364.65,2522.65,2289.05,2362.36,18152238,2362.36,-7.831922281612103
1188,BOSCHLTD,2023-12-01,2229.24,2374.83,1993.24,2191.25,13948387,2191.25,-7.243180548265304
1189,BOSCHLTD,2024-01-01,2288.29,2473.28,2020.31,2287.42,30943337,2287.42,4.388819167142044
1190,BOSCHLTD,2024-02-01,2503.71,2712.32,2330.85,2534.8,4165547,2534.8,10.814804452177572
1191,BOSCHLTD,2024-03-01,2564.78,2698.65,2252.31,2542.69,1974554,2542.69,0.3112671611172457
1192,BOSCHLTD,2024-04-01,2680.58,2838.26,2484.58,2654.59,12231914,2654.59,4.400851067176892
1193,BOSCHLTD,2024-05-01,2628.82,2772.23,2382.31,2613.64,12448402,2613.64,-1.54261110001922
1194,BOSCHLTD,2024-06-01,2524.81,2778.29,2493.4,2568.67,20943657,2568.67,-1.720588910484988
1195,BOSCHLTD,2024-07-01,2848.56,2871.4,2661.74,2840.69,1972680,2840.69,10.58991618230447
1196,BOSCHLTD,2024-08-01,2989.12,3327.33,2953.78,2994.13,27073578,2994.13,5.401504564031989
1197,BOSCHLTD,2024-09-01,3048.28,3104.28,2842.09,3051.97,12088226,3051.97,1.9317798492383353
1198,BOSCHLTD,2024-10-01,3113.02,3345.04,2978.81,3155.4,17902847,3155.4,3.3889586070636524
1199,BOSCHLTD,2024-11-01,3487.38,3715.72,3146.81,3430.82,46782598,3430.82,8.728528871141528
1200,BOSCHLTD,2024-12-01,3513.56,3582.66,3066.98,3468.11,37091304,3468.11,1.086912166770615
1201,BPCL,2020-01-01,3258.33,3284.01,2940.62,3241.67,23034776,3241.67,
1202,BPCL,2020-02-01,3749.51,4006.43,3596.52,3739.79,14060369,3739.79,15.366153865137399
1203,BPCL,2020-03-01,3705.74,4084.87,3575.47,3738.96,49533072,3738.96,-0.022193759542643576
1204,BPCL,2020-04-01,3645.31,3826.89,3292.99,3594.0,22086095,3594.0,-3.8770139290070005
1205,BPCL,2020-05-01,3846.02,3909.8,3696.53,3787.15,3082137,3787.15,5.374234835837499
1206,BPCL,2020-06-01,3973.65,4085.22,3571.37,3904.82,25653219,3904.82,3.1070858033085624
1207,BPCL,2020-07-01,3899.65,4319.08,3612.45,3911.42,10037929,3911.42,0.16902187552818582
1208,BPCL,2020-08-01,3851.84,4052.89,3776.71,3851.05,38120525,3851.05,-1.5434292405315686
1209,BPCL,2020-09-01,3831.49,3948.54,3530.71,3884.81,21859916,3884.81,0.876644032147067
1210,BPCL,2020-10-01,4005.56,4446.97,3848.79,3991.06,13487531,3991.06,2.7350114934835856
1211,BPCL,2020-11-01,4089.21,4515.45,3820.75,4079.07,38755165,4079.07,2.2051785741131535
1212,BPCL,2020-12-01,4149.42,4437.95,3699.49,4144.53,6394269,4144.53,1.6047775595907865
1213,BPCL,2021-01-01,4432.92,4939.45,4128.55,4423.78,3273711,4423.78,6.737796565593679
1214,BPCL,2021-02-01,5048.49,5606.37,5032.43,5085.04,21574124,5085.04,14.947850028708487
1215,BPCL,2021-03-01,4746.27,4779.61,4325.84,4711.2,13334903,4711.2,-7.35176124474931
1216,BPCL,2021-04-01,5146.82,5839.3,4765.72,5240.02,40592150,5240.02,11.224741042621854
1217,BPCL,2021-05-01,5116.76,5620.82,4870.98,5051.32,32931700,5051.32,-3.6011312933920236
1218,BPCL,2021-06-01,5209.47,5538.54,5053.74,5122.46,35726501,5122.46,1.4083447494912305
1219,BPCL,2021-07-01,4853.72,5187.89,4342.06,4857.13,29665424,4857.13,-5.179737860324918
1220,BPCL,2021-08-01,4917.42,5305.19,4334.27,4919.13,9822540,4919.13,1.2764739671369707
1221,BPCL,2021-09-01,4889.07,5208.08,4724.75,4928.71,30229258,4928.71,0.19474988463406007
1222,BPCL,2021-10-01,5055.77,5414.8,4638.68,5131.59,48304470,5131.59,4.116290063728645
1223,BPCL,2021-11-01,5017.86,5279.12,4929.3,5103.58,10138644,5103.58,-0.5458347217918824
1224,BPCL,2021-12-01,5196.46,5452.53,4522.93,5133.3,4329831,5133.3,0.5823363207787535
1225,BPCL,2022-01-01,5289.88,5774.68,4996.1,5230.7,2711409,5230.7,1.8974149182786837
1226,BPCL,2022-02-01,5256.94,5861.06,5143.14,5313.71,25473103,5313.71,1.5869768864587908
1227,BPCL,2022-03-01,5456.1,6170.42,4951.89,5519.73,11360662,5519.73,3.877140453656658
1228,BPCL,2022-04-01,5932.33,6381.57,5237.96,5816.34,3426325,5816.34,5.3736324059329155
1229,BPCL,2022-05-01,6112.87,6678.07,6105.48,6235.31,46317030,6235.31,7.203327178259866
1230,BPCL,2022-06-01,6240.66,6257.65,5577.03,6145.22,33498839,6145.22,-1.4448359423990143
1231,BPCL,2022-07-01,6980.59,7262.35,6824.19,7045.8,48369672,7045.8,14.654967600834468
1232,BPCL,2022-08-01,6756.74,7191.28,6009.26,6755.98,28000919,6755.98,-4.113372505606183
1233,BPCL,2022-09-01,6616.21,7064.42,6326.43,6748.9,29324151,6748.9,-0.10479604735360581
1234,BPCL,2022-10-01,6245.03,6954.62,6094.42,6358.74,18377690,6358.74,-5.781090251744725
1235,BPCL,2022-11-01,6094.77,6315.28,5783.46,6130.03,7826585,6130.03,-3.5967817523597456
1236,BPCL,2022-12-01,5758.0,6277.08,5439.16,5776.43,19384481,5776.43,-5.76832413544468
1237,BPCL,2023-01-01,5838.81,5898.83,5657.36,5790.91,3986161,5790.91,0.25067385911365925
1238,BPCL,2023-02-01,5870.41,6505.29,5326.07,5854.27,18587522,5854.27,1.094128556651719
1239,BPCL,2023-03-01,5678.93,6266.74,5350.25,5783.22,23587979,5783.22,-1.2136440580977625
1240,BPCL,2023-04-01,5868.32,6098.72,5719.79,5915.25,22752545,5915.25,2.2829842198636596
1241,BPCL,2023-05-01,6276.87,6925.49,5768.9,6339.76,5963341,6339.76,7.17653522674444
1242,BPCL,2023-06-01,6299.2,6973.31,5923.45,6275.01,26720662,6275.01,-1.0213320378058444
1243,BPCL,2023-07-01,6784.43,7232.13,6048.51,6774.44,6540349,6774.44,7.959031140986217
1244,BPCL,2023-08-01,6706.63,7386.6,6065.25,6636.53,43490104,6636.53,-2.0357402235461564
1245,BPCL,2023-09-01,6880.25,7036.7,6278.98,6818.75,25134788,6818.75,2.745711991055577
1246,BPCL,2023-10-01,6690.42,6829.5,6176.54,6679.51,24305138,6679.51,-2.04201649862511
1247,BPCL,2023-11-01,6626.91,7224.39,6286.58,6574.43,27837953,6574.43,-1.5731692893640403
1248,BPCL,2023-12-01,6810.93,7180.63,6091.29,6804.21,33321685,6804.21,3.4950558451455116
1249,BPCL,2024-01-01,6288.94,6993.23,5952.56,6301.6,4361583,6301.6,-7.386750261970154
1250,BPCL,2024-02-01,6926.98,7454.85,6596.68,6819.3,24780392,6819.3,8.215373873302024
1251,BPCL,2024-03-01,6737.45,7365.03,6499.85,6642.07,34317067,6642.07,-2.598947106007954
1252,BPCL,2024-04-01,6008.96,6207.59,5936.01,6087.28,16098933,6087.28,-8.352667165507144
1253,BPCL,2024-05-01,5928.94,6202.62,5471.14,5977.67,6835426,5977.67,-1.8006400231301956
1254,BPCL,2024-06-01,5559.84,5907.2,5112.49,5505.56,17401266,5505.56,-7.897893326329486
1255,BPCL,2024-07-01,5567.05,5913.48,5435.26,5650.61,7683811,5650.61,2.6346093767028123
1256,BPCL,2024-08-01,5746.48,6129.5,5666.45,5848.65,12392777,5848.65,3.5047543539546977
1257,BPCL,2024-09-01,5380.32,5824.93,5101.36,5438.36,32806255,5438.36,-7.015123148076907
1258,BPCL,2024-10-01,5618.14,6331.06,5236.51,5729.03,34737169,5729.03,5.34480983237593
1259,BPCL,2024-11-01,5221.24,5649.36,4689.4,5280.85,39527555,5280.85,-7.8229647950874615
1260,BPCL,2024-12-01,4981.08,5350.31,4777.42,4933.55,28137660,4933.55,-6.576592783358748
1261,BRITANNIA,2020-01-01,700.64,762.5,633.07,693.83,28603524,693.83,
1262,BRITANNIA,2020-02-01,767.16,796.68,691.85,757.53,23021365,757.53,9.18092328091895
1263,BRITANNIA,2020-03-01,760.48,832.34,752.85,768.72,5017487,768.72,1.4771692210209464
1264,BRITANNIA,2020-04-01,808.65,882.79,787.56,811.41,42865748,811.41,5.5533874492663005
1265,BRITANNIA,2020-05-01,799.43,842.01,741.7,813.24,38636151,813.24,0.22553333086849925
1266,BRITANNIA,2020-06-01,767.02,858.6,722.92,779.82,29843590,779.82,-4.109487974029802
1267,BRITANNIA,2020-07-01,748.52,844.51,733.27,756.89,23035674,756.89,-2.940422148700994
1268,BRITANNIA,2020-08-01,754.54,837.44,690.85,752.64,8133123,752.64,-0.5615082772926105
1269,BRITANNIA,2020-09-01,795.34,859.68,800.55,809.12,33990667,809.12,7.504251700680276
1270,BRITANNIA,2020-10-01,829.34,926.06,765.26,827.42,14441386,827.42,2.261716432667593
1271,BRITANNIA,2020-11-01,811.29,817.17,751.88,808.95,41859484,808.95,-2.232239974861605
1272,BRITANNIA,2020-12-01,793.71,901.16,733.5,804.67,14094707,804.67,-0.5290809073490443
1273,BRITANNIA,2021-01-01,779.53,864.57,771.92,787.97,48756849,787.97,-2.075384940410341
1274,BRITANNIA,2021-02-01,769.17,839.01,694.37,757.95,5730743,757.95,-3.809789712806322
1275,BRITANNIA,2021-03-01,716.27,758.71,654.17,717.61,36866048,717.61,-5.3222508081008035
1276,BRITANNIA,2021-04-01,742.66,831.51,658.49,743.2,17815261,743.2,3.566003818229957
1277,BRITANNIA,2021-05-01,669.57,721.18,645.77,661.5,46942093,661.5,-10.993003229278797
1278,BRITANNIA,2021-06-01,664.2,738.8,629.67,669.47,41311822,669.47,1.20483749055178
1279,BRITANNIA,2021-07-01,606.03,648.1,556.51,610.61,48084410,610.61,-8.792029515885702
1280,BRITANNIA,2021-08-01,574.47,595.69,547.35,583.56,2949244,583.56,-4.429996233274935
1281,BRITANNIA,2021-09-01,581.01,616.33,564.06,582.73,36999785,582.73,-0.14223044759749115
1282,BRITANNIA,2021-10-01,526.6,561.25,490.52,536.2,38722354,536.2,-7.984830024196454
1283,BRITANNIA,2021-11-01,510.55,524.48,497.47,506.3,42989198,506.3,-5.576277508392402
1284,BRITANNIA,2021-12-01,518.79,541.41,477.33,509.3,48764702,509.3,0.592534070709072
1285,BRITANNIA,2022-01-01,530.97,549.89,481.55,532.99,33837042,532.99,4.651482426860398
1286,BRITANNIA,2022-02-01,529.22,579.05,463.14,520.51,25625129,520.51,-2.3415073453535773
1287,BRITANNIA,2022-03-01,560.34,583.54,560.23,567.9,45745991,567.9,9.104532093523666
1288,BRITANNIA,2022-04-01,515.65,534.22,464.3,522.04,45481238,522.04,-8.075365381229094
1289,BRITANNIA,2022-05-01,493.96,522.44,431.15,485.58,11415255,485.58,-6.98413914642556
1290,BRITANNIA,2022-06-01,424.03,473.92,412.44,426.98,1068122,426.98,-12.068042341117835
1291,BRITANNIA,2022-07-01,401.57,438.59,375.24,395.1,3688145,395.1,-7.4663918684715895
1292,BRITANNIA,2022-08-01,414.81,466.32,371.5,418.1,26664775,418.1,5.821311060491019
1293,BRITANNIA,2022-09-01,385.93,421.36,386.74,392.48,25203322,392.48,-6.1277206409949825
1294,BRITANNIA,2022-10-01,386.04,417.32,355.09,387.05,42810666,387.05,-1.3835099877700818
1295,BRITANNIA,2022-11-01,374.24,414.5,344.31,378.69,38384946,378.69,-2.1599276579253313
1296,BRITANNIA,2022-12-01,376.98,387.4,345.09,370.58,47165472,370.58,-2.1415933877313886
1297,BRITANNIA,2023-01-01,367.4,371.17,338.5,361.61,23083069,361.61,-2.420529980031294
1298,BRITANNIA,2023-02-01,345.02,377.78,313.21,339.64,24637723,339.64,-6.075606316197013
1299,BRITANNIA,2023-03-01,329.2,338.87,295.23,327.32,1985446,327.32,-3.6273701566364336
1300,BRITANNIA,2023-04-01,299.33,307.25,261.97,295.75,11625867,295.75,-9.644995722840033
1301,BRITANNIA,2023-05-01,294.31,314.3,294.0,297.7,10108176,297.7,0.659340659340657
1302,BRITANNIA,2023-06-01,327.11,335.38,289.32,321.83,19030343,321.83,8.105475310715482
1303,BRITANNIA,2023-07-01,299.77,332.7,264.7,298.98,10592781,298.98,-7.1000217506136725
1304,BRITANNIA,2023-08-01,335.68,359.62,295.1,333.69,20211634,333.69,11.609472205498683
1305,BRITANNIA,2023-09-01,351.27,372.71,317.45,356.57,21412911,356.57,6.856663370193883
1306,BRITANNIA,2023-10-01,394.23,434.64,363.65,390.07,15931232,390.07,9.39506969178563
1307,BRITANNIA,2023-11-01,341.63,382.49,339.37,347.93,33683107,347.93,-10.803189171174399
1308,BRITANNIA,2023-12-01,347.16,376.34,338.32,350.97,6911500,350.97,0.8737389704825738
1309,BRITANNIA,2024-01-01,348.93,371.65,309.07,350.9,40987971,350.9,-0.01994472462035768
1310,BRITANNIA,2024-02-01,395.96,415.89,371.18,388.87,35161215,388.87,10.820746651467662
1311,BRITANNIA,2024-03-01,332.09,375.86,320.48,337.13,14977702,337.13,-13.305217682001702
1312,BRITANNIA,2024-04-01,355.15,392.08,327.07,355.57,33057439,355.57,5.469700115682374
1313,BRITANNIA,2024-05-01,367.38,374.46,340.87,368.32,27376085,368.32,3.585791827207019
1314,BRITANNIA,2024-06-01,337.47,375.56,333.86,343.81,38585029,343.81,-6.65453953084274
1315,BRITANNIA,2024-07-01,347.9,390.22,340.79,350.66,42142471,350.66,1.9923795119397347
1316,BRITANNIA,2024-08-01,318.99,343.7,302.91,325.09,7952842,325.09,-7.2919637255461245
1317,BRITANNIA,2024-09-01,329.24,360.23,305.7,323.91,33385139,323.91,-0.362976406533555
1318,BRITANNIA,2024-10-01,320.33,339.97,307.64,324.39,2036092,324.39,0.14818931184588102
1319,BRITANNIA,2024-11-01,330.71,353.85,310.95,337.46,26724366,337.46,4.029100773759975
1320,BRITANNIA,2024-12-01,357.85,366.44,319.19,353.52,12599099,353.52,4.759082557932803
1321,CANBK,2020-01-01,1410.03,1528.1,1398.67,1434.21,12143350,1434.21,
1322,CANBK,2020-02-01,1413.6,1464.6,1343.21,1395.91,27579458,1395.91,-2.6704596955815396
1323,CANBK,2020-03-01,1377.01,1416.56,1380.07,1396.44,19235708,1396.44,0.037968063843663025
1324,CANBK,2020-04-01,1625.57,1754.95,1476.21,1619.94,29330335,1619.94,16.004984102431898
1325,CANBK,2020-05-01,1766.59,1823.81,1631.11,1755.11,26930837,1755.11,8.344136202575392
1326,CANBK,2020-06-01,1727.36,1920.44,1617.71,1751.85,32337742,1751.85,-0.1857433437220446
1327,CANBK,2020-07-01,1750.32,1909.26,1544.99,1751.22,10338838,1751.22,-0.035961983046484125
1328,CANBK,2020-08-01,1834.65,2031.56,1722.01,1835.84,46500537,1835.84,4.832059935359334
1329,CANBK,2020-09-01,1767.61,1909.97,1577.59,1739.03,44990663,1739.03,-5.273335366916509
1330,CANBK,2020-10-01,1773.22,1953.19,1643.6,1753.68,33886979,1753.68,0.8424236499657844
1331,CANBK,2020-11-01,1777.13,1824.75,1682.48,1799.96,7826649,1799.96,2.6390219424296424
1332,CANBK,2020-12-01,1681.04,1795.93,1586.28,1710.15,31196303,1710.15,-4.989555323451633
1333,CANBK,2021-01-01,1604.06,1705.13,1509.66,1588.92,27879791,1588.92,-7.088851855100431
1334,CANBK,2021-02-01,1605.29,1681.67,1548.74,1606.3,21695077,1606.3,1.0938247362988651
1335,CANBK,2021-03-01,1766.09,1813.24,1544.67,1736.69,4637678,1736.69,8.117412687542803
1336,CANBK,2021-04-01,1921.64,2078.86,1711.58,1914.56,17900486,1914.56,10.241896941883688
1337,CANBK,2021-05-01,1989.72,2002.54,1786.93,1980.74,47955306,1980.74,3.4566688952030855
1338,CANBK,2021-06-01,1947.57,2043.98,1746.04,1967.66,1506747,1967.66,-0.6603592596706287
1339,CANBK,2021-07-01,1937.86,2137.18,1924.83,1962.09,20461219,1962.09,-0.2830773609261872
1340,CANBK,2021-08-01,2059.54,2236.12,2053.79,2095.94,40238283,2095.94,6.821807358479992
1341,CANBK,2021-09-01,2233.23,2441.43,1965.5,2199.84,26748402,2199.84,4.957202973367569
1342,CANBK,2021-10-01,2433.21,2590.28,2290.56,2455.0,3615987,2455.0,11.599025383664262
1343,CANBK,2021-11-01,2502.77,2641.31,2361.22,2537.05,33598090,2537.05,3.3421588594704676
1344,CANBK,2021-12-01,2551.82,2700.24,2440.58,2538.99,43356075,2538.99,0.07646676257857532
1345,CANBK,2022-01-01,2417.89,2719.2,2183.55,2440.85,38756179,2440.85,-3.8653165234994957
1346,CANBK,2022-02-01,2490.67,2802.86,2416.2,2518.98,37715304,2518.98,3.2009341008255365
1347,CANBK,2022-03-01,2903.88,3130.02,2548.84,2859.25,48122029,2859.25,13.508245400916241
1348,CANBK,2022-04-01,2710.78,2822.82,2634.85,2714.93,25964363,2714.93,-5.047477485354557
1349,CANBK,2022-05-01,2888.81,3124.73,2651.6,2865.97,31498037,2865.97,5.563311024593642
1350,CANBK,2022-06-01,2590.58,2823.84,2298.36,2594.91,43001415,2594.91,-9.457879880110397
1351,CANBK,2022-07-01,2509.31,2641.35,2428.72,2484.5,18979544,2484.5,-4.254868184253013
1352,CANBK,2022-08-01,2415.07,2438.56,2227.63,2389.22,49585138,2389.22,-3.834976856510375
1353,CANBK,2022-09-01,2440.36,2500.35,2233.23,2414.17,39026192,2414.17,1.0442738634366178
1354,CANBK,2022-10-01,2213.46,2302.19,2182.87,2224.14,29669152,2224.14,-7.871442359071656
1355,CANBK,2022-11-01,2546.27,2764.33,2408.12,2579.66,25296146,2579.66,15.984605285638498
1356,CANBK,2022-12-01,2640.39,2872.27,2454.76,2612.58,6640885,2612.58,1.2761371653628784
1357,CANBK,2023-01-01,2458.09,2656.46,2221.69,2489.6,46705972,2489.6,-4.707224276385791
1358,CANBK,2023-02-01,2492.47,2556.57,2278.01,2463.44,19219906,2463.44,-1.05077120822622
1359,CANBK,2023-03-01,2310.91,2391.26,2153.4,2300.63,7457950,2300.63,-6.609050758289214
1360,CANBK,2023-04-01,2338.35,2466.58,2205.22,2300.41,46891460,2300.41,-0.009562598070977923
1361,CANBK,2023-05-01,2232.84,2514.23,2238.57,2268.22,42980315,2268.22,-1.399315774144616
1362,CANBK,2023-06-01,2184.45,2439.57,2028.72,2189.49,564583,2189.49,-3.471003694526986
1363,CANBK,2023-07-01,2251.79,2323.88,2068.33,2219.05,30697201,2219.05,1.350086093108449
1364,CANBK,2023-08-01,2195.9,2339.78,2004.71,2160.84,40989449,2160.84,-2.623194610306212
1365,CANBK,2023-09-01,2225.57,2284.33,1941.84,2193.74,33460480,2193.74,1.5225560430202956
1366,CANBK,2023-10-01,2113.75,2137.34,2015.59,2079.29,42684447,2079.29,-5.217117798827564
1367,CANBK,2023-11-01,2116.95,2253.91,2028.54,2156.29,2620322,2156.29,3.7031871456121968
1368,CANBK,2023-12-01,2117.43,2335.32,1991.53,2143.98,12888989,2143.98,-0.5708879603392836
1369,CANBK,2024-01-01,2146.91,2241.29,1937.17,2107.8,16103537,2107.8,-1.687515741751311
1370,CANBK,2024-02-01,2004.87,2134.4,1743.3,1975.24,21565777,1975.24,-6.289021728816779
1371,CANBK,2024-03-01,1892.55,2106.98,1824.18,1926.96,28558594,1926.96,-2.4442599380328445
1372,CANBK,2024-04-01,1914.04,1962.44,1815.13,1913.72,10470409,1913.72,-0.6870926225764906
1373,CANBK,2024-05-01,1700.53,1927.49,1682.46,1729.73,36146438,1729.73,-9.614259139268022
1374,CANBK,2024-06-01,1819.24,1823.78,1667.64,1785.09,8119596,1785.09,3.2004994999219383
1375,CANBK,2024-07-01,1793.08,1888.1,1708.79,1798.1,6538916,1798.1,0.7288147936518552
1376,CANBK,2024-08-01,1710.9,1750.73,1645.43,1683.04,2125227,1683.04,-6.398976697625269
1377,CANBK,2024-09-01,1649.25,1807.01,1455.45,1647.5,48346590,1647.5,-2.111655100294707
1378,CANBK,2024-10-01,1782.53,1824.12,1608.24,1748.31,3413627,1748.31,6.118968133535652
1379,CANBK,2024-11-01,1779.32,1881.35,1749.28,1777.04,12375387,1777.04,1.6433012452025109
1380,CANBK,2024-12-01,1739.25,1871.85,1685.65,1760.81,3493710,1760.81,-0.9133165263584431
1381,CHOLAFIN,2020-01-01,1988.48,2020.5,1848.56,1960.12,10840666,1960.12,
1382,CHOLAFIN,2020-02-01,1861.38,2095.2,1762.93,1881.39,17680213,1881.39,-4.0165908209701335
1383,CHOLAFIN,2020-03-01,1951.0,2174.04,1802.69,1951.83,34723780,1951.83,3.744040310621388
1384,CHOLAFIN,2020-04-01,2214.48,2364.25,2016.33,2217.07,22802043,2217.07,13.589298248310566
1385,CHOLAFIN,2020-05-01,2282.87,2384.15,2015.93,2278.81,24865126,2278.81,2.7847564578475037
1386,CHOLAFIN,2020-06-01,2362.05,2386.88,2236.32,2320.67,49247962,2320.67,1.8369236575230152
1387,CHOLAFIN,2020-07-01,2418.34,2593.66,2217.86,2384.99,27076488,2384.99,2.771613370276671
1388,CHOLAFIN,2020-08-01,2382.27,2523.92,2187.27,2374.75,24713049,2374.75,-0.4293519050394212
1389,CHOLAFIN,2020-09-01,2512.62,2609.22,2418.85,2555.69,6135937,2555.69,7.619328350352661
1390,CHOLAFIN,2020-10-01,2756.31,2992.93,2590.23,2802.35,29481632,2802.35,9.65140529563444
1391,CHOLAFIN,2020-11-01,2601.93,2930.94,2467.54,2620.23,34403099,2620.23,-6.49883133798419
1392,CHOLAFIN,2020-12-01,2596.8,2657.93,2571.77,2604.73,14384325,2604.73,-0.5915511233746673
1393,CHOLAFIN,2021-01-01,2567.91,2872.84,2454.37,2613.74,13983037,2613.74,0.3459091729276942
1394,CHOLAFIN,2021-02-01,2618.81,2719.01,2588.28,2645.27,34332608,2645.27,1.2063173842846053
1395,CHOLAFIN,2021-03-01,2670.38,2898.05,2497.05,2700.98,18244211,2700.98,2.1060232036805404
1396,CHOLAFIN,2021-04-01,2670.25,2882.44,2624.74,2659.92,8868190,2659.92,-1.5201889684484882
1397,CHOLAFIN,2021-05-01,2452.41,2541.08,2376.59,2448.16,24314254,2448.16,-7.96114168847184
1398,CHOLAFIN,2021-06-01,2179.16,2254.7,1944.59,2160.66,4386928,2160.66,-11.743513495849944
1399,CHOLAFIN,2021-07-01,2249.68,2381.38,2093.68,2261.64,23511957,2261.64,4.673571964122081
1400,CHOLAFIN,2021-08-01,2165.74,2196.8,1966.57,2151.47,33220344,2151.47,-4.871243876125297
1401,CHOLAFIN,2021-09-01,2163.56,2196.38,1923.48,2129.76,1250049,2129.76,-1.0090775144435904
1402,CHOLAFIN,2021-10-01,1893.18,1985.59,1739.31,1921.82,14052111,1921.82,-9.763541431898437
1403,CHOLAFIN,2021-11-01,1883.29,1914.01,1776.09,1867.76,17049064,1867.76,-2.812958549708089
1404,CHOLAFIN,2021-12-01,1880.47,2045.98,1734.39,1909.78,32576314,1909.78,2.2497537156808134
1405,CHOLAFIN,2022-01-01,1686.45,1718.71,1564.89,1653.45,43579546,1653.45,-13.421964833645761
1406,CHOLAFIN,2022-02-01,1790.56,1947.09,1671.64,1808.13,11337834,1808.13,9.354985031298192
1407,CHOLAFIN,2022-03-01,1573.01,1755.03,1454.75,1580.37,18734885,1580.37,-12.596439415307536
1408,CHOLAFIN,2022-04-01,1552.54,1722.37,1487.25,1562.91,30747025,1562.91,-1.1048045710814414
1409,CHOLAFIN,2022-05-01,1551.23,1667.19,1478.73,1582.06,33404034,1582.06,1.2252784869250188
1410,CHOLAFIN,2022-06-01,1676.9,1881.66,1580.95,1701.52,17214029,1701.52,7.55091463029216
1411,CHOLAFIN,2022-07-01,1731.94,1793.07,1623.44,1700.55,21102736,1700.55,-0.057007851803092535
1412,CHOLAFIN,2022-08-01,1415.87,1529.65,1377.39,1421.71,5556859,1421.71,-16.397048013877857
1413,CHOLAFIN,2022-09-01,1525.06,1661.49,1336.47,1503.99,3721482,1503.99,5.7873968671529274
1414,CHOLAFIN,2022-10-01,1367.95,1395.08,1287.28,1349.97,27189618,1349.97,-10.240759579518476
1415,CHOLAFIN,2022-11-01,1440.02,1494.42,1296.68,1415.64,30373797,1415.64,4.864552545612133
1416,CHOLAFIN,2022-12-01,1414.51,1583.4,1421.68,1436.76,1226172,1436.76,1.4919047215393721
1417,CHOLAFIN,2023-01-01,1525.38,1617.19,1407.45,1552.94,39370092,1552.94,8.086249617194241
1418,CHOLAFIN,2023-02-01,1620.73,1687.36,1502.68,1606.04,28061398,1606.04,3.4193207722126973
1419,CHOLAFIN,2023-03-01,1723.6,1869.81,1636.34,1740.34,32060116,1740.34,8.362182760080694
1420,CHOLAFIN,2023-04-01,1592.71,1623.46,1422.47,1592.7,11306660,1592.7,-8.48339979544226
1421,CHOLAFIN,2023-05-01,1648.69,1815.99,1520.96,1655.73,20292221,1655.73,3.9574307779242757
1422,CHOLAFIN,2023-06-01,1789.44,1809.69,1556.31,1755.1,29586713,1755.1,6.001582383601178
1423,CHOLAFIN,2023-07-01,1691.01,1869.05,1624.95,1697.19,47289109,1697.19,-3.2995270924733533
1424,CHOLAFIN,2023-08-01,1792.98,1945.39,1672.88,1796.6,31566375,1796.6,5.857328878911594
1425,CHOLAFIN,2023-09-01,1830.24,1942.24,1762.27,1818.33,36802483,1818.33,1.2095068462651737
1426,CHOLAFIN,2023-10-01,1713.03,1724.34,1617.75,1686.45,25065227,1686.45,-7.252808896074958
1427,CHOLAFIN,2023-11-01,1749.21,1819.32,1705.51,1772.71,516899,1772.71,5.114886299623467
1428,CHOLAFIN,2023-12-01,1574.2,1676.73,1496.69,1561.36,45840490,1561.36,-11.922423859514542
1429,CHOLAFIN,2024-01-01,1493.83,1498.48,1325.03,1483.44,26774271,1483.44,-4.990521084183008
1430,CHOLAFIN,2024-02-01,1614.77,1734.62,1577.66,1642.75,26140928,1642.75,10.739227740926482
1431,CHOLAFIN,2024-03-01,1735.43,1854.79,1665.33,1702.05,5966106,1702.05,3.6098006391721116
1432,CHOLAFIN,2024-04-01,1664.13,1734.3,1479.55,1678.84,49871404,1678.84,-1.3636497165183226
1433,CHOLAFIN,2024-05-01,1605.93,1712.82,1562.28,1595.07,16077040,1595.07,-4.989754830716442
1434,CHOLAFIN,2024-06-01,1641.48,1711.6,1575.52,1660.67,16888872,1660.67,4.112672171127296
1435,CHOLAFIN,2024-07-01,1580.14,1756.33,1462.58,1583.41,12339437,1583.41,-4.65233911613987
1436,CHOLAFIN,2024-08-01,1543.34,1617.2,1488.21,1547.18,48563873,1547.18,-2.288099734118143
1437,CHOLAFIN,2024-09-01,1590.71,1624.34,1511.56,1581.18,25720381,1581.18,2.1975465039620445
1438,CHOLAFIN,2024-10-01,1717.85,1884.26,1579.1,1700.8,45068763,1700.8,7.565236089502769
1439,CHOLAFIN,2024-11-01,1936.14,2062.48,1948.85,1972.13,33400823,1972.13,15.953080903104432
1440,CHOLAFIN,2024-12-01,1921.98,2049.28,1858.52,1959.29,2911030,1959.29,-0.6510726980472947
1441,CIPLA,2020-01-01,2074.06,2178.32,1870.95,2058.49,8319415,2058.49,
1442,CIPLA,2020-02-01,2013.92,2140.2,1809.95,2006.56,16047512,2006.56,-2.5227229668349005
1443,CIPLA,2020-03-01,2137.47,2314.1,2026.82,2125.37,23901896,2125.37,5.921078861334816
1444,CIPLA,2020-04-01,2250.88,2282.86,2134.62,2250.85,38916097,2250.85,5.903913200995592
1445,CIPLA,2020-05-01,2078.52,2260.53,2000.11,2091.71,43561283,2091.71,-7.070217917675537
1446,CIPLA,2020-06-01,2006.8,2194.35,1887.8,2004.57,44153540,2004.57,-4.165969469955211
1447,CIPLA,2020-07-01,2300.54,2558.87,2309.86,2342.38,3770811,2342.38,16.851993195548175
1448,CIPLA,2020-08-01,2448.14,2727.01,2298.67,2449.86,30783660,2449.86,4.588495461880648
1449,CIPLA,2020-09-01,2534.62,2731.39,2286.47,2500.83,15381338,2500.83,2.080527050525327
1450,CIPLA,2020-10-01,2494.12,2529.51,2427.53,2484.88,12907418,2484.88,-0.637788254299565
1451,CIPLA,2020-11-01,2514.7,2678.35,2425.28,2537.31,17264583,2537.31,2.1099610443965133
1452,CIPLA,2020-12-01,2616.38,2946.44,2533.15,2631.61,32271526,2631.61,3.716534440017183
1453,CIPLA,2021-01-01,2886.98,3103.04,2822.59,2902.45,1767984,2902.45,10.291798556777021
1454,CIPLA,2021-02-01,3041.5,3095.01,2775.74,2987.24,3711582,2987.24,2.92132508742613
1455,CIPLA,2021-03-01,3094.9,3281.89,3010.51,3064.47,366914,3064.47,2.585329601906783
1456,CIPLA,2021-04-01,3078.39,3425.3,2764.63,3087.7,4896680,3087.7,0.7580429894892049
1457,CIPLA,2021-05-01,3170.8,3344.98,2804.73,3131.95,139396,3131.95,1.4331055478187693
1458,CIPLA,2021-06-01,3263.51,3366.82,3135.98,3301.99,45739361,3301.99,5.429205447085672
1459,CIPLA,2021-07-01,3192.96,3464.49,2890.36,3218.55,36824082,3218.55,-2.5269610144185606
1460,CIPLA,2021-08-01,3327.12,3496.19,3117.12,3295.27,8646543,3295.27,2.3836820928679003
1461,CIPLA,2021-09-01,3523.48,3630.91,3377.45,3534.03,6496584,3534.03,7.245536784542694
1462,CIPLA,2021-10-01,3351.49,3423.86,3176.71,3301.09,13175546,3301.09,-6.591341895796021
1463,CIPLA,2021-11-01,3339.68,3568.14,2946.0,3311.42,19637701,3311.42,0.31292694231299656
1464,CIPLA,2021-12-01,3357.43,3652.36,3200.87,3373.9,14198789,3373.9,1.8868038485000405
1465,CIPLA,2022-01-01,3444.4,3695.71,3322.95,3468.76,12522281,3468.76,2.8115830344704884
1466,CIPLA,2022-02-01,3430.64,3548.03,2992.37,3389.52,17118288,3389.52,-2.284389810768117
1467,CIPLA,2022-03-01,3365.47,3638.63,3032.09,3432.33,43972296,3432.33,1.2630106917793649
1468,CIPLA,2022-04-01,3725.65,4080.84,3421.02,3663.49,17162531,3663.49,6.734783660079291
1469,CIPLA,2022-05-01,3736.74,3975.52,3358.02,3714.11,21501482,3714.11,1.381742546042175
1470,CIPLA,2022-06-01,3619.18,3998.51,3228.49,3668.41,46848986,3668.41,-1.2304428247951749
1471,CIPLA,2022-07-01,3508.81,3585.0,3158.6,3534.94,49318861,3534.94,-3.6383610337993755
1472,CIPLA,2022-08-01,3433.63,3462.41,3019.19,3385.61,36001052,3385.61,-4.22439984837083
1473,CIPLA,2022-09-01,3446.95,3506.8,3173.03,3387.26,12749338,3387.26,0.04873567835634862
1474,CIPLA,2022-10-01,3219.19,3589.25,3048.09,3234.56,17785757,3234.56,-4.508068468319538
1475,CIPLA,2022-11-01,3549.99,3786.7,3481.39,3573.44,47210329,3573.44,10.47685001978631
1476,CIPLA,2022-12-01,3465.97,3727.3,3097.01,3478.01,10103405,3478.01,-2.6705359541506213
1477,CIPLA,2023-01-01,3610.71,3681.43,3332.83,3583.21,30324392,3583.21,3.024718157797124
1478,CIPLA,2023-02-01,3553.81,3748.17,3475.51,3562.43,28459125,3562.43,-0.5799269370201587
1479,CIPLA,2023-03-01,3584.14,3944.51,3397.14,3585.0,41624906,3585.0,0.6335563084748363
1480,CIPLA,2023-04-01,3487.18,3539.46,3049.8,3459.78,15230655,3459.78,-3.4928870292886938
1481,CIPLA,2023-05-01,3318.46,3570.95,3107.36,3354.51,20585086,3354.51,-3.042679014272587
1482,CIPLA,2023-06-01,3537.54,3670.3,3228.56,3580.78,2861086,3580.78,6.745247442994651
1483,CIPLA,2023-07-01,3432.45,3670.6,3081.44,3497.94,41976476,3497.94,-2.3134624299733564
1484,CIPLA,2023-08-01,3308.41,3677.24,3230.42,3302.65,26822543,3302.65,-5.583000280164896
1485,CIPLA,2023-09-01,3100.09,3357.55,2748.05,3105.4,2796976,3105.4,-5.972476647540614
1486,CIPLA,2023-10-01,3475.53,3673.0,3354.59,3431.24,5322565,3431.24,10.49269015263734
1487,CIPLA,2023-11-01,3367.93,3518.4,3111.58,3367.45,7609725,3367.45,-1.8590946713141543
1488,CIPLA,2023-12-01,3181.3,3445.58,2913.42,3137.53,24581617,3137.53,-6.8277183031670745
1489,CIPLA,2024-01-01,3117.35,3273.4,3081.08,3152.51,28893318,3152.51,0.4774456339859734
1490,CIPLA,2024-02-01,3609.29,3679.8,3427.57,3539.62,2302863,3539.62,12.279421794062495
1491,CIPLA,2024-03-01,3624.19,3831.16,3397.35,3636.86,44044463,3636.86,2.747187551206065
1492,CIPLA,2024-04-01,3557.21,3842.32,3182.12,3593.89,217138,3593.89,-1.1815137233767703
1493,CIPLA,2024-05-01,3496.23,3544.88,3207.53,3466.82,32427068,3466.82,-3.535723130090229
1494,CIPLA,2024-06-01,3542.23,3682.44,3178.6,3576.47,47025811,3576.47,3.162840874345929
1495,CIPLA,2024-07-01,3459.75,3832.06,3359.21,3482.43,29876477,3482.43,-2.629408327205318
1496,CIPLA,2024-08-01,3633.61,3762.04,3235.26,3621.26,25536877,3621.26,3.98658408065633
1497,CIPLA,2024-09-01,3525.5,3752.16,3396.68,3573.54,45072834,3573.54,-1.31777337169936
1498,CIPLA,2024-10-01,3165.14,3299.38,2808.66,3136.43,31284694,3136.43,-12.231848531148392
1499,CIPLA,2024-11-01,3082.5,3497.47,2783.36,3138.09,30190391,3138.09,0.05292641633960482
1500,CIPLA,2024-12-01,3270.32,3577.11,3028.31,3227.52,33500482,3227.52,2.8498226628299372
1501,COALINDIA,2020-01-01,3817.41,3984.5,3624.03,3890.4,29955473,3890.4,
1502,COALINDIA,2020-02-01,4167.3,4267.54,3624.97,4102.46,21074735,4102.46,5.450853382685583
1503,COALINDIA,2020-03-01,3878.03,4274.24,3704.79,3845.85,36612093,3845.85,-6.255027471322084
1504,COALINDIA,2020-04-01,3853.71,4022.26,3520.17,3897.4,34445820,3897.4,1.3404058920654771
1505,COALINDIA,2020-05-01,4333.08,4686.59,3975.31,4275.17,39630277,4275.17,9.692872171191059
1506,COALINDIA,2020-06-01,4205.72,4584.65,3835.11,4237.1,13773187,4237.1,-0.8904909044552545
1507,COALINDIA,2020-07-01,4125.0,4329.82,3898.28,4191.31,45431033,4191.31,-1.0806919827240358
1508,COALINDIA,2020-08-01,4154.98,4450.5,3904.5,4085.91,4878134,4085.91,-2.5147268992272265
1509,COALINDIA,2020-09-01,3582.18,3989.56,3314.76,3649.37,34706140,3649.37,-10.684033666918758
1510,COALINDIA,2020-10-01,3856.62,4299.23,3624.37,3900.11,31870976,3900.11,6.870774955677295
1511,COALINDIA,2020-11-01,4262.99,4457.26,3978.39,4196.83,22870663,4196.83,7.607990543856458
1512,COALINDIA,2020-12-01,4403.36,4705.39,4298.09,4419.18,40087467,4419.18,5.2980463826268975
1513,COALINDIA,2021-01-01,4386.09,4770.17,3921.57,4333.03,26269373,4333.03,-1.949456686534623
1514,COALINDIA,2021-02-01,3946.42,4205.05,3811.2,4009.08,12357015,4009.08,-7.4762925712492105
1515,COALINDIA,2021-03-01,4097.71,4181.88,3917.3,4021.61,17388817,4021.61,0.3125405329901243
1516,COALINDIA,2021-04-01,4115.61,4562.88,3712.73,4082.12,2144813,4082.12,1.5046212835158057
1517,COALINDIA,2021-05-01,3839.85,4238.36,3441.99,3896.17,43522814,3896.17,-4.55523110540601
1518,COALINDIA,2021-06-01,3938.76,4002.38,3515.06,3908.56,48017291,3908.56,0.31800460452187096
1519,COALINDIA,2021-07-01,3854.24,4027.02,3483.92,3846.26,24084336,3846.26,-1.5939374091737069
1520,COALINDIA,2021-08-01,4123.24,4510.61,3795.21,4178.44,47437838,4178.44,8.63644163421089
1521,COALINDIA,2021-09-01,3686.88,3919.24,3487.77,3699.48,21835898,3699.48,-11.462651132958701
1522,COALINDIA,2021-10-01,3647.4,4018.04,3520.1,3684.25,41680236,3684.25,-0.41167947927817083
1523,COALINDIA,2021-11-01,3970.7,4232.54,3760.39,4028.41,15757728,4028.41,9.341385628011123
1524,COALINDIA,2021-12-01,4529.64,4651.56,4012.86,4500.71,34185171,4500.71,11.724228665900437
1525,COALINDIA,2022-01-01,4572.3,4834.31,4442.52,4499.36,26661987,4499.36,-0.029995267413374105
1526,COALINDIA,2022-02-01,4857.31,4933.52,4361.72,4840.9,22093671,4840.9,7.5908573663809875
1527,COALINDIA,2022-03-01,4738.69,5204.77,4486.01,4739.67,10007288,4739.67,-2.0911400772583577
1528,COALINDIA,2022-04-01,4714.07,5186.55,4583.59,4751.09,25030958,4751.09,0.240945044697205
1529,COALINDIA,2022-05-01,4350.49,4738.21,3939.63,4345.31,8668328,4345.31,-8.540776958550556
1530,COALINDIA,2022-06-01,4241.6,4392.1,4001.24,4215.47,5985139,4215.47,-2.9880491840628243
1531,COALINDIA,2022-07-01,4144.08,4563.41,3944.15,4165.14,48548145,4165.14,-1.1939356702811321
1532,COALINDIA,2022-08-01,4413.2,4700.93,3843.15,4332.81,19872742,4332.81,4.025554963338562
1533,COALINDIA,2022-09-01,3887.52,3997.98,3740.73,3907.22,32278316,3907.22,-9.822493947345967
1534,COALINDIA,2022-10-01,4091.78,4485.16,3550.95,4024.0,15255820,4024.0,2.988825814773688
1535,COALINDIA,2022-11-01,3856.87,4050.31,3678.37,3789.71,5247023,3789.71,-5.8223161033797215
1536,COALINDIA,2022-12-01,3623.99,3995.56,3276.44,3640.74,35629197,3640.74,-3.9309076420095512
1537,COALINDIA,2023-01-01,3969.64,4433.12,3551.29,3972.66,21089448,3972.66,9.116827897625202
1538,COALINDIA,2023-02-01,3930.13,4101.68,3588.89,3901.18,2708206,3901.18,-1.799298203219002
1539,COALINDIA,2023-03-01,3596.06,3986.96,3510.3,3625.29,24370942,3625.29,-7.071962842011903
1540,COALINDIA,2023-04-01,3633.58,3889.1,3282.46,3600.38,11876795,3600.38,-0.6871174443975447
1541,COALINDIA,2023-05-01,3452.13,3597.62,3411.81,3470.9,26055995,3470.9,-3.5962870585882656
1542,COALINDIA,2023-06-01,3369.63,3771.21,3148.55,3409.55,16816927,3409.55,-1.7675530842144682
1543,COALINDIA,2023-07-01,3081.01,3400.41,2859.07,3135.45,28902267,3135.45,-8.039184056547066
1544,COALINDIA,2023-08-01,2963.25,3070.31,2753.98,2977.87,46853767,2977.87,-5.025753879028527
1545,COALINDIA,2023-09-01,2753.63,2858.79,2474.81,2791.86,15340133,2791.86,-6.246411025330179
1546,COALINDIA,2023-10-01,2962.15,3041.43,2847.99,2955.31,890319,2955.31,5.8545199257842295
1547,COALINDIA,2023-11-01,3035.89,3224.1,2750.55,3007.8,14825932,3007.8,1.7761250088823344
1548,COALINDIA,2023-12-01,2649.74,2884.29,2350.5,2608.23,4971176,2608.23,-13.284460402952325
1549,COALINDIA,2024-01-01,2745.56,2878.71,2451.62,2742.8,29507649,2742.8,5.15943762628297
1550,COALINDIA,2024-02-01,2445.35,2515.31,2265.26,2436.54,39867680,2436.54,-11.165961790870648
1551,COALINDIA,2024-03-01,2442.28,2692.91,2395.45,2476.69,31492967,2476.69,1.647828478087776
1552,COALINDIA,2024-04-01,2358.38,2575.29,2259.06,2366.73,1318901,2366.73,-4.439796664096029
1553,COALINDIA,2024-05-01,2595.23,2651.3,2423.61,2564.68,45668977,2564.68,8.363860685418278
1554,COALINDIA,2024-06-01,2415.91,2671.83,2374.38,2404.1,632439,2404.1,-6.261209975513515
1555,COALINDIA,2024-07-01,2612.14,2679.15,2550.62,2581.82,30724027,2581.82,7.392371365583794
1556,COALINDIA,2024-08-01,2518.57,2617.52,2311.36,2567.67,37944343,2567.67,-0.5480629943218407
1557,COALINDIA,2024-09-01,2367.18,2590.71,2300.43,2404.89,17189513,2404.89,-6.339599714916644
1558,COALINDIA,2024-10-01,2660.03,2681.03,2489.04,2634.51,26080702,2634.51,9.548045856567256
1559,COALINDIA,2024-11-01,2276.06,2353.67,1972.01,2233.53,16844304,2233.53,-15.220287643622532
1560,COALINDIA,2024-12-01,2333.32,2545.5,2108.57,2301.35,29430990,2301.35,3.036449029115329
1561,DABUR,2020-01-01,1035.57,1046.33,962.01,1027.63,48475024,1027.63,
1562,DABUR,2020-02-01,1049.5,1053.79,932.68,1035.36,38589024,1035.36,0.7522162646088404
1563,DABUR,2020-03-01,1130.4,1156.38,1108.46,1141.4,39434932,1141.4,10.241848246020723
1564,DABUR,2020-04-01,1223.98,1347.75,1119.41,1238.79,2112475,1238.79,8.532503942526715
1565,DABUR,2020-05-01,1201.65,1280.73,1135.09,1212.78,23890018,1212.78,-2.099629477151088
1566,DABUR,2020-06-01,1141.18,1165.64,1088.97,1150.45,19847667,1150.45,-5.1394317188607985
1567,DABUR,2020-07-01,1198.29,1313.03,1111.02,1188.96,6633469,1188.96,3.347385805554337
1568,DABUR,2020-08-01,1258.52,1282.93,1153.57,1242.35,3343539,1242.35,4.490479074148834
1569,DABUR,2020-09-01,1243.31,1361.26,1182.06,1246.71,40173474,1246.71,0.35094780053930297
1570,DABUR,2020-10-01,1341.64,1471.82,1249.57,1342.37,47054192,1342.37,7.672995323691945
1571,DABUR,2020-11-01,1472.7,1622.61,1387.59,1474.6,9071910,1474.6,9.850488315442085
1572,DABUR,2020-12-01,1444.72,1643.73,1417.51,1472.23,40577013,1472.23,-0.16072155160721247
1573,DABUR,2021-01-01,1679.5,1846.06,1484.19,1676.25,42636700,1676.25,13.857889052661609
1574,DABUR,2021-02-01,1647.8,1697.95,1505.71,1645.77,14168284,1645.77,-1.8183445190156577
1575,DABUR,2021-03-01,1651.03,1692.08,1519.22,1633.8,25904332,1633.8,-0.727319127217052
1576,DABUR,2021-04-01,1648.25,1773.28,1618.72,1674.16,30955480,1674.16,2.4703146039906976
1577,DABUR,2021-05-01,1661.75,1758.79,1605.44,1669.22,29078783,1669.22,-0.295073350217423
1578,DABUR,2021-06-01,1563.16,1613.09,1418.93,1567.96,28817500,1567.96,-6.066306418566758
1579,DABUR,2021-07-01,1461.83,1583.58,1423.98,1462.33,12971181,1462.33,-6.736778999464277
1580,DABUR,2021-08-01,1457.78,1655.94,1358.56,1482.08,29792812,1482.08,1.3505843414277185
1581,DABUR,2021-09-01,1438.55,1591.73,1368.0,1426.9,39429173,1426.9,-3.7231458490769587
1582,DABUR,2021-10-01,1485.23,1567.78,1355.74,1458.58,42932831,1458.58,2.2201976312285154
1583,DABUR,2021-11-01,1522.42,1654.57,1446.71,1540.33,22778688,1540.33,5.604766279532147
1584,DABUR,2021-12-01,1548.11,1571.77,1410.23,1555.58,25535186,1555.58,0.9900475872053338
1585,DABUR,2022-01-01,1576.21,1683.14,1492.45,1605.24,6762426,1605.24,3.19237840548221
1586,DABUR,2022-02-01,1594.86,1771.66,1524.95,1617.52,38059169,1617.52,0.7649946425456688
1587,DABUR,2022-03-01,1470.2,1533.48,1305.6,1481.5,6604002,1481.5,-8.409169592957122
1588,DABUR,2022-04-01,1514.23,1572.09,1519.2,1536.96,15500769,1536.96,3.7435032062099305
1589,DABUR,2022-05-01,1571.51,1614.65,1547.69,1587.59,48078833,1587.59,3.2941651051426213
1590,DABUR,2022-06-01,1473.39,1566.46,1304.66,1478.48,32071440,1478.48,-6.872681233819811
1591,DABUR,2022-07-01,1428.27,1533.71,1312.35,1417.55,9064998,1417.55,-4.1211243980304175
1592,DABUR,2022-08-01,1390.5,1473.99,1339.67,1374.79,5962047,1374.79,-3.0164720821135083
1593,DABUR,2022-09-01,1307.7,1441.39,1231.95,1326.72,47254740,1326.72,-3.496534016104269
1594,DABUR,2022-10-01,1357.58,1477.2,1260.28,1366.87,47845052,1366.87,3.0262602508441816
1595,DABUR,2022-11-01,1450.04,1622.04,1315.28,1448.87,21895180,1448.87,5.999107449867225
1596,DABUR,2022-12-01,1396.29,1468.36,1241.91,1408.57,11084449,1408.57,-2.781477979390834
1597,DABUR,2023-01-01,1324.62,1456.37,1260.81,1316.72,4351503,1316.72,-6.5207976884357866
1598,DABUR,2023-02-01,1299.67,1420.43,1293.45,1312.9,250741,1312.9,-0.29011483079165457
1599,DABUR,2023-03-01,1381.92,1427.85,1310.92,1399.77,11655991,1399.77,6.616650163759608
1600,DABUR,2023-04-01,1504.97,1625.64,1323.51,1479.02,23485716,1479.02,5.6616444130107135
1601,DABUR,2023-05-01,1483.84,1538.18,1367.8,1495.24,21282192,1495.24,1.0966721207285923
1602,DABUR,2023-06-01,1537.26,1585.3,1503.17,1523.05,7752904,1523.05,1.8599020892966944
1603,DABUR,2023-07-01,1527.95,1562.66,1443.28,1516.55,35658810,1516.55,-0.42677522077410046
1604,DABUR,2023-08-01,1600.81,1645.19,1428.93,1574.16,47800348,1574.16,3.798753750288486
1605,DABUR,2023-09-01,1697.38,1804.12,1577.58,1702.4,7922471,1702.4,8.146567057986488
1606,DABUR,2023-10-01,1723.6,1822.22,1504.11,1704.42,22261238,1704.42,0.11865601503759926
1607,DABUR,2023-11-01,1852.19,2032.67,1615.04,1831.15,27896674,1831.15,7.435373910186449
1608,DABUR,2023-12-01,2037.54,2145.98,1837.15,2006.43,6898903,2006.43,9.572126805559344
1609,DABUR,2024-01-01,2166.42,2312.97,2054.03,2152.71,40232631,2152.71,7.290560846877292
1610,DABUR,2024-02-01,2152.83,2280.15,2026.37,2163.77,40171971,2163.77,0.513771014209996
1611,DABUR,2024-03-01,2073.34,2310.68,1851.73,2080.56,32445637,2080.56,-3.845602813607729
1612,DABUR,2024-04-01,2081.24,2186.72,1979.65,2073.47,3447977,2073.47,-0.3407736378667314
1613,DABUR,2024-05-01,2203.86,2233.13,2124.51,2170.71,32841689,2170.71,4.689723024688086
1614,DABUR,2024-06-01,2294.93,2401.96,2122.42,2258.8,45960010,2258.8,4.058119232877733
1615,DABUR,2024-07-01,2030.58,2158.69,1891.03,2049.55,14414657,2049.55,-9.263768372587212
1616,DABUR,2024-08-01,1995.25,2233.41,1794.64,2021.71,33912797,2021.71,-1.3583469542094662
1617,DABUR,2024-09-01,1958.46,2059.14,1910.26,1980.52,44262264,1980.52,-2.0373841945679705
1618,DABUR,2024-10-01,1999.8,2099.69,1843.9,1978.99,43691407,1978.99,-0.07725243875346122
1619,DABUR,2024-11-01,2280.44,2475.48,1976.98,2243.89,20204212,2243.89,13.385615894976732
1620,DABUR,2024-12-01,2273.68,2496.78,2149.7,2287.61,26529261,2287.61,1.948402105272562
1621,DIVISLAB,2020-01-01,2913.18,3119.47,2831.56,2953.98,43075488,2953.98,
1622,DIVISLAB,2020-02-01,3003.16,3214.52,2805.64,3033.51,34404493,3033.51,2.692299880161686
1623,DIVISLAB,2020-03-01,3171.81,3403.04,3158.82,3222.59,49658870,3222.59,6.233043569989882
1624,DIVISLAB,2020-04-01,3264.08,3435.69,3266.19,3317.47,47920551,3317.47,2.944215677451978
1625,DIVISLAB,2020-05-01,3641.92,3633.84,3397.8,3589.89,13923569,3589.89,8.211679382179792
1626,DIVISLAB,2020-06-01,3587.26,3777.07,3466.4,3627.68,33743559,3627.68,1.0526784943271306
1627,DIVISLAB,2020-07-01,3638.42,3797.07,3531.65,3644.68,40038173,3644.68,0.4686190623208297
1628,DIVISLAB,2020-08-01,3571.13,3856.66,3390.13,3581.87,41375191,3581.87,-1.7233337357463463
1629,DIVISLAB,2020-09-01,3357.92,3649.23,3172.76,3413.75,22062026,3413.75,-4.693637680876184
1630,DIVISLAB,2020-10-01,3250.75,3552.61,2947.37,3262.13,9927986,3262.13,-4.441450018308313
1631,DIVISLAB,2020-11-01,3341.1,3553.17,3142.42,3381.2,26904749,3381.2,3.6500691266135865
1632,DIVISLAB,2020-12-01,3113.16,3208.91,3051.81,3124.14,21742812,3124.14,-7.602626286525494
1633,DIVISLAB,2021-01-01,3114.24,3378.81,2970.29,3154.94,35380855,3154.94,0.9858713117850026
1634,DIVISLAB,2021-02-01,3038.68,3199.98,2988.55,3083.59,47363813,3083.59,-2.2615327074365865
1635,DIVISLAB,2021-03-01,2861.56,2884.86,2598.81,2837.73,7270012,2837.73,-7.973174124964732
1636,DIVISLAB,2021-04-01,2899.31,3060.8,2565.64,2864.01,561155,2864.01,0.9260923343658467
1637,DIVISLAB,2021-05-01,2910.09,3098.23,2794.47,2958.98,15851115,2958.98,3.3159800419691132
1638,DIVISLAB,2021-06-01,2797.26,2875.63,2503.61,2779.67,21458165,2779.67,-6.059858464741231
1639,DIVISLAB,2021-07-01,3224.05,3587.23,3037.3,3214.61,23611510,3214.61,15.64718114020729
1640,DIVISLAB,2021-08-01,3296.06,3704.38,3234.87,3331.07,16216638,3331.07,3.6228344962530468
1641,DIVISLAB,2021-09-01,3400.95,3680.39,3152.89,3370.8,3483040,3370.8,1.1927098499881383
1642,DIVISLAB,2021-10-01,3046.5,3356.92,2786.12,3055.48,33239874,3055.48,-9.354455915509675
1643,DIVISLAB,2021-11-01,3475.38,3809.18,3215.22,3440.47,15731211,3440.47,12.599984290520627
1644,DIVISLAB,2021-12-01,3559.54,3648.55,3255.31,3527.88,43299789,3527.88,2.54064124959672
1645,DIVISLAB,2022-01-01,3309.31,3438.52,2986.55,3277.41,8886855,3277.41,-7.099731283376998
1646,DIVISLAB,2022-02-01,3282.78,3342.18,2995.09,3220.67,19354386,3220.67,-1.7312450990263573
1647,DIVISLAB,2022-03-01,3101.9,3173.89,2940.8,3112.02,30008241,3112.02,-3.3735216585368932
1648,DIVISLAB,2022-04-01,3108.43,3286.55,2753.34,3107.84,25875670,3107.84,-0.13431790284124112
1649,DIVISLAB,2022-05-01,2948.09,3016.33,2613.54,2906.86,47895981,2906.86,-6.466870881383857
1650,DIVISLAB,2022-06-01,3013.41,3120.96,2761.27,3014.39,10573652,3014.39,3.699180559091242
1651,DIVISLAB,2022-07-01,3167.82,3306.08,3114.32,3215.77,39618854,3215.77,6.680621950046284
1652,DIVISLAB,2022-08-01,3227.68,3433.99,2928.51,3258.54,12810552,3258.54,1.3300080540585846
1653,DIVISLAB,2022-09-01,2847.61,3207.51,2573.21,2878.63,48687237,2878.63,-11.658902453245922
1654,DIVISLAB,2022-10-01,3183.67,3436.97,2879.12,3138.74,7239761,3138.74,9.035895547534745
1655,DIVISLAB,2022-11-01,3402.72,3615.19,3141.79,3371.41,24841391,3371.41,7.412847193459804
1656,DIVISLAB,2022-12-01,3089.35,3206.8,2998.74,3144.98,44801023,3144.98,-6.716181063709248
1657,DIVISLAB,2023-01-01,3258.9,3447.31,3011.68,3258.02,6934635,3258.02,3.594299486801189
1658,DIVISLAB,2023-02-01,3119.94,3225.76,2937.52,3150.4,38204403,3150.4,-3.3032332520978924
1659,DIVISLAB,2023-03-01,3263.28,3504.84,3140.06,3228.69,20800895,3228.69,2.4850812595226035
1660,DIVISLAB,2023-04-01,3246.32,3306.21,2912.07,3259.1,10233222,3259.1,0.9418680641374522
1661,DIVISLAB,2023-05-01,3189.49,3470.87,3073.16,3207.81,29350499,3207.81,-1.5737473535638702
1662,DIVISLAB,2023-06-01,3493.1,3677.27,3143.47,3425.57,4285299,3425.57,6.7884319831910345
1663,DIVISLAB,2023-07-01,3352.03,3660.16,3100.6,3384.23,19633568,3384.23,-1.2068064584872085
1664,DIVISLAB,2023-08-01,3562.37,3730.7,3294.31,3560.73,36048761,3560.73,5.215366567875113
1665,DIVISLAB,2023-09-01,4225.03,4629.47,3688.7,4166.1,28717629,4166.1,17.00128906151268
1666,DIVISLAB,2023-10-01,4271.4,4387.0,4132.14,4232.05,1050266,4232.05,1.583015290079448
1667,DIVISLAB,2023-11-01,4318.77,4575.96,3826.38,4323.91,46013679,4323.91,2.1705792700936755
1668,DIVISLAB,2023-12-01,4438.87,4566.03,4307.76,4506.59,24143678,4506.59,4.224879796295489
1669,DIVISLAB,2024-01-01,5092.09,5401.31,4915.99,5068.65,43064340,5068.65,12.471957733008754
1670,DIVISLAB,2024-02-01,5487.7,5535.76,5235.12,5473.35,20958160,5473.35,7.984374537598793
1671,DIVISLAB,2024-03-01,4995.06,5661.15,4559.66,5096.09,33608439,5096.09,-6.892670850575977
1672,DIVISLAB,2024-04-01,5510.38,6167.15,4950.39,5547.43,4834723,5547.43,8.856593976950954
1673,DIVISLAB,2024-05-01,5148.06,5571.07,4815.85,5185.46,1805361,5185.46,-6.525003470075341
1674,DIVISLAB,2024-06-01,5104.77,5566.78,4841.12,5064.64,36271055,5064.64,-2.3299765112449022
1675,DIVISLAB,2024-07-01,4922.37,5120.39,4783.24,4923.58,49025492,4923.58,-2.7851930245782586
1676,DIVISLAB,2024-08-01,4900.18,4938.89,4373.9,4884.83,16171820,4884.83,-0.7870289504791184
1677,DIVISLAB,2024-09-01,5169.24,5636.17,4953.37,5143.16,30375307,5143.16,5.288413312233997
1678,DIVISLAB,2024-10-01,5222.13,5533.19,4862.04,5122.47,27731038,5122.47,-0.40228186562346613
1679,DIVISLAB,2024-11-01,5438.22,6018.64,4918.0,5441.95,4281827,5441.95,6.2368349643824095
1680,DIVISLAB,2024-12-01,5751.66,6117.09,5570.28,5735.4,22244800,5735.4,5.39236854436369
1681,DLF,2020-01-01,2923.63,3138.88,2828.42,2912.64,7959277,2912.64,
1682,DLF,2020-02-01,3004.07,3169.41,2647.01,2947.47,6260832,2947.47,1.1958223467369855
1683,DLF,2020-03-01,2751.42,2814.62,2608.32,2735.71,30511320,2735.71,-7.184466678201973
1684,DLF,2020-04-01,2655.79,2728.42,2617.67,2675.76,19524393,2675.76,-2.1913872449930705
1685,DLF,2020-05-01,2369.55,2580.76,2294.02,2335.55,15242315,2335.55,-12.714518491942473
1686,DLF,2020-06-01,2256.16,2465.09,2209.62,2249.24,12362940,2249.24,-3.695489285179099
1687,DLF,2020-07-01,2362.54,2404.61,2241.72,2379.42,17026251,2379.42,5.787732745282859
1688,DLF,2020-08-01,2356.79,2512.06,2262.76,2323.96,30498850,2323.96,-2.3308201158265485
1689,DLF,2020-09-01,2382.43,2508.12,2086.12,2367.14,27884925,2367.14,1.8580354222964113
1690,DLF,2020-10-01,2108.48,2306.83,2061.97,2145.67,28609842,2145.67,-9.356016120719513
1691,DLF,2020-11-01,2202.31,2285.98,1953.09,2197.54,21537176,2197.54,2.4174267245196113
1692,DLF,2020-12-01,2081.67,2192.42,2010.28,2095.68,32224153,2095.68,-4.635182977329199
1693,DLF,2021-01-01,2226.03,2385.63,2078.09,2208.67,668344,2208.67,5.391567414872522
1694,DLF,2021-02-01,2405.41,2520.13,2357.9,2397.0,40917440,2397.0,8.52685100082855
1695,DLF,2021-03-01,2310.26,2418.42,2152.86,2308.88,14873668,2308.88,-3.6762619941593577
1696,DLF,2021-04-01,2280.4,2304.86,2213.75,2241.67,5485435,2241.67,-2.910935172031459
1697,DLF,2021-05-01,2256.74,2475.04,2107.61,2271.22,31538725,2271.22,1.3182136532138955
1698,DLF,2021-06-01,2419.52,2515.86,2275.83,2411.85,24956670,2411.85,6.1918264192812655
1699,DLF,2021-07-01,2269.66,2353.38,2045.18,2308.98,12747510,2308.98,-4.2651906213072905
1700,DLF,2021-08-01,2150.72,2182.9,2071.79,2137.14,2039797,2137.14,-7.442247226047871
1701,DLF,2021-09-01,2229.13,2381.59,2046.23,2239.71,25930182,2239.71,4.799404812038532
1702,DLF,2021-10-01,2203.43,2369.29,1972.65,2210.01,49849826,2210.01,-1.326064535140703
1703,DLF,2021-11-01,2427.49,2526.75,2338.16,2406.36,22768109,2406.36,8.88457518291772
1704,DLF,2021-12-01,2267.0,2343.48,2231.69,2293.44,36812327,2293.44,-4.692564703535629
1705,DLF,2022-01-01,2213.99,2521.24,2049.39,2256.41,22860747,2256.41,-1.6146051346449086
1706,DLF,2022-02-01,2166.5,2281.31,2041.31,2165.05,47660918,2165.05,-4.048909551012436
1707,DLF,2022-03-01,2251.7,2243.87,2023.06,2211.83,28819920,2211.83,2.1606891295812947
1708,DLF,2022-04-01,2379.0,2659.41,2179.33,2407.78,11083480,2407.78,8.859179955059847
1709,DLF,2022-05-01,2356.06,2509.83,2193.23,2355.58,12744565,2355.58,-2.167972156924647
1710,DLF,2022-06-01,2596.25,2604.7,2299.2,2570.38,44340820,2570.38,9.118773295748817
1711,DLF,2022-07-01,2715.31,2823.25,2583.53,2687.02,39230940,2687.02,4.537850434566093
1712,DLF,2022-08-01,2283.6,2490.96,2063.43,2286.36,16964701,2286.36,-14.910942233403546
1713,DLF,2022-09-01,2516.82,2583.57,2210.63,2469.41,20012118,2469.41,8.006175755349098
1714,DLF,2022-10-01,2338.45,2462.18,2253.97,2379.27,21705355,2379.27,-3.650264638111933
1715,DLF,2022-11-01,2629.74,2851.7,2609.64,2674.0,14517957,2674.0,12.387412945987641
1716,DLF,2022-12-01,2713.81,2985.66,2472.18,2682.48,28862637,2682.48,0.3171278982797343
1717,DLF,2023-01-01,2936.47,2972.57,2645.25,2900.36,7321060,2900.36,8.122334556082444
1718,DLF,2023-02-01,2764.54,2856.72,2648.02,2761.47,47170590,2761.47,-4.788715883545502
1719,DLF,2023-03-01,2494.46,2559.07,2281.29,2446.89,30180095,2446.89,-11.391758737194325
1720,DLF,2023-04-01,2779.26,3097.73,2712.82,2782.84,44467613,2782.84,13.729673176971602
1721,DLF,2023-05-01,2947.34,3091.71,2893.77,2935.47,20847724,2935.47,5.48468471058341
1722,DLF,2023-06-01,3047.0,3283.05,2970.72,3017.29,12306352,3017.29,2.7872878959757763
1723,DLF,2023-07-01,2712.44,2992.48,2569.92,2731.79,33082593,2731.79,-9.462133238767233
1724,DLF,2023-08-01,2751.22,2960.09,2639.75,2784.82,20305049,2784.82,1.9412180292043058
1725,DLF,2023-09-01,2804.55,3070.41,2604.49,2815.01,17821075,2815.01,1.0840916109479348
1726,DLF,2023-10-01,2938.04,3100.02,2761.66,2938.38,27219146,2938.38,4.3825776817844275
1727,DLF,2023-11-01,2978.09,3050.46,2650.91,2965.64,46639021,2965.64,0.9277220781519047
1728,DLF,2023-12-01,2811.29,3026.65,2583.93,2795.87,45458146,2795.87,-5.724565355201571
1729,DLF,2024-01-01,2682.81,3032.71,2637.58,2718.45,42712028,2718.45,-2.7690843994892522
1730,DLF,2024-02-01,2997.47,3073.1,2693.66,2955.46,13618370,2955.46,8.718571244643103
1731,DLF,2024-03-01,2777.59,2934.21,2742.29,2833.6,28200017,2833.6,-4.12321601375083
1732,DLF,2024-04-01,2771.98,2910.11,2545.78,2752.59,5785868,2752.59,-2.8589073969508716
1733,DLF,2024-05-01,2991.77,3220.95,2600.1,2954.64,47700648,2954.64,7.340359443287947
1734,DLF,2024-06-01,3194.68,3500.92,2782.34,3155.58,46699553,3155.58,6.80082852733328
1735,DLF,2024-07-01,3320.15,3702.22,3086.42,3323.3,30004748,3323.3,5.315029249773429
1736,DLF,2024-08-01,3747.2,4138.24,3304.19,3719.39,25105873,3719.39,11.91857491048054
1737,DLF,2024-09-01,3827.85,4265.5,3779.91,3842.86,3309529,3842.86,3.319630369496074
1738,DLF,2024-10-01,4263.63,4247.47,3843.33,4194.7,26889724,4194.7,9.155680925144294
1739,DLF,2024-11-01,4355.91,4576.21,3894.27,4282.7,44982708,4282.7,2.0978854268481673
1740,DLF,2024-12-01,4150.1,4334.34,4020.43,4111.15,19259049,4111.15,-4.005650640950808
1741,DMART,2020-01-01,263.61,294.72,246.45,265.01,36750903,265.01,
1742,DMART,2020-02-01,268.62,269.82,237.55,266.6,24861352,266.6,0.5999773593449387
1743,DMART,2020-03-01,294.05,314.37,276.94,289.25,24676840,289.25,8.495873968492118
1744,DMART,2020-04-01,271.7,291.28,254.51,273.81,10049102,273.81,-5.337942955920482
1745,DMART,2020-05-01,276.63,288.96,254.45,278.55,38563644,278.55,1.731127424126222
1746,DMART,2020-06-01,270.27,284.39,246.52,274.34,38765434,274.34,-1.511398312690737
1747,DMART,2020-07-01,279.41,308.96,270.27,284.59,40554961,284.59,3.7362397025588745
1748,DMART,2020-08-01,233.46,245.48,214.45,235.45,7386243,235.45,-17.2669454302681
1749,DMART,2020-09-01,239.39,260.97,222.15,240.97,36001564,240.97,2.3444468039923505
1750,DMART,2020-10-01,211.62,224.26,202.22,215.23,1283446,215.23,-10.681827613395868
1751,DMART,2020-11-01,227.69,245.75,200.71,225.59,42331268,225.59,4.813455373321562
1752,DMART,2020-12-01,223.73,243.72,219.52,226.25,20265081,226.25,0.2925661598475182
1753,DMART,2021-01-01,272.79,287.05,252.94,268.47,47440375,268.47,18.660773480662996
1754,DMART,2021-02-01,278.28,312.9,273.82,282.82,47177062,282.82,5.345103735985379
1755,DMART,2021-03-01,280.91,314.42,266.67,285.03,37426933,285.03,0.7814157414610001
1756,DMART,2021-04-01,256.63,267.91,247.96,258.16,8320227,258.16,-9.427077851454213
1757,DMART,2021-05-01,244.04,269.81,228.28,248.01,27807639,248.01,-3.9316702819956695
1758,DMART,2021-06-01,233.41,254.13,212.98,231.33,32461854,231.33,-6.725535260674964
1759,DMART,2021-07-01,242.1,256.39,220.56,237.89,9198525,237.89,2.835775731638779
1760,DMART,2021-08-01,239.91,259.02,213.96,236.97,16951767,236.97,-0.3867333641598969
1761,DMART,2021-09-01,251.16,268.97,243.63,254.1,19386036,254.1,7.22876313457399
1762,DMART,2021-10-01,267.87,289.65,264.9,268.29,15598988,268.29,5.584415584415603
1763,DMART,2021-11-01,284.1,307.18,268.46,278.55,3009030,278.55,3.8242200603824106
1764,DMART,2021-12-01,318.78,343.45,306.45,314.3,32594765,314.3,12.834320588763237
1765,DMART,2022-01-01,315.13,344.69,281.07,311.54,4004280,311.54,-0.8781419026407833
1766,DMART,2022-02-01,302.02,330.33,269.17,299.78,42731864,299.78,-3.7747961738460734
1767,DMART,2022-03-01,325.92,344.14,293.7,325.85,14314148,325.85,8.696377343385176
1768,DMART,2022-04-01,331.71,353.27,320.26,330.63,39588500,330.63,1.4669326377167335
1769,DMART,2022-05-01,318.18,326.42,313.76,321.44,3870169,321.44,-2.7795420863200526
1770,DMART,2022-06-01,333.01,364.76,310.56,335.73,43828067,335.73,4.445619711299154
1771,DMART,2022-07-01,298.49,322.05,294.21,301.31,45633004,301.31,-10.25228606320555
1772,DMART,2022-08-01,332.15,345.47,306.25,325.66,47460711,325.66,8.081377982808412
1773,DMART,2022-09-01,343.65,361.95,303.2,344.2,561700,344.2,5.693054105508799
1774,DMART,2022-10-01,326.1,349.76,290.17,328.81,34377678,328.81,-4.471237652527593
1775,DMART,2022-11-01,297.12,305.13,274.39,296.7,11690440,296.7,-9.765518080350354
1776,DMART,2022-12-01,311.4,319.14,289.46,309.28,7953187,309.28,4.239973036737443
1777,DMART,2023-01-01,301.14,322.69,269.89,304.0,29949304,304.0,-1.7071908949818804
1778,DMART,2023-02-01,313.02,333.66,292.7,312.41,46225281,312.41,2.7664473684210655
1779,DMART,2023-03-01,286.04,314.43,272.42,282.15,14341723,282.15,-9.685989564994735
1780,DMART,2023-04-01,306.55,328.28,301.46,310.41,41162114,310.41,10.015948963317411
1781,DMART,2023-05-01,290.54,306.26,268.04,293.71,36305855,293.71,-5.379981315034965
1782,DMART,2023-06-01,309.68,317.83,301.65,314.66,8642118,314.66,7.132886180245834
1783,DMART,2023-07-01,308.8,325.25,270.92,306.16,48531609,306.16,-2.7013284179749575
1784,DMART,2023-08-01,285.89,297.41,260.29,284.46,22482273,284.46,-7.087797230206439
1785,DMART,2023-09-01,285.97,311.25,255.92,281.79,19071730,281.79,-0.9386205441889728
1786,DMART,2023-10-01,273.05,301.49,255.45,278.4,34216607,278.4,-1.203023528159286
1787,DMART,2023-11-01,284.17,307.39,275.4,279.59,46296848,279.59,0.42744252873563315
1788,DMART,2023-12-01,313.78,332.07,286.38,311.41,23305262,311.41,11.380950677778202
1789,DMART,2024-01-01,315.03,344.76,300.9,310.31,48944915,310.31,-0.35323207347227603
1790,DMART,2024-02-01,316.25,331.93,284.36,318.92,5700829,318.92,2.774644710128582
1791,DMART,2024-03-01,341.28,383.26,327.86,345.62,381002,345.62,8.372005518625357
1792,DMART,2024-04-01,352.09,366.16,329.93,358.64,25117414,358.64,3.767143105144366
1793,DMART,2024-05-01,338.45,366.99,316.03,339.43,24816350,339.43,-5.356346196743244
1794,DMART,2024-06-01,335.78,370.95,300.58,332.64,25881546,332.64,-2.000412456176537
1795,DMART,2024-07-01,352.53,369.1,326.78,351.0,4517263,351.0,5.519480519480524
1796,DMART,2024-08-01,357.07,371.49,320.11,356.61,27272111,356.61,1.598290598290597
1797,DMART,2024-09-01,368.04,393.51,328.63,364.83,23524799,364.83,2.3050391183645935
1798,DMART,2024-10-01,359.88,382.75,330.89,358.3,16184689,358.3,-1.7898747361784872
1799,DMART,2024-11-01,359.75,372.34,340.33,365.68,44552124,365.68,2.059726486184754
1800,DMART,2024-12-01,385.81,424.28,373.32,379.24,4005896,379.24,3.708160140013117
1801,DRREDDY,2020-01-01,3310.23,3457.72,3040.15,3274.28,31748730,3274.28,
1802,DRREDDY,2020-02-01,3207.89,3272.06,3051.05,3227.78,9417976,3227.78,-1.4201595465262562
1803,DRREDDY,2020-03-01,3117.22,3325.02,2832.83,3176.5,7366874,3176.5,-1.5887080284282096
1804,DRREDDY,2020-04-01,2854.25,2977.29,2762.1,2804.2,5872193,2804.2,-11.720447032897852
1805,DRREDDY,2020-05-01,2966.55,3206.17,2879.8,2965.99,5435301,2965.99,5.769559945795599
1806,DRREDDY,2020-06-01,3180.38,3516.21,3056.32,3235.74,41655675,3235.74,9.094771054521434
1807,DRREDDY,2020-07-01,3386.66,3506.93,3059.18,3334.51,31079548,3334.51,3.052470223194703
1808,DRREDDY,2020-08-01,3691.78,3993.71,3641.6,3751.45,20167603,3751.45,12.503786163484287
1809,DRREDDY,2020-09-01,3405.56,3750.39,3312.1,3443.97,2637613,3443.97,-8.19629743165976
1810,DRREDDY,2020-10-01,3197.69,3375.56,3051.26,3245.2,7311309,3245.2,-5.771536918149689
1811,DRREDDY,2020-11-01,3160.12,3365.43,3102.04,3207.87,25559624,3207.87,-1.150314310366074
1812,DRREDDY,2020-12-01,2989.21,3278.42,2774.82,3004.17,13219919,3004.17,-6.350007949199932
1813,DRREDDY,2021-01-01,2674.99,2743.02,2444.61,2646.15,1056728,2646.15,-11.917434765675704
1814,DRREDDY,2021-02-01,2696.95,2744.56,2360.48,2667.72,32719564,2667.72,0.8151465336432073
1815,DRREDDY,2021-03-01,2662.58,2777.55,2585.23,2689.88,35015682,2689.88,0.8306718846055938
1816,DRREDDY,2021-04-01,2979.3,3258.21,2618.26,2936.97,49136143,2936.97,9.185911639180922
1817,DRREDDY,2021-05-01,2984.15,3307.79,2735.46,3036.19,22163591,3036.19,3.3783116613380626
1818,DRREDDY,2021-06-01,3076.45,3261.22,2978.46,3097.48,19383523,3097.48,2.018648371808096
1819,DRREDDY,2021-07-01,3339.13,3363.71,3056.14,3313.24,7996213,3313.24,6.965662409442497
1820,DRREDDY,2021-08-01,3356.1,3470.49,3237.79,3397.01,14380425,3397.01,2.5283408385749384
1821,DRREDDY,2021-09-01,3305.11,3566.45,3136.81,3354.47,16150957,3354.47,-1.2522777383640493
1822,DRREDDY,2021-10-01,3382.34,3551.83,3222.61,3378.18,39141550,3378.18,0.7068180666394364
1823,DRREDDY,2021-11-01,3111.22,3276.72,2824.36,3145.84,12539837,3145.84,-6.877667856656533
1824,DRREDDY,2021-12-01,3212.06,3469.97,3062.72,3251.66,47252876,3251.66,3.3638074409378715
1825,DRREDDY,2022-01-01,3434.64,3749.75,3177.38,3499.12,13201256,3499.12,7.610266756056916
1826,DRREDDY,2022-02-01,3596.57,3795.99,3498.85,3637.41,2471136,3637.41,3.9521365371864903
1827,DRREDDY,2022-03-01,3831.62,4117.86,3716.6,3884.46,19458813,3884.46,6.7919206248401975
1828,DRREDDY,2022-04-01,4016.95,4307.35,3857.73,4087.46,47407858,4087.46,5.225951612321911
1829,DRREDDY,2022-05-01,3667.4,3859.75,3196.09,3621.07,15719965,3621.07,-11.410264565280148
1830,DRREDDY,2022-06-01,3647.0,3937.51,3417.73,3676.7,14347701,3676.7,1.5362862358363483
1831,DRREDDY,2022-07-01,4011.81,4417.52,3673.05,3956.96,19728306,3956.96,7.622596349987765
1832,DRREDDY,2022-08-01,3943.28,4127.68,3673.75,3905.24,11623989,3905.24,-1.3070640087339824
1833,DRREDDY,2022-09-01,4317.03,4674.85,3854.82,4265.84,35810213,4265.84,9.233747477747855
1834,DRREDDY,2022-10-01,4336.32,4553.72,3905.96,4344.85,231344,4344.85,1.852155730172722
1835,DRREDDY,2022-11-01,4533.59,4724.4,4467.15,4583.75,12961985,4583.75,5.498463698401546
1836,DRREDDY,2022-12-01,4038.25,4331.7,3810.02,4075.44,10832752,4075.44,-11.089391873466049
1837,DRREDDY,2023-01-01,4286.55,4648.66,3952.86,4246.47,35732942,4246.47,4.196602084682888
1838,DRREDDY,2023-02-01,4035.43,4186.65,4027.67,4083.7,41069494,4083.7,-3.833066052509504
1839,DRREDDY,2023-03-01,4113.26,4169.81,3913.88,4067.23,23535747,4067.23,-0.40331072311873273
1840,DRREDDY,2023-04-01,3981.83,4433.93,3842.86,4060.05,34349693,4060.05,-0.17653292289837585
1841,DRREDDY,2023-05-01,4383.99,4399.95,3845.51,4351.96,42609210,4351.96,7.189812933338247
1842,DRREDDY,2023-06-01,3996.46,4185.43,3849.07,4027.59,39643587,4027.59,-7.453423285140481
1843,DRREDDY,2023-07-01,3847.97,4132.74,3746.03,3883.78,11160200,3883.78,-3.570621637257021
1844,DRREDDY,2023-08-01,3864.42,3994.17,3810.72,3852.78,9950446,3852.78,-0.7981914526569489
1845,DRREDDY,2023-09-01,3785.12,4139.89,3694.94,3834.13,49302793,3834.13,-0.4840660510073258
1846,DRREDDY,2023-10-01,3936.71,4321.39,3622.41,3949.13,8863760,3949.13,2.9993766512872444
1847,DRREDDY,2023-11-01,3966.08,4220.76,3906.28,3947.86,20015554,3947.86,-0.03215898185169319
1848,DRREDDY,2023-12-01,4403.8,4545.16,3995.63,4328.0,34812473,4328.0,9.629014200098274
1849,DRREDDY,2024-01-01,4680.28,4866.44,4310.11,4771.89,25156368,4771.89,10.256238447319777
1850,DRREDDY,2024-02-01,4843.28,5074.21,4580.88,4889.32,846563,4889.32,2.4608698021119313
1851,DRREDDY,2024-03-01,5832.01,6374.49,5452.32,5733.32,20795316,5733.32,17.262114159024165
1852,DRREDDY,2024-04-01,6011.47,6544.57,5384.48,5969.49,6629033,5969.49,4.119253765706432
1853,DRREDDY,2024-05-01,6546.22,7134.1,6202.55,6537.44,49320470,6537.44,9.514213106982329
1854,DRREDDY,2024-06-01,6792.39,6868.64,6523.8,6717.88,12667482,6717.88,2.760101813553928
1855,DRREDDY,2024-07-01,6766.82,7321.19,6334.74,6806.84,18284052,6806.84,1.3242272859890436
1856,DRREDDY,2024-08-01,6842.63,7480.29,6667.42,6926.19,33958001,6926.19,1.7533833614423067
1857,DRREDDY,2024-09-01,7654.5,8079.47,7141.73,7605.44,38579688,7605.44,9.806979017324103
1858,DRREDDY,2024-10-01,7819.67,8089.63,7502.8,7667.69,8212096,7667.69,0.8184930786384381
1859,DRREDDY,2024-11-01,7760.4,8297.74,7376.42,7610.75,42963420,7610.75,-0.7425965316803285
1860,DRREDDY,2024-12-01,7860.26,8223.75,7559.3,7889.67,5858452,7889.67,3.664816213907951
1861,EICHERMOT,2020-01-01,899.01,948.51,825.34,882.32,32332981,882.32,
1862,EICHERMOT,2020-02-01,944.19,960.13,891.16,944.89,43165136,944.89,7.091531417172892
1863,EICHERMOT,2020-03-01,961.63,1005.5,861.88,960.8,42466822,960.8,1.68379388076918
1864,EICHERMOT,2020-04-01,906.36,1028.84,895.69,924.67,34679292,924.67,-3.760407993338888
1865,EICHERMOT,2020-05-01,860.12,954.25,772.91,859.54,14374396,859.54,-7.043593930807745
1866,EICHERMOT,2020-06-01,837.64,884.83,769.11,851.64,29995056,851.64,-0.9190962607906528
1867,EICHERMOT,2020-07-01,854.2,928.01,801.72,851.96,21201535,851.96,0.03757456202151399
1868,EICHERMOT,2020-08-01,837.86,873.86,817.93,832.09,2839754,832.09,-2.332269120615993
1869,EICHERMOT,2020-09-01,832.21,871.88,772.28,846.28,35880692,846.28,1.7053443738057172
1870,EICHERMOT,2020-10-01,848.64,948.08,827.14,862.43,36507371,862.43,1.9083518457248205
1871,EICHERMOT,2020-11-01,916.19,1014.24,814.57,920.86,1253222,920.86,6.7750426121540475
1872,EICHERMOT,2020-12-01,990.16,1020.7,936.22,994.47,45875710,994.47,7.993614664552706
1873,EICHERMOT,2021-01-01,1061.01,1064.27,987.15,1042.72,22629647,1042.72,4.851830623347109
1874,EICHERMOT,2021-02-01,1033.5,1060.57,936.06,1036.24,1574144,1036.24,-0.621451588154065
1875,EICHERMOT,2021-03-01,1069.77,1170.77,1030.48,1087.52,26642343,1087.52,4.948660541959393
1876,EICHERMOT,2021-04-01,1089.49,1135.84,1061.82,1072.61,41777941,1072.61,-1.3710092687950648
1877,EICHERMOT,2021-05-01,1051.84,1106.04,994.05,1041.46,43737814,1041.46,-2.904131044834546
1878,EICHERMOT,2021-06-01,1038.12,1148.27,913.8,1031.46,707773,1031.46,-0.9601905017955548
1879,EICHERMOT,2021-07-01,977.5,1025.31,891.35,979.85,25620676,979.85,-5.003587148314037
1880,EICHERMOT,2021-08-01,930.03,1001.72,896.16,939.38,19417812,939.38,-4.13022401387968
1881,EICHERMOT,2021-09-01,913.09,1007.44,888.98,922.91,33378578,922.91,-1.7532840809895922
1882,EICHERMOT,2021-10-01,877.54,941.2,825.67,875.79,24264883,875.79,-5.105589927511889
1883,EICHERMOT,2021-11-01,1017.91,1124.58,921.45,1032.95,37506325,1032.95,17.944941138857494
1884,EICHERMOT,2021-12-01,1003.37,1039.03,1008.43,1021.33,47853889,1021.33,-1.1249334430514568
1885,EICHERMOT,2022-01-01,955.75,1010.91,923.38,950.65,47535527,950.65,-6.9203881213711576
1886,EICHERMOT,2022-02-01,962.05,992.85,895.77,946.53,15668865,946.53,-0.43338768211224066
1887,EICHERMOT,2022-03-01,977.66,1009.61,880.77,965.46,1767557,965.46,1.9999366105670324
1888,EICHERMOT,2022-04-01,1049.73,1098.24,949.21,1036.52,23608406,1036.52,7.360222070308442
1889,EICHERMOT,2022-05-01,967.67,1012.78,883.2,963.54,8890080,963.54,-7.040867518234095
1890,EICHERMOT,2022-06-01,950.54,1004.1,921.68,945.1,1702268,945.1,-1.913776283288704
1891,EICHERMOT,2022-07-01,991.69,1105.67,958.63,998.37,46397722,998.37,5.636440588297531
1892,EICHERMOT,2022-08-01,1044.3,1124.23,930.27,1055.27,447183,1055.27,5.699289842443189
1893,EICHERMOT,2022-09-01,1027.81,1079.34,925.91,1048.43,45474276,1048.43,-0.6481753484889996
1894,EICHERMOT,2022-10-01,1046.34,1123.87,923.78,1030.16,45620258,1030.16,-1.7426056102934795
1895,EICHERMOT,2022-11-01,1139.19,1133.34,1108.38,1121.46,43903846,1121.46,8.862700939659863
1896,EICHERMOT,2022-12-01,1201.38,1311.45,1112.05,1211.48,44693067,1211.48,8.027036184973158
1897,EICHERMOT,2023-01-01,1160.42,1286.71,1036.72,1157.72,11322350,1157.72,-4.437547462607716
1898,EICHERMOT,2023-02-01,1155.62,1290.06,1118.0,1179.16,11683482,1179.16,1.8519158345714049
1899,EICHERMOT,2023-03-01,1177.52,1307.55,1090.3,1178.6,26294210,1178.6,-0.04749143458055993
1900,EICHERMOT,2023-04-01,1277.14,1362.78,1241.89,1286.57,26385768,1286.57,9.160868827422375
1901,EICHERMOT,2023-05-01,1199.96,1219.21,1130.86,1187.97,34092341,1187.97,-7.663788212067734
1902,EICHERMOT,2023-06-01,1246.7,1312.1,1204.89,1231.56,46823503,1231.56,3.6692845778933725
1903,EICHERMOT,2023-07-01,1136.64,1273.85,1036.92,1139.28,10212580,1139.28,-7.492935788755728
1904,EICHERMOT,2023-08-01,1220.29,1237.3,1202.46,1217.52,29462834,1217.52,6.867495260164325
1905,EICHERMOT,2023-09-01,1222.59,1243.27,1162.1,1226.68,35837076,1226.68,0.7523490373874786
1906,EICHERMOT,2023-10-01,1378.93,1528.28,1265.02,1397.86,11141701,1397.86,13.954739622395396
1907,EICHERMOT,2023-11-01,1511.48,1649.67,1381.55,1498.24,29497024,1498.24,7.180976635714598
1908,EICHERMOT,2023-12-01,1486.02,1533.1,1328.93,1479.06,48607590,1479.06,-1.280168731311404
1909,EICHERMOT,2024-01-01,1387.49,1460.65,1316.63,1406.19,16048944,1406.19,-4.926777818344075
1910,EICHERMOT,2024-02-01,1480.79,1538.9,1309.33,1481.25,35250738,1481.25,5.337827747317214
1911,EICHERMOT,2024-03-01,1502.02,1548.13,1461.05,1517.23,1123494,1517.23,2.4290295358649905
1912,EICHERMOT,2024-04-01,1474.57,1613.06,1396.23,1455.87,3741119,1455.87,-4.044212149772952
1913,EICHERMOT,2024-05-01,1559.18,1695.96,1505.13,1576.05,49675727,1576.05,8.254857920006597
1914,EICHERMOT,2024-06-01,1558.65,1714.51,1479.26,1589.52,2068652,1589.52,0.8546683163605184
1915,EICHERMOT,2024-07-01,1634.59,1755.07,1539.84,1636.6,1689652,1636.6,2.961900447933963
1916,EICHERMOT,2024-08-01,1588.54,1746.45,1451.15,1570.96,31283631,1570.96,-4.010754002199679
1917,EICHERMOT,2024-09-01,1579.67,1762.86,1473.43,1596.26,44445791,1596.26,1.610480215918919
1918,EICHERMOT,2024-10-01,1749.87,1827.37,1555.27,1755.69,39799533,1755.69,9.987721298535334
1919,EICHERMOT,2024-11-01,1703.92,1881.17,1648.1,1696.04,27721191,1696.04,-3.3975246199499987
1920,EICHERMOT,2024-12-01,1613.15,1739.5,1511.71,1637.67,45782296,1637.67,-3.4415461899483413
1921,GAIL,2020-01-01,330.45,357.01,311.93,335.28,25992587,335.28,
1922,GAIL,2020-02-01,313.95,340.74,289.69,319.51,9298134,319.51,-4.7035313767597176
1923,GAIL,2020-03-01,314.38,339.59,302.17,314.75,33997901,314.75,-1.4897812275046163
1924,GAIL,2020-04-01,346.19,364.5,319.03,346.26,32038434,346.26,10.011119936457513
1925,GAIL,2020-05-01,350.89,372.94,315.51,345.52,1026678,345.52,-0.21371223935771066
1926,GAIL,2020-06-01,348.8,357.24,339.04,345.18,35899979,345.18,-0.09840240796480382
1927,GAIL,2020-07-01,333.2,358.2,301.68,335.6,15341041,335.6,-2.7753635784228514
1928,GAIL,2020-08-01,320.4,333.67,293.09,324.72,39448736,324.72,-3.2419547079856947
1929,GAIL,2020-09-01,330.44,368.18,301.97,329.51,6020919,329.51,1.4751170238975098
1930,GAIL,2020-10-01,324.69,362.99,316.07,327.11,31163541,327.11,-0.7283542229370776
1931,GAIL,2020-11-01,310.08,339.59,300.48,313.08,48255077,313.08,-4.289077068875924
1932,GAIL,2020-12-01,321.6,321.73,298.84,317.91,35368846,317.91,1.5427366807206022
1933,GAIL,2021-01-01,308.97,329.82,283.42,309.29,43039523,309.29,-2.7114592180176755
1934,GAIL,2021-02-01,295.64,326.79,280.93,297.63,38677198,297.63,-3.7699246661709207
1935,GAIL,2021-03-01,289.05,311.57,263.08,291.16,23828773,291.16,-2.173840002687888
1936,GAIL,2021-04-01,311.2,319.76,303.47,307.66,8087697,307.66,5.666987223519704
1937,GAIL,2021-05-01,285.66,295.56,269.3,291.35,46767368,291.35,-5.301306637196901
1938,GAIL,2021-06-01,303.91,332.13,289.01,309.05,43681869,309.05,6.075167324523756
1939,GAIL,2021-07-01,327.42,361.41,328.08,333.53,41172067,333.53,7.9210483740495
1940,GAIL,2021-08-01,359.43,382.39,332.68,360.13,15576346,360.13,7.975294576200054
1941,GAIL,2021-09-01,338.46,378.6,301.38,338.72,46119320,338.72,-5.945075389442689
1942,GAIL,2021-10-01,301.01,325.58,293.2,301.85,18087105,301.85,-10.88509683514407
1943,GAIL,2021-11-01,268.77,303.58,265.18,273.05,5539099,273.05,-9.541162829219818
1944,GAIL,2021-12-01,251.36,269.54,227.16,254.99,30992745,254.99,-6.614173228346454
1945,GAIL,2022-01-01,258.85,265.37,242.43,253.99,24253543,253.99,-0.39217224204870504
1946,GAIL,2022-02-01,260.24,283.94,236.03,256.69,2369778,256.69,1.063033977715655
1947,GAIL,2022-03-01,270.72,302.77,247.13,272.79,45422101,272.79,6.272157076629403
1948,GAIL,2022-04-01,255.39,290.56,236.87,260.03,47676447,260.03,-4.67759082077791
1949,GAIL,2022-05-01,263.72,283.72,241.54,267.02,35309229,267.02,2.688151367149949
1950,GAIL,2022-06-01,293.41,320.22,271.49,299.05,47785506,299.05,11.995356153097148
1951,GAIL,2022-07-01,295.07,306.88,263.29,290.73,24618319,290.73,-2.782143454271857
1952,GAIL,2022-08-01,283.01,305.64,265.05,280.83,4541258,280.83,-3.4052213393870767
1953,GAIL,2022-09-01,295.7,302.45,269.91,291.52,17588463,291.52,3.8065733717907557
1954,GAIL,2022-10-01,287.24,291.73,268.45,284.91,7188874,284.91,-2.2674259055982304
1955,GAIL,2022-11-01,285.2,303.51,280.21,285.34,26097470,285.34,0.1509248534624863
1956,GAIL,2022-12-01,307.11,325.54,289.82,303.22,5433480,303.22,6.266208733440837
1957,GAIL,2023-01-01,294.11,320.77,269.57,292.55,5108338,292.55,-3.518897170371349
1958,GAIL,2023-02-01,297.8,324.83,286.92,293.48,47887407,293.48,0.31789437702955947
1959,GAIL,2023-03-01,292.79,310.07,272.77,288.13,18314762,288.13,-1.8229521602834975
1960,GAIL,2023-04-01,310.31,330.67,289.01,310.39,49875935,310.39,7.725679380835038
1961,GAIL,2023-05-01,317.11,345.8,303.63,314.5,39450230,314.5,1.3241405973130727
1962,GAIL,2023-06-01,289.04,303.72,285.25,292.62,44682828,292.62,-6.957074721780598
1963,GAIL,2023-07-01,300.35,321.56,279.58,297.43,2655196,297.43,1.6437700772332642
1964,GAIL,2023-08-01,318.12,339.09,302.71,318.22,25181726,318.22,6.989879971758062
1965,GAIL,2023-09-01,306.77,319.63,280.45,311.09,48651571,311.09,-2.2405882722644876
1966,GAIL,2023-10-01,295.1,311.09,282.77,299.24,30547910,299.24,-3.809187051978513
1967,GAIL,2023-11-01,317.5,324.73,285.76,313.41,46905594,313.41,4.735329501403562
1968,GAIL,2023-12-01,329.39,357.12,292.15,328.61,20971377,328.61,4.84987715771672
1969,GAIL,2024-01-01,332.01,352.48,300.04,327.55,39069146,327.55,-0.32257082864185493
1970,GAIL,2024-02-01,308.75,318.52,296.18,304.63,5268470,304.63,-6.997404976339494
1971,GAIL,2024-03-01,299.78,332.7,275.77,299.77,14428897,299.77,-1.595377999540426
1972,GAIL,2024-04-01,345.63,362.66,313.99,342.08,34717690,342.08,14.114154184875073
1973,GAIL,2024-05-01,371.46,383.7,347.68,364.26,23851486,364.26,6.4838634237605275
1974,GAIL,2024-06-01,351.91,377.56,341.06,346.33,41764980,346.33,-4.922308241366058
1975,GAIL,2024-07-01,346.51,359.23,318.74,346.18,1109788,346.18,-0.043311292697711945
1976,GAIL,2024-08-01,383.66,402.19,353.96,377.45,48704158,377.45,9.032873071812354
1977,GAIL,2024-09-01,372.31,393.02,342.07,371.95,39944948,371.95,-1.457146641939333
1978,GAIL,2024-10-01,346.92,377.78,342.89,352.1,40315814,352.1,-5.336738808979691
1979,GAIL,2024-11-01,342.67,359.28,305.2,344.67,24413753,344.67,-2.1101959670548176
1980,GAIL,2024-12-01,379.73,398.1,366.93,383.65,38497320,383.65,11.30936838135026
1981,GODREJCP,2020-01-01,4310.49,4536.2,3853.34,4373.87,11850023,4373.87,
1982,GODREJCP,2020-02-01,4712.14,5058.33,4217.8,4695.21,26478628,4695.21,7.346811862263847
1983,GODREJCP,2020-03-01,4501.0,4937.73,4172.49,4498.69,22704605,4498.69,-4.1855422867134955
1984,GODREJCP,2020-04-01,4861.08,5279.12,4414.1,4850.2,6167208,4850.2,7.813607961428781
1985,GODREJCP,2020-05-01,4722.65,5096.95,4404.84,4714.32,31051912,4714.32,-2.8015339573625897
1986,GODREJCP,2020-06-01,4252.48,4608.09,4043.47,4222.27,26756075,4222.27,-10.437348334436336
1987,GODREJCP,2020-07-01,4144.69,4450.7,4065.53,4217.06,29169436,4217.06,-0.12339334054903839
1988,GODREJCP,2020-08-01,4567.31,5009.33,3993.36,4520.51,37444978,4520.51,7.195771461634415
1989,GODREJCP,2020-09-01,4175.94,4373.24,3719.43,4179.44,28176440,4179.44,-7.544945149994153
1990,GODREJCP,2020-10-01,4750.86,4801.67,4453.23,4700.6,36923860,4700.6,12.469613153915372
1991,GODREJCP,2020-11-01,4630.68,5233.79,4578.22,4694.66,14895428,4694.66,-0.12636684678553056
1992,GODREJCP,2020-12-01,4995.0,5266.6,4601.07,4978.39,28828393,4978.39,6.043675154324291
1993,GODREJCP,2021-01-01,5142.99,5156.51,4918.66,5047.83,15557252,5047.83,1.3948284485546525
1994,GODREJCP,2021-02-01,5541.69,5730.6,5520.21,5601.96,4641489,5601.96,10.977588389466364
1995,GODREJCP,2021-03-01,5697.48,6264.72,5266.8,5676.97,46433251,5676.97,1.338995637241247
1996,GODREJCP,2021-04-01,5658.01,6142.51,5537.51,5691.19,14910330,5691.19,0.2504857344674871
1997,GODREJCP,2021-05-01,5811.39,6118.32,5735.05,5798.91,23666820,5798.91,1.8927500224030558
1998,GODREJCP,2021-06-01,5889.06,6193.12,5306.8,5797.31,3843602,5797.31,-0.02759139217541895
1999,GODREJCP,2021-07-01,5668.02,6270.71,5431.51,5724.35,20516275,5724.35,-1.2585147249327688
2000,GODREJCP,2021-08-01,5915.96,6506.08,5636.99,5890.15,27432221,5890.15,2.8963987177583306
2001,GODREJCP,2021-09-01,6026.51,6114.6,5353.41,5928.98,33099067,5928.98,0.6592361824401705
2002,GODREJCP,2021-10-01,5755.71,5980.11,5120.53,5671.51,32472472,5671.51,-4.342568198914476
2003,GODREJCP,2021-11-01,5885.79,6330.45,5700.88,5921.73,7089221,5921.73,4.411876202281206
2004,GODREJCP,2021-12-01,6208.58,6440.28,5726.99,6117.0,46460910,6117.0,3.2975160974917817
2005,GODREJCP,2022-01-01,6208.98,6412.03,5572.69,6110.53,30777070,6110.53,-0.10577080268105998
2006,GODREJCP,2022-02-01,6102.31,6802.42,5802.92,6096.17,41924144,6096.17,-0.23500416494149912
2007,GODREJCP,2022-03-01,6169.6,6643.0,5964.54,6202.28,11072161,6202.28,1.7406010659151594
2008,GODREJCP,2022-04-01,5780.03,6007.97,5638.9,5721.64,22252853,5721.64,-7.749408282115599
2009,GODREJCP,2022-05-01,5589.16,5891.74,5372.63,5491.39,23812366,5491.39,-4.02419585992827
2010,GODREJCP,2022-06-01,5922.69,6037.67,5188.13,5841.45,44583548,5841.45,6.374706586128465
2011,GODREJCP,2022-07-01,5991.12,6293.25,5878.95,5981.83,21662647,5981.83,2.403170445694136
2012,GODREJCP,2022-08-01,6342.98,6841.38,6085.95,6459.78,23578203,6459.78,7.9900298069319975
2013,GODREJCP,2022-09-01,6401.71,6951.28,5790.51,6467.6,269053,6467.6,0.12105675425480023
2014,GODREJCP,2022-10-01,6843.91,7528.6,6167.62,6922.82,45453483,6922.82,7.038468674624276
2015,GODREJCP,2022-11-01,6794.52,6841.67,6526.22,6763.63,43764223,6763.63,-2.299496447979288
2016,GODREJCP,2022-12-01,6744.66,6827.65,6037.23,6624.27,23848742,6624.27,-2.0604320461054093
2017,GODREJCP,2023-01-01,6900.19,7430.18,6408.15,7020.6,22850205,7020.6,5.982998881386181
2018,GODREJCP,2023-02-01,6593.41,7365.79,6083.7,6709.25,36298064,6709.25,-4.434806141925196
2019,GODREJCP,2023-03-01,6804.43,7636.4,6378.58,6839.8,36397124,6839.8,1.9458210679285992
2020,GODREJCP,2023-04-01,7122.95,7199.81,6490.22,6988.21,8370875,6988.21,2.169800286558088
2021,GODREJCP,2023-05-01,7027.38,7700.13,6702.94,7136.95,33143075,7136.95,2.1284420473912435
2022,GODREJCP,2023-06-01,6915.57,7330.1,6238.79,6843.83,47014785,6843.83,-4.107076552308753
2023,GODREJCP,2023-07-01,6478.13,6622.09,5937.3,6548.57,33970921,6548.57,-4.314250938436526
2024,GODREJCP,2023-08-01,6341.7,6788.81,6226.27,6368.54,34718520,6368.54,-2.749149814386953
2025,GODREJCP,2023-09-01,6232.11,6326.62,5836.62,6145.49,18271225,6145.49,-3.5023726003134192
2026,GODREJCP,2023-10-01,5346.97,5914.04,5123.87,5409.74,18273690,5409.74,-11.97219424325806
2027,GODREJCP,2023-11-01,5499.58,5628.14,4903.34,5439.28,8353505,5439.28,0.546052120804319
2028,GODREJCP,2023-12-01,6014.55,6206.43,5623.32,5995.46,22632163,5995.46,10.225250400788344
2029,GODREJCP,2024-01-01,5975.62,6277.69,5622.97,5939.67,27932461,5939.67,-0.9305374399962596
2030,GODREJCP,2024-02-01,6047.49,6148.84,5694.81,5987.49,9214315,5987.49,0.8050952325634242
2031,GODREJCP,2024-03-01,6431.37,6601.67,6013.85,6502.41,35281222,6502.41,8.599930855834415
2032,GODREJCP,2024-04-01,6152.33,6791.85,5875.35,6188.58,29419332,6188.58,-4.826364378745729
2033,GODREJCP,2024-05-01,7095.26,7625.78,6870.67,7180.78,21741476,7180.78,16.03275711067804
2034,GODREJCP,2024-06-01,7128.27,7294.67,6215.54,7058.0,15117790,7058.0,-1.7098421062892832
2035,GODREJCP,2024-07-01,6931.2,7668.3,6429.33,6874.35,45857239,6874.35,-2.60201190138849
2036,GODREJCP,2024-08-01,7046.68,7830.99,6392.59,7187.9,11077557,7187.9,4.561158509531804
2037,GODREJCP,2024-09-01,6758.49,7522.02,6292.4,6859.83,40984754,6859.83,-4.564198166362909
2038,GODREJCP,2024-10-01,7413.59,7675.57,6843.36,7458.73,20483520,7458.73,8.730537054125254
2039,GODREJCP,2024-11-01,7519.09,7747.69,7182.2,7388.36,3433174,7388.36,-0.943458202669889
2040,GODREJCP,2024-12-01,7517.61,8451.54,6723.05,7556.17,14634498,7556.17,2.271275357454172
2041,GRASIM,2020-01-01,5084.17,5423.1,4833.29,5017.3,5987152,5017.3,
2042,GRASIM,2020-02-01,5527.8,5964.35,5174.07,5483.86,44497793,5483.86,9.299025372212144
2043,GRASIM,2020-03-01,5352.43,5782.75,4814.18,5433.15,47736411,5433.15,-0.9247136141331103
2044,GRASIM,2020-04-01,5129.16,5480.85,4719.1,5043.47,1379049,5043.47,-7.172266548871276
2045,GRASIM,2020-05-01,5068.43,5298.59,4572.76,5118.5,18233284,5118.5,1.4876662297981236
2046,GRASIM,2020-06-01,5618.0,5895.36,5455.97,5531.72,28790179,5531.72,8.073068281723161
2047,GRASIM,2020-07-01,5424.46,6038.98,5097.28,5470.06,43444545,5470.06,-1.1146623473350048
2048,GRASIM,2020-08-01,6326.8,6380.41,6068.39,6229.84,29412016,6229.84,13.889792799347722
2049,GRASIM,2020-09-01,5424.35,5838.77,5235.05,5412.05,14101451,5412.05,-13.126982394411414
2050,GRASIM,2020-10-01,5495.33,5953.43,4896.37,5472.1,40721938,5472.1,1.1095610720521787
2051,GRASIM,2020-11-01,5582.17,5599.23,5127.03,5479.26,4381957,5479.26,0.13084556203284414
2052,GRASIM,2020-12-01,5637.69,5748.26,5457.12,5667.47,26302609,5667.47,3.434952895098964
2053,GRASIM,2021-01-01,5737.98,6213.42,5267.99,5783.29,45520062,5783.29,2.043592643631098
2054,GRASIM,2021-02-01,5723.89,5961.24,5287.98,5626.62,5101570,5626.62,-2.7090116525368746
2055,GRASIM,2021-03-01,5489.09,5733.21,5152.7,5446.71,25731268,5446.71,-3.197479126011704
2056,GRASIM,2021-04-01,5341.45,5520.23,4950.86,5432.75,40979605,5432.75,-0.25630151045310523
2057,GRASIM,2021-05-01,5284.14,5758.26,4793.37,5344.87,3401819,5344.87,-1.6175969812709967
2058,GRASIM,2021-06-01,5754.8,5872.43,5243.37,5734.44,25767724,5734.44,7.288671193125373
2059,GRASIM,2021-07-01,5982.26,6464.78,5554.36,6002.79,23743040,6002.79,4.679619980329375
2060,GRASIM,2021-08-01,6511.78,7136.94,5859.65,6472.61,385474,6472.61,7.8266939206602215
2061,GRASIM,2021-09-01,6620.99,7314.27,5883.49,6622.27,5408781,6622.27,2.312204813823193
2062,GRASIM,2021-10-01,6647.36,7132.22,6027.8,6622.21,35868206,6622.21,-0.0009060337316402212
2063,GRASIM,2021-11-01,6469.63,7023.41,5904.3,6374.54,28896164,6374.54,-3.7399901241428446
2064,GRASIM,2021-12-01,6777.04,7407.1,6172.82,6703.26,10523555,6703.26,5.1567642527931445
2065,GRASIM,2022-01-01,6116.6,6919.05,5623.81,6236.26,1387777,6236.26,-6.966759457338667
2066,GRASIM,2022-02-01,6146.09,6676.35,5898.37,6190.66,15620981,6190.66,-0.73120748653841
2067,GRASIM,2022-03-01,6860.47,6836.31,6606.33,6726.04,11203800,6726.04,8.648189369146419
2068,GRASIM,2022-04-01,6228.78,6517.87,6112.45,6335.0,11248285,6335.0,-5.813822100374066
2069,GRASIM,2022-05-01,7019.63,7512.85,6829.42,7012.99,15821292,7012.99,10.702288871349651
2070,GRASIM,2022-06-01,6668.61,7187.39,6210.99,6758.94,44583607,6758.94,-3.622563271871204
2071,GRASIM,2022-07-01,7050.38,7496.89,6243.74,6926.66,19596800,6926.66,2.4814541925213263
2072,GRASIM,2022-08-01,6514.75,6770.67,6224.85,6528.29,37033454,6528.29,-5.751256738456922
2073,GRASIM,2022-09-01,6644.75,7020.02,6240.51,6620.34,34661410,6620.34,1.4100170182390848
2074,GRASIM,2022-10-01,6659.6,7455.23,6192.78,6736.71,15064298,6736.71,1.7577647069485947
2075,GRASIM,2022-11-01,6954.19,7534.96,6595.07,6959.69,42476035,6959.69,3.309924280546439
2076,GRASIM,2022-12-01,7421.25,8141.32,6770.33,7362.75,46342704,7362.75,5.791349902078968
2077,GRASIM,2023-01-01,7566.99,8146.69,6824.29,7623.47,29603020,7623.47,3.5410682150011974
2078,GRASIM,2023-02-01,7070.72,7075.46,6856.7,6965.7,32110369,6965.7,-8.628223105751065
2079,GRASIM,2023-03-01,6502.08,7002.79,6266.89,6566.78,48016591,6566.78,-5.726919046183443
2080,GRASIM,2023-04-01,7300.03,7938.69,7044.54,7176.24,33553734,7176.24,9.280956572323129
2081,GRASIM,2023-05-01,7471.72,8129.1,6613.74,7476.36,45352954,7476.36,4.182134376776703
2082,GRASIM,2023-06-01,7488.25,7952.11,7064.97,7497.49,7554288,7497.49,0.28262416470046237
2083,GRASIM,2023-07-01,8207.29,9099.81,8155.78,8288.64,30464380,8288.64,10.55219813564272
2084,GRASIM,2023-08-01,8142.46,8981.33,7798.76,8079.23,28763981,8079.23,-2.5264699637093657
2085,GRASIM,2023-09-01,8221.78,8676.57,7915.99,8259.3,2109880,8259.3,2.2288015070743183
2086,GRASIM,2023-10-01,8419.34,9012.0,7676.11,8544.65,1251965,8544.65,3.4548932718269088
2087,GRASIM,2023-11-01,9358.84,10289.83,8444.69,9198.0,30009023,9198.0,7.646304997864162
2088,GRASIM,2023-12-01,9444.8,9875.15,9208.4,9602.68,37773438,9602.68,4.399652098282236
2089,GRASIM,2024-01-01,9793.43,9993.41,8774.34,9858.6,2551432,9858.6,2.6650893292289313
2090,GRASIM,2024-02-01,10313.63,10816.48,9523.16,10146.58,13456571,10146.58,2.921104416448572
2091,GRASIM,2024-03-01,9883.13,10402.45,9359.21,9973.35,20470268,9973.35,-1.7072747664730326
2092,GRASIM,2024-04-01,9926.66,10239.14,9696.05,9994.81,49807647,9994.81,0.2151734372101588
2093,GRASIM,2024-05-01,11007.53,11958.81,10136.97,10981.17,45255982,10981.17,9.8687218666488
2094,GRASIM,2024-06-01,10233.44,10716.51,9620.03,10114.27,47644912,10114.27,-7.894422907577237
2095,GRASIM,2024-07-01,10287.68,10782.33,9287.87,10155.15,35039359,10155.15,0.40418141892593074
2096,GRASIM,2024-08-01,10242.06,11003.39,9977.96,10090.71,13700127,10090.71,-0.6345548810209656
2097,GRASIM,2024-09-01,9807.05,10683.26,8731.19,9794.39,39487740,9794.39,-2.93656244208782
2098,GRASIM,2024-10-01,10514.6,11086.65,10129.03,10638.22,32116837,10638.22,8.615442105123439
2099,GRASIM,2024-11-01,10715.87,11481.11,10451.22,10703.54,46418018,10703.54,0.6140124945714698
2100,GRASIM,2024-12-01,10394.06,11495.6,9764.34,10518.26,37329499,10518.26,-1.7310160937409558
2101,HAL,2020-01-01,4422.72,4493.91,4260.66,4440.64,41793221,4440.64,
2102,HAL,2020-02-01,4083.18,4362.17,4009.53,4118.08,38805166,4118.08,-7.263817828060826
2103,HAL,2020-03-01,4522.92,4772.01,3996.94,4451.7,15565502,4451.7,8.10134820110342
2104,HAL,2020-04-01,4259.12,4543.79,4136.82,4185.13,38373925,4185.13,-5.988049509176263
2105,HAL,2020-05-01,4370.6,4451.31,4194.32,4397.56,23517185,4397.56,5.075827991006254
2106,HAL,2020-06-01,4272.8,4700.27,4143.42,4254.16,1212855,4254.16,-3.2608992259343994
2107,HAL,2020-07-01,3949.7,4407.17,3657.22,4000.97,47158135,4000.97,-5.95158621208417
2108,HAL,2020-08-01,3579.85,3903.98,3439.04,3605.12,12684538,3605.12,-9.893850741195253
2109,HAL,2020-09-01,3704.92,3921.78,3518.94,3748.6,3177846,3748.6,3.979895260074562
2110,HAL,2020-10-01,3963.19,4178.18,3494.61,3928.93,42182284,3928.93,4.810595955823516
2111,HAL,2020-11-01,4078.58,4456.25,3766.08,4002.22,30050908,4002.22,1.8653933768226993
2112,HAL,2020-12-01,4188.52,4454.02,3641.03,4121.68,36217758,4121.68,2.9848434119064127
2113,HAL,2021-01-01,4285.55,4614.0,4209.91,4257.07,4624038,4257.07,3.2848256050930447
2114,HAL,2021-02-01,4578.25,4833.76,4412.38,4642.61,30420416,4642.61,9.056463718003238
2115,HAL,2021-03-01,4799.45,4949.37,4393.91,4832.88,41778752,4832.88,4.09834123477959
2116,HAL,2021-04-01,4500.22,4808.05,4445.71,4520.17,11434739,4520.17,-6.470468954329512
2117,HAL,2021-05-01,4896.75,5491.06,4855.01,4950.55,38854339,4950.55,9.521323313061236
2118,HAL,2021-06-01,5219.49,5241.81,4773.32,5175.93,7163287,5175.93,4.5526254658573295
2119,HAL,2021-07-01,5155.33,5643.4,4646.54,5120.93,21668131,5120.93,-1.062610970395661
2120,HAL,2021-08-01,5188.92,5507.63,4837.2,5209.46,3374836,5209.46,1.728787544449939
2121,HAL,2021-09-01,5420.86,5622.07,4935.53,5326.53,35161092,5326.53,2.2472578731768778
2122,HAL,2021-10-01,5445.96,5635.68,5034.03,5422.17,39819064,5422.17,1.7955404362690164
2123,HAL,2021-11-01,5650.6,5736.85,5211.24,5566.83,26502253,5566.83,2.6679355313462993
2124,HAL,2021-12-01,5419.36,5664.46,4862.83,5339.43,11625220,5339.43,-4.08491008347659
2125,HAL,2022-01-01,5272.85,5466.69,5119.12,5304.44,23771194,5304.44,-0.6553133948755008
2126,HAL,2022-02-01,5011.09,5214.8,4837.36,4967.8,27733320,4967.8,-6.34638152189485
2127,HAL,2022-03-01,5072.31,5183.64,4716.4,5118.45,44800362,5118.45,3.032529489915037
2128,HAL,2022-04-01,5117.54,5335.61,4685.35,5130.2,30654437,5130.2,0.22956168371284225
2129,HAL,2022-05-01,5294.4,5794.57,4823.59,5344.75,46640826,5344.75,4.182098163814274
2130,HAL,2022-06-01,5410.93,5641.42,4890.73,5495.84,28212848,5495.84,2.8268861967351233
2131,HAL,2022-07-01,5467.61,5632.79,5121.37,5411.04,40855589,5411.04,-1.5429852397449761
2132,HAL,2022-08-01,5113.97,5419.37,4731.36,5216.58,48292997,5216.58,-3.5937638605517574
2133,HAL,2022-09-01,5242.02,5792.67,4770.83,5198.94,22073553,5198.94,-0.3381525827266252
2134,HAL,2022-10-01,5388.18,5737.43,4884.96,5338.91,27736162,5338.91,2.6922795800682575
2135,HAL,2022-11-01,4982.86,5462.89,4557.36,5043.86,21699270,5043.86,-5.5264089486430805
2136,HAL,2022-12-01,4966.01,5412.46,4514.54,5056.8,1253031,5056.8,0.256549547370466
2137,HAL,2023-01-01,5086.47,5105.62,4676.34,4996.22,23297059,4996.22,-1.1979908242366721
2138,HAL,2023-02-01,5089.98,5680.13,4924.56,5099.17,30144881,5099.17,2.060557781682948
2139,HAL,2023-03-01,5199.9,5700.11,4997.75,5295.92,11671865,5295.92,3.858471084509829
2140,HAL,2023-04-01,5218.49,5904.25,4847.08,5300.18,22185192,5300.18,0.08043928156014069
2141,HAL,2023-05-01,5303.81,5858.66,5079.74,5289.88,8317046,5289.88,-0.1943330226520601
2142,HAL,2023-06-01,5380.6,5641.23,4859.17,5401.44,42973191,5401.44,2.108932527770002
2143,HAL,2023-07-01,5170.31,5343.35,4956.06,5078.57,18220122,5078.57,-5.977480079386233
2144,HAL,2023-08-01,5093.27,5593.24,4498.01,5020.44,8947831,5020.44,-1.1446135427886195
2145,HAL,2023-09-01,5360.59,5787.77,4716.34,5271.58,5616014,5271.58,5.002350391599153
2146,HAL,2023-10-01,4821.84,5283.51,4569.05,4835.61,38482420,4835.61,-8.270196032309107
2147,HAL,2023-11-01,4783.11,4865.69,4505.94,4692.76,21041647,4692.76,-2.9541257462863957
2148,HAL,2023-12-01,5060.98,5361.51,5018.62,5113.78,46654831,5113.78,8.971692564716705
2149,HAL,2024-01-01,5063.95,5633.13,4713.24,5070.65,37240755,5070.65,-0.8434074207337883
2150,HAL,2024-02-01,5594.48,5732.04,4994.78,5537.89,21329016,5537.89,9.214597734018337
2151,HAL,2024-03-01,6203.06,6376.74,5714.61,6125.26,2315323,6125.26,10.606386186796769
2152,HAL,2024-04-01,6428.24,7288.75,6024.12,6514.28,647086,6514.28,6.351077342023026
2153,HAL,2024-05-01,7088.54,7715.74,6387.85,7035.64,38205232,7035.64,8.003340353807342
2154,HAL,2024-06-01,7761.78,8130.45,7309.97,7776.54,7448963,7776.54,10.530669562399432
2155,HAL,2024-07-01,7784.94,8554.0,7332.42,7759.77,9674647,7759.77,-0.21564860464936553
2156,HAL,2024-08-01,8266.01,8838.19,7662.09,8293.64,6069558,8293.64,6.87997195793173
2157,HAL,2024-09-01,7539.43,8372.28,6937.89,7530.32,37917120,7530.32,-9.203678963639605
2158,HAL,2024-10-01,7282.4,7909.72,6608.93,7273.65,47101058,7273.65,-3.408487288720796
2159,HAL,2024-11-01,7148.81,7306.32,6827.49,7155.88,487206,7155.88,-1.619132072618279
2160,HAL,2024-12-01,7676.62,7927.48,7295.59,7687.57,48973051,7687.57,7.430113417217732
2161,HAVELLS,2020-01-01,1594.53,1678.25,1548.67,1576.5,44509296,1576.5,
2162,HAVELLS,2020-02-01,1715.82,1792.91,1616.41,1719.68,11272471,1719.68,9.082143989850945
2163,HAVELLS,2020-03-01,1895.81,2071.65,1729.75,1868.77,983451,1868.77,8.669636211388166
2164,HAVELLS,2020-04-01,1873.07,1935.49,1783.6,1880.63,1346047,1880.63,0.6346420372758566
2165,HAVELLS,2020-05-01,1674.07,1889.12,1661.09,1702.59,11961168,1702.59,-9.467040300324904
2166,HAVELLS,2020-06-01,1618.24,1779.35,1512.22,1649.1,33637011,1649.1,-3.1416841400454643
2167,HAVELLS,2020-07-01,1685.82,1762.12,1661.47,1705.23,3023685,1705.23,3.403674731671824
2168,HAVELLS,2020-08-01,1620.81,1838.39,1522.86,1641.65,35177986,1641.65,-3.7285292893040833
2169,HAVELLS,2020-09-01,1796.99,1885.49,1752.98,1805.0,30210537,1805.0,9.950354825937314
2170,HAVELLS,2020-10-01,1894.15,2037.2,1794.0,1901.55,8360211,1901.55,5.349030470914129
2171,HAVELLS,2020-11-01,1784.13,1967.58,1678.59,1798.98,47021776,1798.98,-5.394020667350318
2172,HAVELLS,2020-12-01,1638.3,1726.35,1580.55,1635.23,27346627,1635.23,-9.102380237690245
2173,HAVELLS,2021-01-01,1663.92,1703.9,1622.21,1638.71,15486918,1638.71,0.2128140995456329
2174,HAVELLS,2021-02-01,1620.09,1733.19,1466.46,1598.32,27222365,1598.32,-2.4647436093024444
2175,HAVELLS,2021-03-01,1486.12,1515.03,1412.27,1493.19,42755520,1493.19,-6.577531407978365
2176,HAVELLS,2021-04-01,1377.9,1525.75,1326.74,1397.97,18844871,1397.97,-6.376951359170635
2177,HAVELLS,2021-05-01,1450.2,1601.69,1301.44,1475.61,10890021,1475.61,5.553767248224206
2178,HAVELLS,2021-06-01,1550.74,1641.34,1473.75,1530.04,5617901,1530.04,3.688644018405962
2179,HAVELLS,2021-07-01,1689.35,1915.4,1524.99,1715.0,45071078,1715.0,12.088572847768697
2180,HAVELLS,2021-08-01,1788.17,1882.87,1740.63,1787.72,45322086,1787.72,4.240233236151614
2181,HAVELLS,2021-09-01,1977.12,2179.64,1767.62,1978.61,40522458,1978.61,10.677846642650968
2182,HAVELLS,2021-10-01,2122.08,2209.16,1931.99,2084.97,25509658,2084.97,5.375490874907118
2183,HAVELLS,2021-11-01,2197.19,2246.64,2093.55,2181.56,40630752,2181.56,4.632680566147251
2184,HAVELLS,2021-12-01,2240.27,2381.59,2083.81,2211.81,43060431,2211.81,1.3866224169860164
2185,HAVELLS,2022-01-01,2012.56,2246.5,1884.53,2031.79,40437398,2031.79,-8.139035450603805
2186,HAVELLS,2022-02-01,2007.55,2008.06,1857.16,1987.32,5101390,1987.32,-2.1887104474379693
2187,HAVELLS,2022-03-01,1928.78,1994.33,1782.99,1956.04,39096363,1956.04,-1.5739790270313803
2188,HAVELLS,2022-04-01,1797.61,1919.67,1741.64,1775.52,34023854,1775.52,-9.228850125764298
2189,HAVELLS,2022-05-01,1773.39,1952.83,1689.01,1761.84,32013735,1761.84,-0.770478507704786
2190,HAVELLS,2022-06-01,1742.91,1826.69,1531.35,1730.53,39243632,1730.53,-1.7771193751986547
2191,HAVELLS,2022-07-01,1867.26,1932.02,1683.64,1845.33,43652536,1845.33,6.633805828272266
2192,HAVELLS,2022-08-01,1868.32,1980.46,1660.61,1856.72,10832066,1856.72,0.617233773904946
2193,HAVELLS,2022-09-01,2021.46,2227.19,1935.67,1998.38,18939516,1998.38,7.62958335128614
2194,HAVELLS,2022-10-01,1964.08,2069.11,1772.59,1973.1,1766320,1973.1,-1.265024669982695
2195,HAVELLS,2022-11-01,1989.75,2031.62,1941.06,1967.26,1347705,1967.26,-0.29598094369266414
2196,HAVELLS,2022-12-01,1997.14,2118.25,1791.55,2026.35,45898346,2026.35,3.003670079196441
2197,HAVELLS,2023-01-01,1807.28,1870.38,1628.25,1838.81,5866279,1838.81,-9.255064524884649
2198,HAVELLS,2023-02-01,1894.2,2078.4,1773.86,1900.41,17210315,1900.41,3.34999265829532
2199,HAVELLS,2023-03-01,1999.73,2079.75,1834.52,1989.89,30724237,1989.89,4.708457648612674
2200,HAVELLS,2023-04-01,2077.51,2180.36,1895.42,2051.16,49310397,2051.16,3.0790646719165204
2201,HAVELLS,2023-05-01,2267.65,2366.75,2028.39,2276.48,17686308,2276.48,10.98500360771466
2202,HAVELLS,2023-06-01,2241.41,2260.63,2166.36,2234.22,18023750,2234.22,-1.856374754006196
2203,HAVELLS,2023-07-01,2271.28,2551.96,2266.5,2289.71,18655819,2289.71,2.4836408231955875
2204,HAVELLS,2023-08-01,2463.15,2688.61,2409.69,2434.41,31519097,2434.41,6.319577588428227
2205,HAVELLS,2023-09-01,2323.22,2541.9,2301.41,2368.59,34436882,2368.59,-2.703735196618473
2206,HAVELLS,2023-10-01,2604.71,2683.7,2296.29,2563.13,11725313,2563.13,8.213325227244894
2207,HAVELLS,2023-11-01,2704.39,2921.07,2470.81,2733.17,8295629,2733.17,6.634076305142544
2208,HAVELLS,2023-12-01,2506.0,2673.45,2283.34,2509.63,47385364,2509.63,-8.178781414986991
2209,HAVELLS,2024-01-01,2552.3,2662.62,2422.64,2545.1,14051759,2545.1,1.4133557536369912
2210,HAVELLS,2024-02-01,2533.46,2792.42,2504.6,2550.3,13130244,2550.3,0.2043141723311548
2211,HAVELLS,2024-03-01,2694.97,2989.67,2398.65,2695.46,6683298,2695.46,5.691879386738807
2212,HAVELLS,2024-04-01,2726.59,2770.76,2489.5,2711.83,7504430,2711.83,0.6073174894081212
2213,HAVELLS,2024-05-01,2944.55,3263.24,2638.87,2955.32,34509264,2955.32,8.978807668622313
2214,HAVELLS,2024-06-01,2708.77,2775.59,2484.31,2687.76,3890418,2687.76,-9.053503512310002
2215,HAVELLS,2024-07-01,2587.29,2640.0,2515.64,2579.84,24722869,2579.84,-4.015239455903807
2216,HAVELLS,2024-08-01,2459.9,2612.96,2253.69,2436.01,9707242,2436.01,-5.575151947407586
2217,HAVELLS,2024-09-01,2343.38,2425.65,2166.59,2323.99,22522630,2323.99,-4.598503290216394
2218,HAVELLS,2024-10-01,2420.88,2632.95,2321.24,2441.14,35731311,2441.14,5.0408994875193125
2219,HAVELLS,2024-11-01,2338.34,2473.99,2342.5,2370.13,40721191,2370.13,-2.908886831562296
2220,HAVELLS,2024-12-01,2095.54,2150.97,1882.98,2128.37,12278766,2128.37,-10.200284372587165
2221,HCLTECH,2020-01-01,575.6,627.8,520.01,575.42,20025032,575.42,
2222,HCLTECH,2020-02-01,585.06,642.82,568.65,584.85,45494943,584.85,1.6388029613152222
2223,HCLTECH,2020-03-01,570.14,608.03,514.56,567.1,21642672,567.1,-3.034966230657432
2224,HCLTECH,2020-04-01,573.05,606.58,517.47,584.22,610669,584.22,3.018867924528301
2225,HCLTECH,2020-05-01,564.46,630.22,514.78,563.43,6458297,563.43,-3.5585909417685246
2226,HCLTECH,2020-06-01,546.4,601.95,520.31,545.06,14874496,545.06,-3.2603872708233506
2227,HCLTECH,2020-07-01,584.9,631.64,568.94,583.06,43518262,583.06,6.971709536564785
2228,HCLTECH,2020-08-01,609.39,657.29,590.95,621.68,40928778,621.68,6.62367509347237
2229,HCLTECH,2020-09-01,665.31,691.33,622.98,668.11,6715850,668.11,7.468472526058423
2230,HCLTECH,2020-10-01,684.58,691.13,617.63,671.34,18735864,671.34,0.48345332355450577
2231,HCLTECH,2020-11-01,652.62,684.03,618.2,659.97,28528261,659.97,-1.693627670033071
2232,HCLTECH,2020-12-01,654.56,711.13,594.58,650.49,46114353,650.49,-1.436428928587663
2233,HCLTECH,2021-01-01,724.47,783.23,649.36,712.05,17051755,712.05,9.46363510584327
2234,HCLTECH,2021-02-01,714.44,725.79,624.5,705.94,22757360,705.94,-0.858085808580844
2235,HCLTECH,2021-03-01,722.34,763.43,636.52,714.39,29475579,714.39,1.1969855795110007
2236,HCLTECH,2021-04-01,725.15,737.08,649.47,722.44,713303,722.44,1.1268354820196391
2237,HCLTECH,2021-05-01,753.35,831.82,659.88,744.01,45159754,744.01,2.9857150766845697
2238,HCLTECH,2021-06-01,797.14,819.9,774.78,784.92,14468093,784.92,5.49858200830633
2239,HCLTECH,2021-07-01,803.43,866.23,721.76,808.06,26645389,808.06,2.9480711410079907
2240,HCLTECH,2021-08-01,823.12,920.95,808.68,839.41,45539564,839.41,3.879662401306838
2241,HCLTECH,2021-09-01,832.2,843.59,730.46,827.91,31474386,827.91,-1.3700098878974498
2242,HCLTECH,2021-10-01,855.78,952.5,786.64,851.54,16662123,851.54,2.8541749707093667
2243,HCLTECH,2021-11-01,833.99,910.9,821.78,843.55,24581423,843.55,-0.938300021138172
2244,HCLTECH,2021-12-01,905.28,945.94,809.25,919.58,35940075,919.58,9.013099401339586
2245,HCLTECH,2022-01-01,868.41,947.46,816.73,884.12,33766232,884.12,-3.8561082233193433
2246,HCLTECH,2022-02-01,831.7,858.37,783.97,838.55,16914542,838.55,-5.154277699859755
2247,HCLTECH,2022-03-01,807.87,824.46,800.2,810.55,34090510,810.55,-3.3390972512074457
2248,HCLTECH,2022-04-01,835.75,909.42,805.7,836.49,39020113,836.49,3.2002960952439707
2249,HCLTECH,2022-05-01,847.91,927.24,789.18,833.91,10237381,833.91,-0.3084316608686355
2250,HCLTECH,2022-06-01,857.42,933.7,831.28,840.68,43715422,840.68,0.8118382079600917
2251,HCLTECH,2022-07-01,898.12,969.81,797.86,881.22,5012033,881.22,4.822286720274072
2252,HCLTECH,2022-08-01,848.34,901.72,843.98,864.91,305945,864.91,-1.8508431492703314
2253,HCLTECH,2022-09-01,780.51,859.14,745.47,791.19,3966541,791.19,-8.52343018348729
2254,HCLTECH,2022-10-01,786.61,830.84,710.66,789.26,39631895,789.26,-0.24393634904384953
2255,HCLTECH,2022-11-01,806.94,811.4,711.32,795.5,12056530,795.5,0.7906139928540723
2256,HCLTECH,2022-12-01,753.23,845.06,738.02,760.15,16770453,760.15,-4.443746071653054
2257,HCLTECH,2023-01-01,853.42,947.84,757.47,846.84,2559670,846.84,11.404328093139515
2258,HCLTECH,2023-02-01,890.71,963.66,851.29,874.83,33955331,874.83,3.305228850786457
2259,HCLTECH,2023-03-01,917.89,1037.39,904.26,929.18,15556952,929.18,6.212635597773275
2260,HCLTECH,2023-04-01,924.72,1005.82,873.82,939.76,43900141,939.76,1.1386383693148927
2261,HCLTECH,2023-05-01,1002.69,1018.21,913.27,997.8,19419054,997.8,6.176044947646209
2262,HCLTECH,2023-06-01,974.07,984.33,933.81,958.08,22432357,958.08,-3.9807576668670963
2263,HCLTECH,2023-07-01,852.98,888.78,762.96,866.59,26654658,866.59,-9.549306947227787
2264,HCLTECH,2023-08-01,851.0,907.98,814.63,862.2,13856726,862.2,-0.5065832746742993
2265,HCLTECH,2023-09-01,836.79,947.46,778.63,851.08,32749885,851.08,-1.2897239619577783
2266,HCLTECH,2023-10-01,912.75,930.28,866.07,897.39,26481424,897.39,5.441321614889305
2267,HCLTECH,2023-11-01,956.07,1019.82,950.83,962.65,47995735,962.65,7.272200492539471
2268,HCLTECH,2023-12-01,965.42,1063.87,934.94,960.65,10612951,960.65,-0.20775982963694428
2269,HCLTECH,2024-01-01,1034.37,1162.43,1039.37,1052.89,22030676,1052.89,9.601832092853812
2270,HCLTECH,2024-02-01,938.72,1033.34,891.23,945.93,22449778,945.93,-10.158706037667764
2271,HCLTECH,2024-03-01,836.14,912.53,784.46,834.68,43854703,834.68,-11.760912541097124
2272,HCLTECH,2024-04-01,834.71,875.2,822.33,844.61,27905230,844.61,1.1896774811904098
2273,HCLTECH,2024-05-01,764.87,857.43,722.92,777.44,36349423,777.44,-7.952782941239144
2274,HCLTECH,2024-06-01,834.13,890.93,835.62,845.64,40442168,845.64,8.772381148384433
2275,HCLTECH,2024-07-01,807.42,872.91,777.45,807.1,37501377,807.1,-4.557494915093885
2276,HCLTECH,2024-08-01,758.55,831.65,702.19,756.6,6281640,756.6,-6.256969396605127
2277,HCLTECH,2024-09-01,864.25,943.35,786.25,848.06,16636567,848.06,12.088289717155675
2278,HCLTECH,2024-10-01,903.87,1002.17,830.35,906.95,23242651,906.95,6.944084144989748
2279,HCLTECH,2024-11-01,979.56,999.2,911.41,969.31,1295673,969.31,6.875792491317045
2280,HCLTECH,2024-12-01,953.34,1035.76,915.12,964.49,2680872,964.49,-0.49726093819314476
2281,HDFCBANK,2020-01-01,3436.7,3700.97,3231.96,3429.94,30646276,3429.94,
2282,HDFCBANK,2020-02-01,3428.16,3516.3,3066.17,3380.95,6939278,3380.95,-1.42830486830674
2283,HDFCBANK,2020-03-01,3193.81,3267.18,3097.52,3173.58,37162270,3173.58,-6.133483192593792
2284,HDFCBANK,2020-04-01,3328.54,3469.54,2989.49,3289.43,48974593,3289.43,3.6504515405315185
2285,HDFCBANK,2020-05-01,3440.43,3809.9,3179.95,3484.19,21384987,3484.19,5.920782627993315
2286,HDFCBANK,2020-06-01,3465.05,3497.26,3282.71,3421.25,13448841,3421.25,-1.8064456875199086
2287,HDFCBANK,2020-07-01,3737.71,4107.04,3608.32,3744.62,17514847,3744.62,9.451808549506758
2288,HDFCBANK,2020-08-01,3817.35,4037.03,3705.52,3753.81,16444608,3753.81,0.24541876078214564
2289,HDFCBANK,2020-09-01,3637.3,3980.62,3361.83,3694.41,13781275,3694.41,-1.5823922894339426
2290,HDFCBANK,2020-10-01,4194.6,4270.72,3835.1,4176.56,38166488,4176.56,13.050798368345706
2291,HDFCBANK,2020-11-01,4361.86,4699.13,3899.33,4336.11,23741789,4336.11,3.8201294845518596
2292,HDFCBANK,2020-12-01,4362.59,4464.13,3884.83,4406.36,6557209,4406.36,1.6201157258464383
2293,HDFCBANK,2021-01-01,4285.51,4429.85,4122.58,4321.04,29847289,4321.04,-1.936292086892577
2294,HDFCBANK,2021-02-01,3601.94,3694.51,3245.39,3652.49,19645569,3652.49,-15.471969710995504
2295,HDFCBANK,2021-03-01,4028.68,4291.9,3631.12,4010.39,17256742,4010.39,9.798794794783827
2296,HDFCBANK,2021-04-01,3690.96,4099.97,3573.54,3711.4,27714661,3711.4,-7.455384638401741
2297,HDFCBANK,2021-05-01,3972.3,4000.18,3899.07,3943.72,33252333,3943.72,6.259632483698874
2298,HDFCBANK,2021-06-01,3847.74,3964.82,3700.66,3909.38,24290425,3909.38,-0.870751473228315
2299,HDFCBANK,2021-07-01,4117.09,4369.91,3777.91,4082.12,3726839,4082.12,4.418603461418424
2300,HDFCBANK,2021-08-01,4032.83,4396.6,3831.44,4043.54,25562106,4043.54,-0.9450971553996435
2301,HDFCBANK,2021-09-01,3730.33,4162.25,3531.41,3737.86,15628502,3737.86,-7.559712529120521
2302,HDFCBANK,2021-10-01,3915.08,4270.55,3489.82,3887.17,14712497,3887.17,3.994531630398135
2303,HDFCBANK,2021-11-01,4084.37,4267.02,4015.19,4165.59,3510750,4165.59,7.162537270044789
2304,HDFCBANK,2021-12-01,4002.05,4485.46,3818.56,4045.31,17656162,4045.31,-2.8874661212457298
2305,HDFCBANK,2022-01-01,4121.22,4622.52,4081.73,4130.66,31787725,4130.66,2.1098506665743866
2306,HDFCBANK,2022-02-01,4734.45,5072.4,4553.0,4767.18,5168569,4767.18,15.409643979412513
2307,HDFCBANK,2022-03-01,4715.23,5257.25,4475.99,4795.34,16840282,4795.34,0.5907056163182434
2308,HDFCBANK,2022-04-01,4523.27,4751.61,4038.37,4438.55,30785215,4438.55,-7.440348338178316
2309,HDFCBANK,2022-05-01,4495.68,4699.73,4365.66,4425.19,38613307,4425.19,-0.30099920018926696
2310,HDFCBANK,2022-06-01,4313.19,4596.85,4343.95,4391.71,5231357,4391.71,-0.7565776836700677
2311,HDFCBANK,2022-07-01,4749.79,5182.94,4442.36,4731.66,39894699,4731.66,7.740720584920213
2312,HDFCBANK,2022-08-01,5035.49,5192.89,4681.46,4971.17,26722078,4971.17,5.061859896949494
2313,HDFCBANK,2022-09-01,4979.64,5475.76,4459.67,5005.39,38863885,5005.39,0.6883691364407252
2314,HDFCBANK,2022-10-01,5061.66,5213.61,4728.52,5139.94,30571073,5139.94,2.6881022258005816
2315,HDFCBANK,2022-11-01,5270.34,5491.9,4844.77,5249.04,37066387,5249.04,2.122592870733908
2316,HDFCBANK,2022-12-01,5530.14,5878.82,5005.18,5423.86,24441892,5423.86,3.3305137701370002
2317,HDFCBANK,2023-01-01,5304.32,5573.91,5157.04,5348.73,38224230,5348.73,-1.3851758710586193
2318,HDFCBANK,2023-02-01,4940.11,5051.85,4369.18,4957.89,21429781,4957.89,-7.307155156457689
2319,HDFCBANK,2023-03-01,5021.92,5193.18,4892.2,5002.07,24604290,5002.07,0.8911048853443626
2320,HDFCBANK,2023-04-01,5158.52,5245.61,4739.81,5140.12,47216761,5140.12,2.759857419028533
2321,HDFCBANK,2023-05-01,5664.77,6175.41,5062.84,5562.71,25305324,5562.71,8.221403391360527
2322,HDFCBANK,2023-06-01,5158.07,5269.6,4912.13,5121.27,30762602,5121.27,-7.935700405018409
2323,HDFCBANK,2023-07-01,4699.85,5165.0,4300.95,4759.22,21040771,4759.22,-7.069535486314926
2324,HDFCBANK,2023-08-01,4584.29,4548.92,4439.99,4499.81,21641978,4499.81,-5.450683095129028
2325,HDFCBANK,2023-09-01,4543.2,4762.87,4462.0,4614.7,39206779,4614.7,2.5532189136874495
2326,HDFCBANK,2023-10-01,4450.56,4847.41,3935.33,4365.75,30687569,4365.75,-5.394716883004314
2327,HDFCBANK,2023-11-01,4153.83,4342.19,3939.18,4212.78,39682160,4212.78,-3.5038653152379418
2328,HDFCBANK,2023-12-01,4206.26,4524.27,3826.44,4179.2,17125983,4179.2,-0.7970983531064957
2329,HDFCBANK,2024-01-01,4505.59,4685.26,4410.4,4561.41,3305338,4561.41,9.145530245022982
2330,HDFCBANK,2024-02-01,4536.16,4943.09,4449.16,4567.73,12708713,4567.73,0.13855364898134326
2331,HDFCBANK,2024-03-01,4207.1,4631.26,4066.15,4213.19,7350056,4213.19,-7.761842315548428
2332,HDFCBANK,2024-04-01,4225.42,4712.6,3946.16,4302.83,31692030,4302.83,2.127604024504004
2333,HDFCBANK,2024-05-01,4123.63,4480.53,3739.05,4068.16,14149537,4068.16,-5.453852464540776
2334,HDFCBANK,2024-06-01,4154.92,4256.03,3870.92,4191.0,18563176,4191.0,3.0195469204751024
2335,HDFCBANK,2024-07-01,4351.43,4355.7,4105.51,4282.75,26412226,4282.75,2.189214984490584
2336,HDFCBANK,2024-08-01,4407.32,4605.03,4158.54,4409.16,25087688,4409.16,2.9516081956686646
2337,HDFCBANK,2024-09-01,4037.33,4455.95,3789.55,4076.33,47929962,4076.33,-7.548603362091644
2338,HDFCBANK,2024-10-01,4125.51,4411.08,3997.97,4065.13,33206570,4065.13,-0.2747569504922276
2339,HDFCBANK,2024-11-01,3951.08,4297.76,3583.51,3994.15,26822741,3994.15,-1.746069621389723
2340,HDFCBANK,2024-12-01,4251.19,4684.82,4025.21,4290.87,20620245,4290.87,7.428864714645167
2341,HDFCLIFE,2020-01-01,2323.39,2440.24,2330.18,2361.06,7224964,2361.06,
2342,HDFCLIFE,2020-02-01,2419.2,2486.51,2293.64,2432.17,39070622,2432.17,3.0117828432991933
2343,HDFCLIFE,2020-03-01,2481.52,2513.99,2280.62,2448.97,33983954,2448.97,0.6907411899661486
2344,HDFCLIFE,2020-04-01,2543.38,2681.51,2390.29,2528.62,13440501,2528.62,3.252387738518636
2345,HDFCLIFE,2020-05-01,2560.42,2675.04,2539.21,2577.78,24219379,2577.78,1.944143445832136
2346,HDFCLIFE,2020-06-01,2767.19,2837.13,2498.11,2754.59,41659167,2754.59,6.859002707756279
2347,HDFCLIFE,2020-07-01,2815.12,2824.49,2430.74,2760.11,25442315,2760.11,0.2003927989283394
2348,HDFCLIFE,2020-08-01,2853.53,3065.66,2578.85,2821.74,43855243,2821.74,2.232882022817928
2349,HDFCLIFE,2020-09-01,2690.49,2808.1,2527.66,2713.41,21300909,2713.41,-3.8391205426439035
2350,HDFCLIFE,2020-10-01,2695.4,2742.94,2569.4,2665.78,49506478,2665.78,-1.7553558068997943
2351,HDFCLIFE,2020-11-01,2540.15,2615.34,2263.98,2529.48,27611394,2529.48,-5.112950055893595
2352,HDFCLIFE,2020-12-01,2414.63,2644.11,2321.3,2431.13,14687432,2431.13,-3.8881509243006485
2353,HDFCLIFE,2021-01-01,2256.21,2370.58,2113.17,2293.99,13676999,2293.99,-5.640998218935245
2354,HDFCLIFE,2021-02-01,2457.07,2753.96,2435.2,2500.61,11065539,2500.61,9.007013980008649
2355,HDFCLIFE,2021-03-01,2429.49,2529.3,2130.14,2401.36,11390852,2401.36,-3.969031556300262
2356,HDFCLIFE,2021-04-01,2487.23,2772.75,2278.76,2524.16,16862100,2524.16,5.113768864310209
2357,HDFCLIFE,2021-05-01,2582.64,2881.66,2560.9,2633.57,40355066,2633.57,4.334511282961473
2358,HDFCLIFE,2021-06-01,3042.08,3075.65,2841.34,2984.48,18850391,2984.48,13.32449868429546
2359,HDFCLIFE,2021-07-01,3132.07,3170.7,2995.22,3071.91,16135480,3071.91,2.9294885541199855
2360,HDFCLIFE,2021-08-01,3115.69,3209.54,2926.65,3124.1,39662942,3124.1,1.6989430028874652
2361,HDFCLIFE,2021-09-01,3259.11,3397.67,3042.93,3215.1,2821529,3215.1,2.912838897602499
2362,HDFCLIFE,2021-10-01,3255.11,3506.89,2998.17,3243.22,906860,3243.22,0.874622873316544
2363,HDFCLIFE,2021-11-01,3019.59,3136.93,2895.84,3042.3,2779489,3042.3,-6.195077731390397
2364,HDFCLIFE,2021-12-01,3182.34,3237.83,2977.22,3154.44,33122081,3154.44,3.6860270190316458
2365,HDFCLIFE,2022-01-01,3082.05,3175.4,2889.3,3117.25,47297636,3117.25,-1.1789731299374884
2366,HDFCLIFE,2022-02-01,3130.3,3226.79,2769.48,3107.94,30317956,3107.94,-0.2986606784826318
2367,HDFCLIFE,2022-03-01,3334.84,3523.73,2964.72,3313.31,14541316,3313.31,6.607913923692221
2368,HDFCLIFE,2022-04-01,3438.78,3684.84,3209.35,3419.99,34179924,3419.99,3.219740984091435
2369,HDFCLIFE,2022-05-01,3555.28,3833.65,3174.83,3498.99,33941310,3498.99,2.309948274702567
2370,HDFCLIFE,2022-06-01,3671.34,3933.13,3609.01,3737.19,36266986,3737.19,6.807678787307192
2371,HDFCLIFE,2022-07-01,3490.07,3956.19,3434.74,3543.69,5575217,3543.69,-5.17768697871931
2372,HDFCLIFE,2022-08-01,3633.42,3900.85,3329.7,3627.37,1841802,3627.37,2.3613803690503365
2373,HDFCLIFE,2022-09-01,3526.96,3824.03,3414.7,3482.05,37854037,3482.05,-4.006208354813534
2374,HDFCLIFE,2022-10-01,3504.63,3585.13,3152.26,3467.86,10505524,3467.86,-0.4075185594692776
2375,HDFCLIFE,2022-11-01,3504.57,3890.98,3340.16,3515.01,19444229,3515.01,1.3596281280097822
2376,HDFCLIFE,2022-12-01,3567.45,3641.65,3159.48,3576.26,34804232,3576.26,1.7425270482872124
2377,HDFCLIFE,2023-01-01,4027.87,4209.84,3772.22,4045.93,23590935,4045.93,13.132993686141381
2378,HDFCLIFE,2023-02-01,4602.6,4985.25,4212.07,4530.92,30221861,4530.92,11.98710803202232
2379,HDFCLIFE,2023-03-01,4271.1,4811.22,4123.74,4334.32,4177027,4334.32,-4.339074625020977
2380,HDFCLIFE,2023-04-01,4187.18,4239.77,3918.71,4127.8,36797159,4127.8,-4.764761254360539
2381,HDFCLIFE,2023-05-01,3941.11,4097.01,3828.23,3903.91,28798117,3903.91,-5.423954648965557
2382,HDFCLIFE,2023-06-01,3764.94,3999.5,3320.06,3759.23,3303354,3759.23,-3.706028059048483
2383,HDFCLIFE,2023-07-01,3626.38,3912.06,3480.29,3590.99,20653684,3590.99,-4.475384586737185
2384,HDFCLIFE,2023-08-01,3852.36,3983.71,3606.57,3778.02,38223452,3778.02,5.208313027883671
2385,HDFCLIFE,2023-09-01,3646.07,3687.44,3236.4,3586.24,34700410,3586.24,-5.076203937512247
2386,HDFCLIFE,2023-10-01,3237.58,3416.63,2918.36,3243.41,14326465,3243.41,-9.559594449897379
2387,HDFCLIFE,2023-11-01,3121.19,3365.55,2717.41,3084.94,27007603,3084.94,-4.885907116275767
2388,HDFCLIFE,2023-12-01,2991.56,3089.92,2813.65,2973.12,33478115,2973.12,-3.6247058289626377
2389,HDFCLIFE,2024-01-01,2604.35,2916.17,2549.59,2646.37,16130633,2646.37,-10.99013830588742
2390,HDFCLIFE,2024-02-01,2514.92,2606.68,2280.1,2560.84,29185181,2560.84,-3.2319743648847155
2391,HDFCLIFE,2024-03-01,2742.23,2887.8,2670.56,2770.4,37298805,2770.4,8.183252370315985
2392,HDFCLIFE,2024-04-01,2639.01,2910.69,2569.16,2669.94,19932950,2669.94,-3.626191163730874
2393,HDFCLIFE,2024-05-01,2820.24,3055.77,2542.86,2828.48,34169570,2828.48,5.937961152685078
2394,HDFCLIFE,2024-06-01,2899.78,3078.79,2751.4,2863.81,25795872,2863.81,1.2490807783685831
2395,HDFCLIFE,2024-07-01,2980.06,3104.37,2939.16,3023.97,46801688,3023.97,5.592549785076528
2396,HDFCLIFE,2024-08-01,3351.78,3533.98,3018.26,3322.33,37750713,3322.33,9.866499998346544
2397,HDFCLIFE,2024-09-01,3410.14,3664.38,3166.16,3456.09,7996139,3456.09,4.026090123497683
2398,HDFCLIFE,2024-10-01,3326.07,3658.16,3177.55,3378.41,6192062,3378.41,-2.247626653241097
2399,HDFCLIFE,2024-11-01,3380.13,3740.76,3046.85,3437.23,28057476,3437.23,1.741055703718608
2400,HDFCLIFE,2024-12-01,3485.32,3801.85,3357.62,3426.9,34941826,3426.9,-0.3005326963863353
2401,HEROMOTOCO,2020-01-01,673.9,727.9,620.0,678.59,10968175,678.59,
2402,HEROMOTOCO,2020-02-01,702.13,758.67,632.02,703.03,13006147,703.03,3.601585640814031
2403,HEROMOTOCO,2020-03-01,732.64,811.68,702.69,730.23,33354688,730.23,3.868967184899663
2404,HEROMOTOCO,2020-04-01,667.67,717.4,607.36,674.46,44746051,674.46,-7.637319748572368
2405,HEROMOTOCO,2020-05-01,679.91,710.15,635.36,689.93,1511417,689.93,2.2936868012928713
2406,HEROMOTOCO,2020-06-01,691.43,702.05,604.45,682.23,32867182,682.23,-1.1160552519820732
2407,HEROMOTOCO,2020-07-01,730.13,750.94,665.44,726.62,7621775,726.62,6.506603344912998
2408,HEROMOTOCO,2020-08-01,721.67,760.83,682.51,720.36,38107577,720.36,-0.8615232170873344
2409,HEROMOTOCO,2020-09-01,756.81,785.77,692.81,753.45,35913397,753.45,4.593536565050815
2410,HEROMOTOCO,2020-10-01,766.45,791.72,708.47,768.93,23445116,768.93,2.054549074258394
2411,HEROMOTOCO,2020-11-01,763.67,836.79,754.95,771.38,6895089,771.38,0.31862458221165735
2412,HEROMOTOCO,2020-12-01,869.62,912.56,825.71,853.1,1909119,853.1,10.594000362985811
2413,HEROMOTOCO,2021-01-01,767.74,785.83,677.99,754.01,39599538,754.01,-11.615285429609667
2414,HEROMOTOCO,2021-02-01,730.52,771.65,719.94,731.08,41207501,731.08,-3.0410737258126486
2415,HEROMOTOCO,2021-03-01,695.18,758.42,627.42,707.84,34843547,707.84,-3.178858674837226
2416,HEROMOTOCO,2021-04-01,788.49,873.4,770.86,794.09,11930156,794.09,12.184957052441225
2417,HEROMOTOCO,2021-05-01,904.91,959.63,870.78,921.29,14959574,921.29,16.018335453160205
2418,HEROMOTOCO,2021-06-01,920.43,913.04,805.36,903.75,39633309,903.75,-1.9038522072311603
2419,HEROMOTOCO,2021-07-01,942.6,962.97,882.7,938.43,7318279,938.43,3.8373443983402478
2420,HEROMOTOCO,2021-08-01,779.38,884.03,716.28,794.52,38251729,794.52,-15.335187494005941
2421,HEROMOTOCO,2021-09-01,759.17,798.84,684.82,761.69,18727919,761.69,-4.132054573830734
2422,HEROMOTOCO,2021-10-01,753.79,789.39,720.65,756.8,45950717,756.8,-0.6419934619070866
2423,HEROMOTOCO,2021-11-01,726.12,812.99,694.38,736.44,22805050,736.44,-2.690274841437623
2424,HEROMOTOCO,2021-12-01,718.21,749.41,644.13,707.35,47163840,707.35,-3.9500841888001736
2425,HEROMOTOCO,2022-01-01,716.66,740.75,662.31,715.87,43854715,715.87,1.204495652788573
2426,HEROMOTOCO,2022-02-01,689.74,718.42,619.66,686.32,40036210,686.32,-4.127844441029794
2427,HEROMOTOCO,2022-03-01,629.19,661.24,622.59,631.7,26052487,631.7,-7.958386758363445
2428,HEROMOTOCO,2022-04-01,623.5,674.16,609.95,631.62,17071435,631.62,-0.012664239354132079
2429,HEROMOTOCO,2022-05-01,693.03,767.33,688.81,705.01,18621588,705.01,11.619328077008317
2430,HEROMOTOCO,2022-06-01,755.54,837.18,696.4,750.55,31200549,750.55,6.459482844214981
2431,HEROMOTOCO,2022-07-01,693.82,758.74,672.21,694.14,27693481,694.14,-7.515821730730798
2432,HEROMOTOCO,2022-08-01,705.03,726.41,631.72,710.41,17044285,710.41,2.343907569078274
2433,HEROMOTOCO,2022-09-01,716.03,748.13,718.47,727.47,18814530,727.47,2.4014301600484345
2434,HEROMOTOCO,2022-10-01,810.96,880.34,807.4,827.14,44375820,827.14,13.700908628534503
2435,HEROMOTOCO,2022-11-01,821.95,830.5,796.9,818.8,43206951,818.8,-1.0082936383200014
2436,HEROMOTOCO,2022-12-01,868.12,917.34,828.66,854.78,39336846,854.78,4.394235466536389
2437,HEROMOTOCO,2023-01-01,888.41,994.64,793.19,888.41,42492233,888.41,3.934345679590079
2438,HEROMOTOCO,2023-02-01,900.47,947.62,852.92,900.24,2892681,900.24,1.3315923954030362
2439,HEROMOTOCO,2023-03-01,887.39,943.22,877.58,892.44,21485335,892.44,-0.8664356171687482
2440,HEROMOTOCO,2023-04-01,934.02,976.87,864.91,922.92,31636368,922.92,3.4153556541616226
2441,HEROMOTOCO,2023-05-01,1013.79,1074.09,921.85,1005.03,32931746,1005.03,8.896762449616435
2442,HEROMOTOCO,2023-06-01,994.49,1074.72,888.98,1003.11,8577155,1003.11,-0.1910390734604861
2443,HEROMOTOCO,2023-07-01,1062.51,1083.51,1031.16,1070.64,13340589,1070.64,6.7320632831892935
2444,HEROMOTOCO,2023-08-01,987.76,1072.79,907.75,1004.42,44235118,1004.42,-6.1850855563027825
2445,HEROMOTOCO,2023-09-01,1093.43,1168.77,989.2,1084.46,21095934,1084.46,7.968778001234544
2446,HEROMOTOCO,2023-10-01,1104.87,1210.09,1059.71,1083.28,17187397,1083.28,-0.10880991461188483
2447,HEROMOTOCO,2023-11-01,1072.81,1080.74,963.18,1063.01,21362397,1063.01,-1.8711690421682303
2448,HEROMOTOCO,2023-12-01,1125.39,1193.58,1002.67,1106.53,25213195,1106.53,4.094034863265628
2449,HEROMOTOCO,2024-01-01,1060.44,1208.09,1035.1,1080.54,3216222,1080.54,-2.3487840365828294
2450,HEROMOTOCO,2024-02-01,1156.34,1188.78,1109.65,1155.81,9268572,1155.81,6.965961463712578
2451,HEROMOTOCO,2024-03-01,1191.83,1353.36,1069.96,1214.93,23260345,1214.93,5.1150275564322945
2452,HEROMOTOCO,2024-04-01,1189.13,1340.79,1131.89,1207.97,3839706,1207.97,-0.5728725111734834
2453,HEROMOTOCO,2024-05-01,1239.81,1371.77,1231.87,1262.89,18386186,1262.89,4.546470524930268
2454,HEROMOTOCO,2024-06-01,1257.03,1411.73,1114.41,1263.66,47387817,1263.66,0.06097126432229594
2455,HEROMOTOCO,2024-07-01,1232.54,1338.62,1186.18,1248.47,36996953,1248.47,-1.2020638462877709
2456,HEROMOTOCO,2024-08-01,1233.69,1373.96,1170.45,1231.71,42367641,1231.71,-1.342443150416106
2457,HEROMOTOCO,2024-09-01,1278.48,1363.56,1238.28,1269.57,47669290,1269.57,3.073775482865271
2458,HEROMOTOCO,2024-10-01,1262.25,1367.46,1124.73,1277.54,2096980,1277.54,0.627771607709704
2459,HEROMOTOCO,2024-11-01,1225.36,1299.57,1145.23,1245.34,21084830,1245.34,-2.5204690264101326
2460,HEROMOTOCO,2024-12-01,1198.98,1219.28,1146.55,1201.67,26913007,1201.67,-3.5066728764835187
2461,HINDALCO,2020-01-01,2725.71,2842.59,2556.13,2689.18,47683253,2689.18,
2462,HINDALCO,2020-02-01,2794.75,2946.52,2651.16,2788.0,8935839,2788.0,3.6747261246922847
2463,HINDALCO,2020-03-01,2827.27,3134.1,2606.42,2818.34,49942356,2818.34,1.0882352941176565
2464,HINDALCO,2020-04-01,2857.37,2954.48,2750.34,2911.82,13801177,2911.82,3.3168460867035288
2465,HINDALCO,2020-05-01,2895.79,3119.34,2590.98,2841.91,9796885,2841.91,-2.4009039020269185
2466,HINDALCO,2020-06-01,3015.88,3158.37,2846.59,3008.6,30538076,3008.6,5.865421494698997
2467,HINDALCO,2020-07-01,3089.64,3251.99,3006.65,3084.18,9135038,3084.18,2.5121318885860555
2468,HINDALCO,2020-08-01,3245.7,3595.44,3060.7,3225.88,40866725,3225.88,4.594414074405528
2469,HINDALCO,2020-09-01,3046.52,3304.73,2975.16,3108.18,11436843,3108.18,-3.648616811536709
2470,HINDALCO,2020-10-01,3027.93,3185.01,2999.12,3039.93,34778876,3039.93,-2.195818774974423
2471,HINDALCO,2020-11-01,3033.28,3059.38,2651.97,2974.08,45346444,2974.08,-2.166168299927951
2472,HINDALCO,2020-12-01,2798.36,2881.28,2483.15,2802.66,16553582,2802.66,-5.763799225306654
2473,HINDALCO,2021-01-01,2735.86,2808.51,2626.39,2721.17,35657639,2721.17,-2.9075949276758384
2474,HINDALCO,2021-02-01,2556.5,2726.55,2538.49,2590.31,48479673,2590.31,-4.8089608513984805
2475,HINDALCO,2021-03-01,2640.48,2691.01,2448.23,2638.15,29131384,2638.15,1.846883191587123
2476,HINDALCO,2021-04-01,2394.65,2535.58,2276.95,2423.14,47944167,2423.14,-8.150029376646517
2477,HINDALCO,2021-05-01,2349.1,2436.3,2252.84,2394.86,5336465,2394.86,-1.1670807299619446
2478,HINDALCO,2021-06-01,2407.41,2506.73,2295.42,2436.4,35196713,2436.4,1.7345481573035615
2479,HINDALCO,2021-07-01,2358.08,2491.45,2139.6,2312.29,32724595,2312.29,-5.093991134460685
2480,HINDALCO,2021-08-01,2368.3,2682.81,2122.01,2410.09,44283394,2410.09,4.229573280168153
2481,HINDALCO,2021-09-01,2332.51,2374.13,2229.2,2322.23,47222178,2322.23,-3.6455070142608847
2482,HINDALCO,2021-10-01,2272.18,2519.66,2230.54,2314.28,13214432,2314.28,-0.34234335100312707
2483,HINDALCO,2021-11-01,2322.19,2569.53,2071.64,2313.57,26928658,2313.57,-0.03067908809651909
2484,HINDALCO,2021-12-01,2274.77,2477.99,2063.63,2316.35,16008038,2316.35,0.12016061757369467
2485,HINDALCO,2022-01-01,2162.93,2324.3,2073.67,2168.64,26652781,2168.64,-6.376842877803446
2486,HINDALCO,2022-02-01,2156.74,2249.13,2078.15,2136.72,11046466,2136.72,-1.4718902169101433
2487,HINDALCO,2022-03-01,2059.7,2187.39,1954.65,2097.8,4751374,2097.8,-1.821483395110246
2488,HINDALCO,2022-04-01,2339.62,2358.8,2078.01,2307.4,25258423,2307.4,9.99141958241967
2489,HINDALCO,2022-05-01,2303.92,2313.0,2141.62,2272.11,27978204,2272.11,-1.5294270607610239
2490,HINDALCO,2022-06-01,2406.68,2728.7,2281.06,2437.3,17325681,2437.3,7.270334622883579
2491,HINDALCO,2022-07-01,2503.21,2637.28,2390.16,2462.2,25278390,2462.2,1.021622286956858
2492,HINDALCO,2022-08-01,2493.0,2652.47,2390.31,2458.06,7500256,2458.06,-0.1681423117537162
2493,HINDALCO,2022-09-01,2338.37,2414.18,2299.52,2341.88,1707546,2341.88,-4.726491623475415
2494,HINDALCO,2022-10-01,2422.92,2544.91,2322.39,2436.52,41997506,2436.52,4.04119767024782
2495,HINDALCO,2022-11-01,2480.35,2748.27,2453.6,2507.02,21994234,2507.02,2.893471016039273
2496,HINDALCO,2022-12-01,2501.71,2664.53,2420.79,2524.89,5560577,2524.89,0.7127984619189176
2497,HINDALCO,2023-01-01,2580.84,2793.23,2239.4,2536.95,33798643,2536.95,0.47764457065455623
2498,HINDALCO,2023-02-01,2519.3,2562.76,2365.47,2473.56,48757584,2473.56,-2.498669662389874
2499,HINDALCO,2023-03-01,2464.85,2512.19,2343.08,2447.79,36315367,2447.79,-1.0418182700237755
2500,HINDALCO,2023-04-01,2437.52,2553.67,2191.97,2439.11,29079978,2439.11,-0.354605582995271
2501,HINDALCO,2023-05-01,2378.1,2514.02,2190.02,2400.59,10652368,2400.59,-1.5792645678136652
2502,HINDALCO,2023-06-01,2632.79,2720.71,2448.01,2666.23,1924833,2666.23,11.065613036795119
2503,HINDALCO,2023-07-01,2608.83,2775.75,2456.42,2561.82,29101148,2561.82,-3.9160162476605476
2504,HINDALCO,2023-08-01,2805.58,2799.68,2658.35,2765.51,47943453,2765.51,7.950987969490453
2505,HINDALCO,2023-09-01,2690.86,2789.22,2564.7,2710.69,35638180,2710.69,-1.9822745171776734
2506,HINDALCO,2023-10-01,2619.35,2761.88,2469.14,2582.77,21124856,2582.77,-4.719093662499219
2507,HINDALCO,2023-11-01,2392.14,2572.59,2365.91,2401.31,43965194,2401.31,-7.025790140043442
2508,HINDALCO,2023-12-01,2474.74,2619.26,2276.71,2513.52,26672492,2513.52,4.672866060608594
2509,HINDALCO,2024-01-01,2335.92,2652.02,2279.6,2374.59,17547703,2374.59,-5.527308316623691
2510,HINDALCO,2024-02-01,2331.71,2454.66,2078.77,2300.85,26867834,2300.85,-3.105378191603614
2511,HINDALCO,2024-03-01,2537.93,2712.97,2490.98,2536.64,46601943,2536.64,10.247951843883785
2512,HINDALCO,2024-04-01,2780.12,2885.68,2573.02,2765.04,9409239,2765.04,9.004036836129693
2513,HINDALCO,2024-05-01,2640.06,2716.64,2456.02,2633.06,44390690,2633.06,-4.773167838439951
2514,HINDALCO,2024-06-01,2653.83,2885.4,2439.48,2659.43,28613428,2659.43,1.001496357849807
2515,HINDALCO,2024-07-01,2668.71,2788.8,2391.27,2620.4,16376634,2620.4,-1.4676077204513693
2516,HINDALCO,2024-08-01,2708.26,2749.84,2440.56,2669.5,25543639,2669.5,1.87375973133872
2517,HINDALCO,2024-09-01,2926.09,3249.64,2690.18,2942.98,19698234,2942.98,10.24461509646002
2518,HINDALCO,2024-10-01,2900.11,3172.03,2547.96,2879.44,15490212,2879.44,-2.159036079076304
2519,HINDALCO,2024-11-01,2594.14,2773.97,2339.07,2593.97,21592759,2593.97,-9.914080515655833
2520,HINDALCO,2024-12-01,2927.51,3228.37,2644.95,2910.72,43404642,2910.72,12.211012463521165
2521,HINDUNILVR,2020-01-01,216.2,225.63,200.35,217.31,17872731,217.31,
2522,HINDUNILVR,2020-02-01,231.93,239.07,216.95,228.77,8296756,228.77,5.273572316046216
2523,HINDUNILVR,2020-03-01,230.74,253.48,208.33,229.65,976516,229.65,0.38466582156750917
2524,HINDUNILVR,2020-04-01,255.45,265.87,236.29,250.73,44977036,250.73,9.17918571739602
2525,HINDUNILVR,2020-05-01,271.88,277.87,244.74,272.63,36686919,272.63,8.734495273800501
2526,HINDUNILVR,2020-06-01,282.49,302.99,261.48,286.1,30407083,286.1,4.940762205186533
2527,HINDUNILVR,2020-07-01,274.05,274.44,247.28,269.85,11633903,269.85,-5.679832226494231
2528,HINDUNILVR,2020-08-01,279.35,284.05,251.45,279.56,27481108,279.56,3.598295349268099
2529,HINDUNILVR,2020-09-01,278.38,284.97,251.68,274.19,32487318,274.19,-1.9208756617541844
2530,HINDUNILVR,2020-10-01,237.7,247.72,233.82,240.45,6165675,240.45,-12.305335716109267
2531,HINDUNILVR,2020-11-01,244.14,246.16,238.19,241.68,43961716,241.68,0.5115408608858507
2532,HINDUNILVR,2020-12-01,258.16,285.08,231.67,256.21,41834827,256.21,6.012082092022508
2533,HINDUNILVR,2021-01-01,261.4,275.86,254.04,263.2,13196569,263.2,2.7282307482143553
2534,HINDUNILVR,2021-02-01,271.72,277.44,266.84,271.5,14621067,271.5,3.1534954407294924
2535,HINDUNILVR,2021-03-01,281.02,294.94,272.06,281.74,42785266,281.74,3.7716390423572888
2536,HINDUNILVR,2021-04-01,285.6,297.3,272.04,282.71,45653509,282.71,0.34428906083621147
2537,HINDUNILVR,2021-05-01,288.24,307.24,275.35,291.88,41588637,291.88,3.2436065225849964
2538,HINDUNILVR,2021-06-01,286.39,318.14,274.41,290.2,44677747,290.2,-0.5755790050705811
2539,HINDUNILVR,2021-07-01,311.21,317.77,280.16,313.96,49529204,313.96,8.187456926257752
2540,HINDUNILVR,2021-08-01,314.88,348.29,280.58,311.73,18118612,311.73,-0.7102815645305016
2541,HINDUNILVR,2021-09-01,331.49,354.94,323.21,332.25,11823933,332.25,6.582619574631887
2542,HINDUNILVR,2021-10-01,369.2,381.74,351.43,371.67,12602166,371.67,11.8645598194131
2543,HINDUNILVR,2021-11-01,370.45,372.46,348.85,365.12,21505602,365.12,-1.7623160330400678
2544,HINDUNILVR,2021-12-01,362.17,399.97,324.31,368.16,30873945,368.16,0.8326029798422452
2545,HINDUNILVR,2022-01-01,409.69,430.2,385.37,415.21,42819157,415.21,12.779769665362872
2546,HINDUNILVR,2022-02-01,425.59,444.49,397.35,427.72,35641219,427.72,3.0129332145179655
2547,HINDUNILVR,2022-03-01,460.47,485.13,446.39,468.79,8294426,468.79,9.602076124567471
2548,HINDUNILVR,2022-04-01,453.86,459.0,440.6,448.54,27632369,448.54,-4.3196313914545925
2549,HINDUNILVR,2022-05-01,483.0,509.43,470.94,478.58,37403974,478.58,6.69728452311944
2550,HINDUNILVR,2022-06-01,441.55,440.68,408.28,434.12,23402873,434.12,-9.28998286597852
2551,HINDUNILVR,2022-07-01,421.67,438.7,376.97,415.73,6546277,415.73,-4.23615590159403
2552,HINDUNILVR,2022-08-01,393.47,425.28,386.91,396.93,41573624,396.93,-4.522165828783109
2553,HINDUNILVR,2022-09-01,378.07,423.25,352.29,381.08,19744441,381.08,-3.993147406343689
2554,HINDUNILVR,2022-10-01,391.71,410.55,351.34,387.07,18805128,387.07,1.5718484307756908
2555,HINDUNILVR,2022-11-01,384.98,402.43,370.03,379.08,2728399,379.08,-2.0642261089725444
2556,HINDUNILVR,2022-12-01,403.55,416.43,384.43,402.7,29169329,402.7,6.230874749393278
2557,HINDUNILVR,2023-01-01,417.63,460.93,378.98,419.32,40166199,419.32,4.127141792897948
2558,HINDUNILVR,2023-02-01,371.29,382.49,357.52,371.07,4635855,371.07,-11.50672517409138
2559,HINDUNILVR,2023-03-01,369.66,398.93,348.91,370.72,20292305,370.72,-0.09432182607054251
2560,HINDUNILVR,2023-04-01,367.16,374.74,336.79,362.09,47667417,362.09,-2.327902460077702
2561,HINDUNILVR,2023-05-01,366.45,392.07,354.2,366.71,15802979,366.71,1.275925874782513
2562,HINDUNILVR,2023-06-01,381.18,431.95,369.04,386.86,7771877,386.86,5.49480515939027
2563,HINDUNILVR,2023-07-01,400.2,422.79,357.84,405.56,47214300,405.56,4.833790001550953
2564,HINDUNILVR,2023-08-01,391.15,396.71,355.52,392.37,11827936,392.37,-3.252293125554784
2565,HINDUNILVR,2023-09-01,348.37,366.68,310.44,342.35,2704031,342.35,-12.748171368861016
2566,HINDUNILVR,2023-10-01,322.9,332.87,291.3,323.01,23675770,323.01,-5.649189426026002
2567,HINDUNILVR,2023-11-01,361.0,367.96,329.35,355.47,27911518,355.47,10.049224482214193
2568,HINDUNILVR,2023-12-01,341.02,353.18,302.13,337.69,24514684,337.69,-5.001828564998457
2569,HINDUNILVR,2024-01-01,334.66,341.42,298.14,337.39,24199372,337.39,-0.08883887589209438
2570,HINDUNILVR,2024-02-01,320.52,354.83,304.41,321.7,22751254,321.7,-4.6504045763063555
2571,HINDUNILVR,2024-03-01,308.95,347.66,310.51,313.71,9156207,313.71,-2.4836804476220165
2572,HINDUNILVR,2024-04-01,321.19,324.95,301.8,316.78,33105897,316.78,0.9786108189091758
2573,HINDUNILVR,2024-05-01,313.56,338.17,299.97,313.87,25685549,313.87,-0.9186185996590601
2574,HINDUNILVR,2024-06-01,348.73,375.26,326.79,347.16,32232721,347.16,10.606301972154085
2575,HINDUNILVR,2024-07-01,365.12,393.71,352.33,368.93,22529150,368.93,6.2708837423666175
2576,HINDUNILVR,2024-08-01,410.07,406.56,378.97,402.48,29573695,402.48,9.093866045049204
2577,HINDUNILVR,2024-09-01,372.63,388.52,334.15,376.4,38662944,376.4,-6.4798250844762535
2578,HINDUNILVR,2024-10-01,348.49,369.75,328.1,343.33,23614710,343.33,-8.785866099893724
2579,HINDUNILVR,2024-11-01,304.98,344.62,303.03,310.87,8285593,310.87,-9.454460722919633
2580,HINDUNILVR,2024-12-01,306.21,311.57,278.46,305.49,48615764,305.49,-1.7306269501720983
2581,ICICIBANK,2020-01-01,4897.1,5118.6,4417.5,4829.58,47066854,4829.58,
2582,ICICIBANK,2020-02-01,4735.75,5290.46,4491.94,4797.28,39492976,4797.28,-0.6687952161471666
2583,ICICIBANK,2020-03-01,4838.03,5135.79,4767.97,4928.75,24574872,4928.75,2.7405112897308515
2584,ICICIBANK,2020-04-01,4908.3,5459.84,4484.65,4991.02,31610530,4991.02,1.2634034998731947
2585,ICICIBANK,2020-05-01,5053.41,5185.87,4480.8,5010.94,47305509,5010.94,0.39911681379756203
2586,ICICIBANK,2020-06-01,5045.71,5595.09,4792.16,5125.66,23788916,5125.66,2.289390812901382
2587,ICICIBANK,2020-07-01,4627.52,5244.32,4541.03,4692.97,20708303,4692.97,-8.441644588209119
2588,ICICIBANK,2020-08-01,4788.76,5311.63,4328.35,4844.67,9547754,4844.67,3.232494561013599
2589,ICICIBANK,2020-09-01,5363.19,5547.2,4722.69,5310.49,23280469,5310.49,9.615102783058482
2590,ICICIBANK,2020-10-01,5553.35,5641.8,4931.7,5454.26,47366628,5454.26,2.7072831320650304
2591,ICICIBANK,2020-11-01,5390.72,5581.83,4876.1,5329.1,47830734,5329.1,-2.2947200903513876
2592,ICICIBANK,2020-12-01,5260.4,5657.75,4675.44,5192.3,45485325,5192.3,-2.5670375860839534
2593,ICICIBANK,2021-01-01,5088.32,5547.03,4879.02,5125.46,4837107,5125.46,-1.2872907959863622
2594,ICICIBANK,2021-02-01,5054.29,5722.52,4881.01,5113.0,36530750,5113.0,-0.24310013150039556
2595,ICICIBANK,2021-03-01,5116.59,5292.02,4620.79,5101.33,9718440,5101.33,-0.22824173674946824
2596,ICICIBANK,2021-04-01,5026.93,5266.08,4884.23,5034.05,9278976,5034.05,-1.3188717452115362
2597,ICICIBANK,2021-05-01,5078.64,5162.67,5017.4,5080.65,39550547,5080.65,0.9256960101707179
2598,ICICIBANK,2021-06-01,4969.13,5129.61,4755.5,5031.38,37962311,5031.38,-0.9697578065798629
2599,ICICIBANK,2021-07-01,5569.57,5991.05,5300.38,5473.74,43978238,5473.74,8.792021274481353
2600,ICICIBANK,2021-08-01,5665.39,5928.02,5298.22,5621.07,39553910,5621.07,2.6915783358361978
2601,ICICIBANK,2021-09-01,5138.98,5428.82,4726.6,5225.78,35485279,5225.78,-7.032291005093338
2602,ICICIBANK,2021-10-01,4950.9,5458.25,4781.71,5000.34,12615126,5000.34,-4.313997144923809
2603,ICICIBANK,2021-11-01,5462.84,6024.54,5302.1,5445.11,48247661,5445.11,8.894795153929525
2604,ICICIBANK,2021-12-01,5599.3,6338.78,5533.46,5710.86,44743914,5710.86,4.880525829597571
2605,ICICIBANK,2022-01-01,5705.12,6320.86,5147.39,5757.75,19857460,5757.75,0.8210672298042843
2606,ICICIBANK,2022-02-01,5878.84,6248.91,5358.27,5996.56,40307615,5996.56,4.147627111284802
2607,ICICIBANK,2022-03-01,5720.5,6151.23,5196.45,5723.17,13024022,5723.17,-4.559113891964728
2608,ICICIBANK,2022-04-01,5540.58,6055.01,5000.21,5597.19,8858021,5597.19,-2.2012276413246545
2609,ICICIBANK,2022-05-01,5532.23,6055.22,5102.27,5628.11,24573930,5628.11,0.5524200536340507
2610,ICICIBANK,2022-06-01,5716.17,5880.59,5403.44,5800.42,19993098,5800.42,3.061596166386238
2611,ICICIBANK,2022-07-01,6485.11,7168.81,6240.79,6424.08,23231255,6424.08,10.75198002903237
2612,ICICIBANK,2022-08-01,5882.64,6107.16,5583.78,5963.47,14025107,5963.47,-7.170053922118025
2613,ICICIBANK,2022-09-01,5569.04,6139.77,5254.57,5648.95,26604117,5648.95,-5.274110543022781
2614,ICICIBANK,2022-10-01,5543.63,5777.6,5320.08,5634.63,49251986,5634.63,-0.2534984377627669
2615,ICICIBANK,2022-11-01,5901.44,6029.49,5783.07,5923.17,26261870,5923.17,5.120833133675151
2616,ICICIBANK,2022-12-01,5930.75,6098.22,5330.84,5840.84,15359548,5840.84,-1.3899651706771876
2617,ICICIBANK,2023-01-01,6210.95,6829.68,5650.32,6220.88,30940336,6220.88,6.5065983659884585
2618,ICICIBANK,2023-02-01,6837.76,7381.79,6155.72,6734.79,32194612,6734.79,8.261049883617755
2619,ICICIBANK,2023-03-01,6649.01,6967.24,5996.0,6531.18,33644046,6531.18,-3.0232568498794965
2620,ICICIBANK,2023-04-01,6433.49,6951.73,6087.94,6537.17,32763781,6537.17,0.0917139016226809
2621,ICICIBANK,2023-05-01,6765.14,7278.11,5920.03,6716.02,10310811,6716.02,2.735893360582642
2622,ICICIBANK,2023-06-01,6830.36,7346.33,6529.16,6714.59,14679622,6714.59,-0.021292372565895334
2623,ICICIBANK,2023-07-01,7405.87,8088.07,6718.5,7519.3,48159421,7519.3,11.984499425877093
2624,ICICIBANK,2023-08-01,7922.73,8114.34,7578.57,7817.0,30967988,7817.0,3.959145133190578
2625,ICICIBANK,2023-09-01,6723.32,7553.65,6008.02,6796.5,42820897,6796.5,-13.054880388895995
2626,ICICIBANK,2023-10-01,7095.13,7708.82,6255.25,6986.67,29052926,6986.67,2.7980578238799403
2627,ICICIBANK,2023-11-01,7738.12,8518.55,7452.29,7754.61,46273953,7754.61,10.991502389550378
2628,ICICIBANK,2023-12-01,7638.41,7974.07,6859.88,7749.01,12398347,7749.01,-0.07221510817435606
2629,ICICIBANK,2024-01-01,7242.67,7319.34,6378.89,7216.27,41595317,7216.27,-6.8749427346202925
2630,ICICIBANK,2024-02-01,7535.0,7758.09,7233.01,7392.96,3602810,7392.96,2.4484948595326905
2631,ICICIBANK,2024-03-01,7044.72,7532.44,6694.08,6944.27,21524204,6944.27,-6.069152274596368
2632,ICICIBANK,2024-04-01,7110.87,7385.29,6551.43,7194.06,4765268,7194.06,3.597066358306922
2633,ICICIBANK,2024-05-01,7472.52,7491.97,6818.4,7355.22,26666694,7355.22,2.2401814830568467
2634,ICICIBANK,2024-06-01,7456.37,8254.44,7098.02,7371.71,48542470,7371.71,0.22419451763509013
2635,ICICIBANK,2024-07-01,7391.08,7966.02,6768.34,7368.27,13741857,7368.27,-0.04666488508092703
2636,ICICIBANK,2024-08-01,7174.87,7912.88,6285.5,7111.52,38484637,7111.52,-3.4845357186965242
2637,ICICIBANK,2024-09-01,7350.22,7470.64,6801.38,7235.7,38291064,7235.7,1.7461808446014304
2638,ICICIBANK,2024-10-01,7948.15,8776.99,7213.52,8001.86,30024347,8001.86,10.588609256879078
2639,ICICIBANK,2024-11-01,7594.05,8545.76,7060.48,7660.29,578323,7660.29,-4.268632542933759
2640,ICICIBANK,2024-12-01,7311.36,7452.62,6492.46,7284.19,3966615,7284.19,-4.909735793292425
2641,ICICIGI,2020-01-01,1303.75,1440.53,1208.25,1303.86,45792998,1303.86,
2642,ICICIGI,2020-02-01,1208.09,1294.42,1182.25,1228.25,3751437,1228.25,-5.7989354685318855
2643,ICICIGI,2020-03-01,1231.52,1345.72,1203.22,1226.79,19479507,1226.79,-0.1188683085691089
2644,ICICIGI,2020-04-01,1421.91,1489.9,1382.05,1398.87,41571111,1398.87,14.02685056122075
2645,ICICIGI,2020-05-01,1453.73,1540.33,1338.39,1482.23,47218881,1482.23,5.959095555698535
2646,ICICIGI,2020-06-01,1417.97,1597.04,1282.59,1430.79,40989960,1430.79,-3.470446556877138
2647,ICICIGI,2020-07-01,1317.67,1443.68,1233.91,1343.7,32903912,1343.7,-6.086847126412676
2648,ICICIGI,2020-08-01,1323.4,1329.26,1164.43,1306.94,21007784,1306.94,-2.7357297015702886
2649,ICICIGI,2020-09-01,1291.93,1391.53,1250.64,1296.64,14512588,1296.64,-0.7881004483755949
2650,ICICIGI,2020-10-01,1326.19,1435.83,1203.44,1344.87,1396516,1344.87,3.7196137709772703
2651,ICICIGI,2020-11-01,1289.34,1345.73,1197.3,1305.44,3985716,1305.44,-2.931881891930066
2652,ICICIGI,2020-12-01,1327.6,1480.8,1176.55,1333.77,32706253,1333.77,2.17014952812844
2653,ICICIGI,2021-01-01,1436.54,1467.3,1380.23,1418.25,24647825,1418.25,6.333925639353111
2654,ICICIGI,2021-02-01,1609.13,1666.03,1561.23,1579.69,38547418,1579.69,11.383042481931959
2655,ICICIGI,2021-03-01,1306.94,1438.71,1285.68,1316.17,48210875,1316.17,-16.68175401502826
2656,ICICIGI,2021-04-01,1437.41,1598.55,1315.07,1456.06,27324159,1456.06,10.62856621864956
2657,ICICIGI,2021-05-01,1496.63,1559.3,1443.04,1519.68,29688418,1519.68,4.3693254398857295
2658,ICICIGI,2021-06-01,1535.0,1586.32,1428.68,1516.76,9440212,1516.76,-0.19214571488734844
2659,ICICIGI,2021-07-01,1516.88,1654.09,1379.57,1514.38,1092007,1514.38,-0.15691342071256775
2660,ICICIGI,2021-08-01,1434.22,1570.03,1299.47,1407.82,21064714,1407.82,-7.036543007699536
2661,ICICIGI,2021-09-01,1538.14,1623.08,1494.84,1514.22,34474437,1514.22,7.557784375843513
2662,ICICIGI,2021-10-01,1604.81,1758.14,1554.22,1617.53,14591505,1617.53,6.822654568028419
2663,ICICIGI,2021-11-01,1541.25,1678.22,1420.71,1565.64,40867470,1565.64,-3.2079775954696244
2664,ICICIGI,2021-12-01,1675.81,1842.37,1583.16,1673.0,9426785,1673.0,6.857259651005343
2665,ICICIGI,2022-01-01,1563.57,1670.98,1413.32,1593.43,49299488,1593.43,-4.756126718469811
2666,ICICIGI,2022-02-01,1487.75,1620.37,1377.9,1496.36,32335913,1496.36,-6.091889822583996
2667,ICICIGI,2022-03-01,1603.49,1756.79,1443.88,1617.73,32878972,1617.73,8.111016065652654
2668,ICICIGI,2022-04-01,1718.84,1743.76,1593.1,1721.1,21733800,1721.1,6.389817831158462
2669,ICICIGI,2022-05-01,1635.49,1703.94,1446.2,1631.06,34372378,1631.06,-5.231537969902966
2670,ICICIGI,2022-06-01,1754.11,1841.34,1681.76,1756.27,26914151,1756.27,7.676602945323907
2671,ICICIGI,2022-07-01,1985.29,2179.2,1835.36,2012.94,7123093,2012.94,14.61449549328977
2672,ICICIGI,2022-08-01,2028.65,2220.98,2006.52,2055.83,20533864,2055.83,2.1307142786173294
2673,ICICIGI,2022-09-01,2116.11,2388.54,2043.03,2157.94,43050355,2157.94,4.96685037186928
2674,ICICIGI,2022-10-01,2206.92,2294.53,1998.98,2245.58,35658973,2245.58,4.061280665820166
2675,ICICIGI,2022-11-01,1802.53,1893.33,1769.25,1813.23,8604616,1813.23,-19.253377746506473
2676,ICICIGI,2022-12-01,1805.0,1952.06,1574.51,1782.44,33680224,1782.44,-1.6980747064630486
2677,ICICIGI,2023-01-01,1874.58,1923.48,1715.49,1888.54,4801696,1888.54,5.952514530643382
2678,ICICIGI,2023-02-01,1707.26,1893.74,1571.78,1711.83,28138715,1711.83,-9.3569635803319
2679,ICICIGI,2023-03-01,1747.42,1854.37,1687.94,1778.64,21061127,1778.64,3.902840819473896
2680,ICICIGI,2023-04-01,1761.06,1906.28,1737.2,1791.91,5027773,1791.91,0.7460756533081536
2681,ICICIGI,2023-05-01,1887.08,2024.78,1750.72,1858.21,23464497,1858.21,3.6999626097292904
2682,ICICIGI,2023-06-01,1821.4,1981.91,1755.49,1811.06,40681788,1811.06,-2.5373881315890023
2683,ICICIGI,2023-07-01,1984.96,2167.23,1720.39,1949.19,2672588,1949.19,7.627025057148851
2684,ICICIGI,2023-08-01,1924.04,2032.92,1907.06,1953.81,19500876,1953.81,0.23702153202098675
2685,ICICIGI,2023-09-01,1965.84,2135.63,1941.82,1964.41,22131186,1964.41,0.5425297239752158
2686,ICICIGI,2023-10-01,1753.07,1908.73,1679.73,1788.21,25935258,1788.21,-8.969614286223349
2687,ICICIGI,2023-11-01,1873.6,1898.43,1798.92,1838.6,46437455,1838.6,2.8179017005832474
2688,ICICIGI,2023-12-01,1768.73,1995.02,1630.55,1791.99,25537864,1791.99,-2.5350810399216717
2689,ICICIGI,2024-01-01,1798.07,2016.89,1695.3,1827.48,37957826,1827.48,1.9804798017846181
2690,ICICIGI,2024-02-01,1896.75,1886.72,1790.8,1859.89,21325228,1859.89,1.7734804211263722
2691,ICICIGI,2024-03-01,2059.66,2225.35,1984.33,2023.26,14962715,2023.26,8.783852808499425
2692,ICICIGI,2024-04-01,2060.56,2088.12,1808.13,2033.85,21637614,2033.85,0.523412710180593
2693,ICICIGI,2024-05-01,2171.96,2410.36,1996.43,2210.8,47449193,2210.8,8.70024829756375
2694,ICICIGI,2024-06-01,2212.27,2460.64,2027.18,2219.17,25057389,2219.17,0.378595983354435
2695,ICICIGI,2024-07-01,2179.2,2248.23,1967.44,2180.16,9434136,2180.16,-1.757864426790201
2696,ICICIGI,2024-08-01,2074.15,2264.57,1944.44,2062.88,44671008,2062.88,-5.37942169382063
2697,ICICIGI,2024-09-01,2250.93,2350.88,2120.97,2218.99,3578416,2218.99,7.567575428527085
2698,ICICIGI,2024-10-01,2358.9,2635.7,2182.0,2405.8,38424819,2405.8,8.418694991865694
2699,ICICIGI,2024-11-01,2552.84,2784.04,2229.49,2532.1,25111513,2532.1,5.249812952032573
2700,ICICIGI,2024-12-01,2641.16,2747.74,2545.45,2675.26,4297093,2675.26,5.65380514197702
2701,ICICIPRULI,2020-01-01,3749.75,3888.05,3411.84,3789.35,10301873,3789.35,
2702,ICICIPRULI,2020-02-01,3741.43,3881.71,3463.67,3750.73,32724103,3750.73,-1.0191721535355636
2703,ICICIPRULI,2020-03-01,3887.34,4048.36,3500.58,3953.79,43909284,3953.79,5.4138794314706695
2704,ICICIPRULI,2020-04-01,4226.86,4323.85,3717.68,4212.98,31453984,4212.98,6.555482208210339
2705,ICICIPRULI,2020-05-01,3751.33,3969.73,3414.28,3807.33,6990374,3807.33,-9.628576447075455
2706,ICICIPRULI,2020-06-01,3630.26,3644.84,3231.02,3564.45,15402764,3564.45,-6.379273664221385
2707,ICICIPRULI,2020-07-01,3600.74,3832.89,3392.94,3647.0,16296475,3647.0,2.315925318071521
2708,ICICIPRULI,2020-08-01,3624.0,3786.23,3631.98,3691.19,49341853,3691.19,1.2116808335618234
2709,ICICIPRULI,2020-09-01,3666.99,3785.41,3379.61,3673.38,6541907,3673.38,-0.48250022350515565
2710,ICICIPRULI,2020-10-01,3451.18,3599.18,3179.77,3461.13,4806201,3461.13,-5.778057266060143
2711,ICICIPRULI,2020-11-01,3723.78,3751.55,3429.53,3684.05,49463886,3684.05,6.440671110302132
2712,ICICIPRULI,2020-12-01,3842.08,4251.98,3680.13,3810.6,43756610,3810.6,3.4350782426948445
2713,ICICIPRULI,2021-01-01,3908.19,4314.75,3767.82,3881.33,42209859,3881.33,1.8561381409751831
2714,ICICIPRULI,2021-02-01,4308.41,4480.41,3795.21,4293.62,46789190,4293.62,10.622389747844174
2715,ICICIPRULI,2021-03-01,4155.26,4549.57,4015.68,4131.29,40743947,4131.29,-3.7807258211020045
2716,ICICIPRULI,2021-04-01,4113.14,4262.99,3707.66,4058.98,526883,4058.98,-1.750300753517664
2717,ICICIPRULI,2021-05-01,4077.62,4427.44,3897.57,4155.47,46342970,4155.47,2.3771982123587776
2718,ICICIPRULI,2021-06-01,4005.15,4398.28,3557.45,4016.43,2003864,4016.43,-3.3459512401726066
2719,ICICIPRULI,2021-07-01,3931.07,3997.84,3733.56,3940.88,40324979,3940.88,-1.8810236951720793
2720,ICICIPRULI,2021-08-01,3943.51,4270.53,3859.74,3987.41,30564258,3987.41,1.1807007571912775
2721,ICICIPRULI,2021-09-01,4345.87,4798.37,4171.69,4399.14,48465182,4399.14,10.325750299066328
2722,ICICIPRULI,2021-10-01,4727.71,5355.4,4512.64,4804.68,33630611,4804.68,9.218620003000577
2723,ICICIPRULI,2021-11-01,5149.78,5695.52,4630.81,5236.01,27375053,5236.01,8.977288810076844
2724,ICICIPRULI,2021-12-01,5176.41,5713.25,4994.51,5103.2,1151924,5103.2,-2.536473383358706
2725,ICICIPRULI,2022-01-01,5052.35,5538.11,4721.93,5084.83,32796100,5084.83,-0.35997021476720237
2726,ICICIPRULI,2022-02-01,5404.37,5576.31,4942.7,5333.72,7363831,5333.72,4.8947555768826145
2727,ICICIPRULI,2022-03-01,5123.84,5577.15,4703.01,5031.96,27258270,5031.96,-5.657589824737707
2728,ICICIPRULI,2022-04-01,4660.88,5066.6,4110.96,4574.64,23713429,4574.64,-9.088307538215723
2729,ICICIPRULI,2022-05-01,4273.63,4360.94,3773.77,4227.96,37041209,4227.96,-7.578301243376528
2730,ICICIPRULI,2022-06-01,3837.87,4365.64,3773.24,3909.79,12243289,3909.79,-7.525378669618443
2731,ICICIPRULI,2022-07-01,4171.58,4395.04,3696.63,4090.84,44465902,4090.84,4.630683489394571
2732,ICICIPRULI,2022-08-01,4066.87,4142.33,3960.76,4062.96,19586733,4062.96,-0.6815226212709358
2733,ICICIPRULI,2022-09-01,3886.45,3973.74,3673.19,3900.19,778859,3900.19,-4.00619252958434
2734,ICICIPRULI,2022-10-01,3828.13,3845.75,3492.56,3777.48,2092616,3777.48,-3.146256977224182
2735,ICICIPRULI,2022-11-01,3607.58,4058.42,3531.28,3670.43,11030014,3670.43,-2.8338998485763045
2736,ICICIPRULI,2022-12-01,3461.64,3777.04,3202.02,3469.23,38327391,3469.23,-5.481646564571452
2737,ICICIPRULI,2023-01-01,3373.51,3681.48,3300.31,3370.26,2583383,3370.26,-2.8527944241229286
2738,ICICIPRULI,2023-02-01,2977.58,3034.92,2789.14,2994.16,44275613,2994.16,-11.159376427931388
2739,ICICIPRULI,2023-03-01,3024.32,3401.92,2944.96,3057.2,5261414,3057.2,2.1054319074464978
2740,ICICIPRULI,2023-04-01,3195.99,3370.38,2875.57,3199.65,24796089,3199.65,4.659492345937477
2741,ICICIPRULI,2023-05-01,3178.46,3526.01,3163.22,3215.93,43861742,3215.93,0.5088056506180383
2742,ICICIPRULI,2023-06-01,3338.16,3573.58,3082.44,3356.85,20052948,3356.85,4.38193617398388
2743,ICICIPRULI,2023-07-01,3351.11,3579.39,3312.73,3352.73,3092965,3352.73,-0.12273411084796626
2744,ICICIPRULI,2023-08-01,3605.03,3989.61,3266.41,3642.99,30615426,3642.99,8.657422458712748
2745,ICICIPRULI,2023-09-01,3563.57,3760.56,3399.68,3594.5,9259789,3594.5,-1.3310494950576235
2746,ICICIPRULI,2023-10-01,3823.67,4021.12,3499.63,3808.49,26291373,3808.49,5.953261927945475
2747,ICICIPRULI,2023-11-01,4344.82,4472.59,3830.12,4284.7,38064296,4284.7,12.503905747422216
2748,ICICIPRULI,2023-12-01,4546.74,4714.47,4199.14,4540.69,24978603,4540.69,5.974513968305817
2749,ICICIPRULI,2024-01-01,4556.3,4899.25,3988.33,4497.35,23467599,4497.35,-0.9544804864458745
2750,ICICIPRULI,2024-02-01,4644.12,4845.61,4099.16,4572.91,49253188,4572.91,1.6801005036299
2751,ICICIPRULI,2024-03-01,4554.52,4626.96,4417.36,4491.22,26664321,4491.22,-1.78638984803986
2752,ICICIPRULI,2024-04-01,4924.13,5154.17,4510.9,4919.83,49278469,4919.83,9.543286679343254
2753,ICICIPRULI,2024-05-01,4842.69,5164.6,4298.13,4858.45,23180445,4858.45,-1.2476040838809488
2754,ICICIPRULI,2024-06-01,4706.19,5223.39,4381.13,4767.06,49129183,4767.06,-1.8810525990799465
2755,ICICIPRULI,2024-07-01,4592.17,4997.66,4533.5,4581.96,40975018,4581.96,-3.8828963763829383
2756,ICICIPRULI,2024-08-01,4768.92,4973.57,4545.74,4677.39,46805106,4677.39,2.082733153497629
2757,ICICIPRULI,2024-09-01,4655.53,4681.58,4177.06,4590.72,38420083,4590.72,-1.852956456485344
2758,ICICIPRULI,2024-10-01,4490.96,4879.91,4228.5,4453.78,25746928,4453.78,-2.982974348250389
2759,ICICIPRULI,2024-11-01,4865.97,5197.02,4584.91,4792.13,26843206,4792.13,7.5969176744248745
2760,ICICIPRULI,2024-12-01,4737.56,4917.7,4368.95,4738.94,38904364,4738.94,-1.1099448470721862
2761,INDIGO,2020-01-01,1580.3,1659.24,1544.16,1579.29,23272078,1579.29,
2762,INDIGO,2020-02-01,1644.09,1747.28,1519.95,1669.47,32831840,1669.47,5.710160895085781
2763,INDIGO,2020-03-01,1693.58,1768.36,1640.34,1715.22,30171382,1715.22,2.74039066290499
2764,INDIGO,2020-04-01,1782.76,1843.93,1639.93,1772.92,34992212,1772.92,3.363999953358765
2765,INDIGO,2020-05-01,1943.32,2138.96,1854.5,1956.29,39370805,1956.29,10.342824267310412
2766,INDIGO,2020-06-01,2001.51,2211.45,1893.2,1997.81,41135939,1997.81,2.12238471801216
2767,INDIGO,2020-07-01,2072.07,2148.49,1956.1,2044.58,23842110,2044.58,2.341063464493609
2768,INDIGO,2020-08-01,1919.45,2042.25,1798.81,1882.98,10936051,1882.98,-7.903823768206664
2769,INDIGO,2020-09-01,1953.41,2040.75,1831.27,1950.4,6941449,1950.4,3.5804947476871796
2770,INDIGO,2020-10-01,2020.51,2082.28,1909.35,2029.42,32471221,2029.42,4.051476620180483
2771,INDIGO,2020-11-01,2139.54,2227.77,2108.19,2179.93,8620652,2179.93,7.416404687053424
2772,INDIGO,2020-12-01,2233.99,2268.14,2122.29,2201.19,20315791,2201.19,0.9752606735078828
2773,INDIGO,2021-01-01,2138.98,2360.33,1933.91,2167.75,39490043,2167.75,-1.5191782626670092
2774,INDIGO,2021-02-01,2180.98,2297.48,2112.76,2192.26,47716144,2192.26,1.1306654365125235
2775,INDIGO,2021-03-01,2139.81,2369.92,2054.02,2156.85,9717901,2156.85,-1.6152281207521102
2776,INDIGO,2021-04-01,2251.4,2293.34,2064.18,2238.5,10262067,2238.5,3.7856132786239227
2777,INDIGO,2021-05-01,2571.32,2858.85,2408.61,2574.24,27230700,2574.24,14.998436452981888
2778,INDIGO,2021-06-01,2750.03,2910.97,2481.38,2800.14,20492018,2800.14,8.775405556591465
2779,INDIGO,2021-07-01,2556.04,2689.19,2251.54,2516.33,46638235,2516.33,-10.135564650338914
2780,INDIGO,2021-08-01,2572.62,2695.71,2399.91,2614.91,30713289,2614.91,3.9176101703671584
2781,INDIGO,2021-09-01,2441.99,2710.13,2376.02,2440.0,29033653,2440.0,-6.6889491416530555
2782,INDIGO,2021-10-01,2319.49,2619.41,2313.73,2354.78,48469573,2354.78,-3.4926229508196682
2783,INDIGO,2021-11-01,2483.77,2615.93,2157.27,2445.8,3192554,2445.8,3.8653292451948706
2784,INDIGO,2021-12-01,2344.41,2582.24,2147.17,2335.65,44563425,2335.65,-4.503638891160355
2785,INDIGO,2022-01-01,2319.66,2366.97,2147.6,2314.94,22919259,2314.94,-0.8866910710080722
2786,INDIGO,2022-02-01,2491.79,2576.72,2494.59,2522.2,12282427,2522.2,8.953147813766215
2787,INDIGO,2022-03-01,2939.85,3097.89,2824.3,2927.01,25881054,2927.01,16.049877091428133
2788,INDIGO,2022-04-01,3323.91,3566.96,2889.78,3273.6,28575144,3273.6,11.84109381245706
2789,INDIGO,2022-05-01,3360.12,3665.46,3029.09,3296.62,22990568,3296.62,0.7032013685239535
2790,INDIGO,2022-06-01,3328.13,3384.5,2909.76,3279.79,42985187,3279.79,-0.5105228992119182
2791,INDIGO,2022-07-01,3539.89,3977.6,3469.74,3609.64,13330935,3609.64,10.057046335283658
2792,INDIGO,2022-08-01,3058.01,3191.7,2926.56,3003.2,44802150,3003.2,-16.800567369599186
2793,INDIGO,2022-09-01,3075.38,3251.58,2963.94,3070.7,37017099,3070.7,2.2476025572722325
2794,INDIGO,2022-10-01,3265.11,3347.43,3223.53,3283.06,22834566,3283.06,6.9156869769108065
2795,INDIGO,2022-11-01,3559.46,3724.22,3503.93,3604.64,14567860,3604.64,9.795130152967047
2796,INDIGO,2022-12-01,3924.94,4089.06,3723.3,3876.97,48276363,3876.97,7.554984686404187
2797,INDIGO,2023-01-01,4013.51,4104.52,3825.43,3939.34,33632194,3939.34,1.6087305292535214
2798,INDIGO,2023-02-01,3760.93,3945.11,3547.6,3800.58,25111899,3800.58,-3.522417460792926
2799,INDIGO,2023-03-01,3539.53,3745.55,3253.14,3536.41,944774,3536.41,-6.950781196554212
2800,INDIGO,2023-04-01,3982.85,4206.81,3536.81,4018.44,15466391,4018.44,13.630489677384695
2801,INDIGO,2023-05-01,3866.18,4071.28,3652.34,3819.77,31546259,3819.77,-4.94395835199729
2802,INDIGO,2023-06-01,3781.29,4018.73,3553.72,3792.25,40539056,3792.25,-0.7204622267832916
2803,INDIGO,2023-07-01,3676.2,3907.11,3565.49,3700.09,8824362,3700.09,-2.430219526666222
2804,INDIGO,2023-08-01,4141.48,4271.45,3796.04,4128.37,11595703,4128.37,11.574853584642518
2805,INDIGO,2023-09-01,4301.81,4535.57,4270.66,4319.2,29733332,4319.2,4.622405452999612
2806,INDIGO,2023-10-01,4470.15,4986.31,4345.44,4525.15,37488839,4525.15,4.76824411928134
2807,INDIGO,2023-11-01,4943.01,5195.35,4657.68,4876.23,29437893,4876.23,7.75841684806029
2808,INDIGO,2023-12-01,4933.4,5098.36,4618.54,4896.14,6249409,4896.14,0.40830723735345575
2809,INDIGO,2024-01-01,4680.6,4807.54,4349.81,4696.46,9792223,4696.46,-4.078314754071577
2810,INDIGO,2024-02-01,5257.3,5508.56,5031.9,5234.89,38733356,5234.89,11.464592480293678
2811,INDIGO,2024-03-01,5210.12,5508.31,4777.86,5130.15,21049955,5130.15,-2.000806129641708
2812,INDIGO,2024-04-01,5435.12,5655.82,4748.08,5345.21,47337272,5345.21,4.192080153601752
2813,INDIGO,2024-05-01,5198.35,5396.55,5114.97,5289.62,3866347,5289.62,-1.0399965576656456
2814,INDIGO,2024-06-01,5944.0,6374.41,5351.88,5962.34,485740,5962.34,12.717737758099833
2815,INDIGO,2024-07-01,6057.04,6093.56,5400.12,5983.11,35802660,5983.11,0.3483531633553083
2816,INDIGO,2024-08-01,5897.88,6360.02,5615.51,6001.27,1729486,6001.27,0.3035210785026665
2817,INDIGO,2024-09-01,6075.05,6732.8,5839.49,6169.23,19667179,6169.23,2.7987409331691415
2818,INDIGO,2024-10-01,5621.0,6156.77,5168.73,5618.08,36829095,5618.08,-8.933853981777295
2819,INDIGO,2024-11-01,5759.24,6460.88,5458.29,5813.73,25624267,5813.73,3.482506479081815
2820,INDIGO,2024-12-01,5940.41,6629.15,5541.7,5956.44,6466802,5956.44,2.4547063589124285
2821,INDUSINDBK,2020-01-01,2698.78,2841.97,2432.05,2651.74,3675365,2651.74,
2822,INDUSINDBK,2020-02-01,2532.12,2744.21,2436.5,2505.97,18406732,2505.97,-5.4971452706524815
2823,INDUSINDBK,2020-03-01,2362.01,2370.7,2125.85,2315.85,6963850,2315.85,-7.586683000993622
2824,INDUSINDBK,2020-04-01,2310.7,2365.17,2162.79,2329.28,22659466,2329.28,0.5799166612690865
2825,INDUSINDBK,2020-05-01,2212.68,2404.86,2010.73,2193.75,29607995,2193.75,-5.81853620002748
2826,INDUSINDBK,2020-06-01,2236.16,2488.31,2183.15,2246.18,30454620,2246.18,2.3899715099715113
2827,INDUSINDBK,2020-07-01,2508.41,2745.31,2211.61,2481.01,19304327,2481.01,10.454638541880001
2828,INDUSINDBK,2020-08-01,2518.93,2652.81,2299.26,2508.61,20625002,2508.61,1.1124501715027213
2829,INDUSINDBK,2020-09-01,2539.59,2617.07,2274.98,2533.63,2213252,2533.63,0.9973650746827989
2830,INDUSINDBK,2020-10-01,2588.88,2743.4,2314.34,2564.15,34796937,2564.15,1.2045957775997262
2831,INDUSINDBK,2020-11-01,2460.56,2758.46,2270.88,2465.22,38064003,2465.22,-3.8581986233254817
2832,INDUSINDBK,2020-12-01,2337.51,2528.98,2223.19,2304.8,33421025,2304.8,-6.507329974606712
2833,INDUSINDBK,2021-01-01,2358.67,2429.21,2165.99,2344.52,37939455,2344.52,1.7233599444637093
2834,INDUSINDBK,2021-02-01,2436.63,2533.88,2179.67,2461.14,34179783,2461.14,4.974152491768025
2835,INDUSINDBK,2021-03-01,2703.25,2930.5,2430.92,2733.94,9360453,2733.94,11.084294270134976
2836,INDUSINDBK,2021-04-01,2728.13,2866.84,2601.32,2760.92,25247892,2760.92,0.9868541372524575
2837,INDUSINDBK,2021-05-01,2807.85,3078.37,2710.65,2784.83,25624825,2784.83,0.8660156759340953
2838,INDUSINDBK,2021-06-01,2908.2,2959.64,2743.01,2870.08,13691990,2870.08,3.061228153962725
2839,INDUSINDBK,2021-07-01,2929.06,2972.19,2843.93,2911.08,15279805,2911.08,1.4285316088750166
2840,INDUSINDBK,2021-08-01,2973.47,3107.04,2688.34,2921.18,32307547,2921.18,0.346950272751001
2841,INDUSINDBK,2021-09-01,3155.58,3331.73,2950.74,3166.36,43455652,3166.36,8.393183576499919
2842,INDUSINDBK,2021-10-01,3299.71,3506.9,2894.67,3281.12,8014040,3281.12,3.624350989780045
2843,INDUSINDBK,2021-11-01,3436.03,3525.17,3192.61,3436.62,17819228,3436.62,4.73923538303993
2844,INDUSINDBK,2021-12-01,3868.02,4211.26,3676.57,3808.56,4291076,3808.56,10.822843375176783
2845,INDUSINDBK,2022-01-01,4219.13,4337.0,4034.06,4229.55,11892668,4229.55,11.053784107379183
2846,INDUSINDBK,2022-02-01,4178.66,4272.68,3786.32,4222.62,4694816,4222.62,-0.16384721778913702
2847,INDUSINDBK,2022-03-01,4417.94,4397.92,4114.72,4340.65,7121320,4340.65,2.79518403266219
2848,INDUSINDBK,2022-04-01,4141.94,4697.17,3819.77,4221.65,30759622,4221.65,-2.741524886825708
2849,INDUSINDBK,2022-05-01,4255.82,4337.19,3922.26,4274.13,3934788,4274.13,1.2431158433314105
2850,INDUSINDBK,2022-06-01,4443.33,4889.69,4203.84,4512.07,19247736,4512.07,5.566980882659145
2851,INDUSINDBK,2022-07-01,4424.28,4892.28,3984.25,4452.29,29809130,4452.29,-1.3248907929176545
2852,INDUSINDBK,2022-08-01,4413.08,4585.23,4210.75,4430.78,22904415,4430.78,-0.4831221685918985
2853,INDUSINDBK,2022-09-01,4327.07,4601.92,4152.54,4410.58,33507978,4410.58,-0.45590166968343393
2854,INDUSINDBK,2022-10-01,5149.95,5452.17,4553.61,5137.52,9401630,5137.52,16.48173256125045
2855,INDUSINDBK,2022-11-01,5197.57,5528.85,4612.88,5147.28,38295067,5147.28,0.18997492953798378
2856,INDUSINDBK,2022-12-01,5042.26,5521.46,4384.51,4977.12,10912543,4977.12,-3.305823658320506
2857,INDUSINDBK,2023-01-01,5142.95,5325.64,4955.55,5240.28,28495424,5240.28,5.287395120069438
2858,INDUSINDBK,2023-02-01,5340.98,5748.21,5104.44,5389.85,9645529,5389.85,2.8542367965070703
2859,INDUSINDBK,2023-03-01,5387.21,5836.34,4849.58,5284.72,13406316,5284.72,-1.9505181034722652
2860,INDUSINDBK,2023-04-01,5933.99,6692.38,5323.82,6027.95,38559357,6027.95,14.063753614193363
2861,INDUSINDBK,2023-05-01,6353.74,6936.65,6297.94,6374.58,35604493,6374.58,5.750379482245216
2862,INDUSINDBK,2023-06-01,6284.69,6759.96,6157.02,6219.59,35536079,6219.59,-2.4313758710377775
2863,INDUSINDBK,2023-07-01,6623.07,7331.65,5939.1,6575.58,25246057,6575.58,5.723689182084346
2864,INDUSINDBK,2023-08-01,6777.2,7076.6,6454.58,6822.65,12953181,6822.65,3.757387181054739
2865,INDUSINDBK,2023-09-01,7311.31,7852.95,6925.07,7412.43,14999578,7412.43,8.644441675888404
2866,INDUSINDBK,2023-10-01,6424.01,6447.91,5726.08,6351.32,29138987,6351.32,-14.315278525395858
2867,INDUSINDBK,2023-11-01,6046.01,6796.49,5844.76,6097.34,16405126,6097.34,-3.998853781576106
2868,INDUSINDBK,2023-12-01,6463.38,6990.99,5819.5,6548.29,5972057,6548.29,7.395848025532437
2869,INDUSINDBK,2024-01-01,6647.25,6718.54,6339.31,6644.37,21242139,6644.37,1.467253282918124
2870,INDUSINDBK,2024-02-01,7201.38,7572.21,6891.9,7326.38,48959746,7326.38,10.264479551861205
2871,INDUSINDBK,2024-03-01,7090.21,7235.47,6428.58,6975.02,40923678,6975.02,-4.795820036634735
2872,INDUSINDBK,2024-04-01,6710.73,6921.07,6300.74,6704.88,31881258,6704.88,-3.8729638051217097
2873,INDUSINDBK,2024-05-01,6302.9,6634.47,5763.95,6237.14,39798611,6237.14,-6.97611292073832
2874,INDUSINDBK,2024-06-01,6201.83,6346.25,5510.17,6193.04,45416881,6193.04,-0.7070548360306184
2875,INDUSINDBK,2024-07-01,7174.12,7954.82,6414.23,7201.04,12098233,7201.04,16.27633601591465
2876,INDUSINDBK,2024-08-01,8160.05,8856.16,7878.87,8012.87,49636958,8012.87,11.27378823058891
2877,INDUSINDBK,2024-09-01,7935.53,8697.7,7725.5,7897.73,9423036,7897.73,-1.436938325468906
2878,INDUSINDBK,2024-10-01,7515.26,8362.89,7008.62,7527.97,5266824,7527.97,-4.681851620655541
2879,INDUSINDBK,2024-11-01,8148.05,8607.7,7173.34,8133.88,49700486,8133.88,8.048783403759586
2880,INDUSINDBK,2024-12-01,7207.5,7751.43,7188.8,7298.22,7877432,7298.22,-10.273817661435869
2881,INFY,2020-01-01,2684.48,2945.32,2440.86,2682.65,1756062,2682.65,
2882,INFY,2020-02-01,2884.3,2925.96,2732.33,2836.24,32095861,2836.24,5.72530892960319
2883,INFY,2020-03-01,2799.85,3033.96,2626.6,2763.12,33480686,2763.12,-2.578061094970807
2884,INFY,2020-04-01,2855.13,3088.86,2680.53,2878.39,31868387,2878.39,4.171733402819999
2885,INFY,2020-05-01,2994.58,3088.18,2650.07,2981.66,127653,2981.66,3.58776955172857
2886,INFY,2020-06-01,2799.86,2941.04,2697.08,2801.43,18821302,2801.43,-6.044619440177623
2887,INFY,2020-07-01,3164.48,3274.51,3077.38,3121.03,46813734,3121.03,11.408459251168157
2888,INFY,2020-08-01,2980.36,3280.12,2743.4,2951.78,26867876,2951.78,-5.422889238488571
2889,INFY,2020-09-01,3138.57,3372.35,3065.62,3097.32,17490439,3097.32,4.930584257634374
2890,INFY,2020-10-01,3225.85,3466.06,3049.24,3189.41,16359196,3189.41,2.9732155540919125
2891,INFY,2020-11-01,3186.39,3440.41,2943.96,3189.09,49478451,3189.09,-0.010033203633263987
2892,INFY,2020-12-01,3211.41,3381.52,3012.01,3266.8,32726535,3266.8,2.436745278433672
2893,INFY,2021-01-01,3458.75,3786.76,3045.24,3431.47,49670154,3431.47,5.040712623974519
2894,INFY,2021-02-01,3546.43,3596.55,3083.98,3499.09,8647003,3499.09,1.970584035413414
2895,INFY,2021-03-01,3695.39,3987.91,3500.29,3638.27,2625009,3638.27,3.977605606029
2896,INFY,2021-04-01,3945.35,4138.19,3761.94,3998.35,32249979,3998.35,9.897011491725461
2897,INFY,2021-05-01,4067.86,4101.66,3967.5,4035.71,29354765,4035.71,0.9343854339915136
2898,INFY,2021-06-01,4143.82,4466.02,4064.71,4182.57,1753359,4182.57,3.639012713995804
2899,INFY,2021-07-01,3941.93,4374.33,3713.36,4021.82,13706132,4021.82,-3.8433307750975976
2900,INFY,2021-08-01,4058.48,4409.09,3933.59,4048.08,19812522,4048.08,0.6529382219989888
2901,INFY,2021-09-01,4302.19,4279.37,3951.08,4231.41,32245853,4231.41,4.528813659809083
2902,INFY,2021-10-01,4008.28,4145.69,3799.77,3940.97,29924582,3940.97,-6.863905884799626
2903,INFY,2021-11-01,3533.67,3980.33,3181.92,3593.7,6905631,3593.7,-8.811789990789066
2904,INFY,2021-12-01,3424.87,3784.13,3023.78,3431.56,43096692,3431.56,-4.511784511784511
2905,INFY,2022-01-01,3583.6,3863.11,3324.98,3561.36,2121924,3561.36,3.782536222592636
2906,INFY,2022-02-01,3307.4,3691.03,3211.04,3347.5,41514900,3347.5,-6.005009322281374
2907,INFY,2022-03-01,3335.54,3352.95,3224.66,3314.92,47096881,3314.92,-0.9732636295743058
2908,INFY,2022-04-01,3546.69,3614.92,3168.87,3491.14,23382984,3491.14,5.315965392829991
2909,INFY,2022-05-01,3575.35,3736.51,3474.39,3585.75,46021532,3585.75,2.7100030362575023
2910,INFY,2022-06-01,3581.92,3734.03,3442.78,3555.69,26521195,3555.69,-0.8383183434427899
2911,INFY,2022-07-01,3335.14,3715.48,3037.04,3368.75,46620878,3368.75,-5.257488701208491
2912,INFY,2022-08-01,3450.6,3792.49,3168.66,3477.03,15957491,3477.03,3.2142486085343203
2913,INFY,2022-09-01,3624.75,3972.85,3279.15,3588.44,34630426,3588.44,3.204171376145726
2914,INFY,2022-10-01,3946.51,4075.26,3668.01,3969.43,24192592,3969.43,10.617148398747078
2915,INFY,2022-11-01,4300.89,4434.46,4109.67,4289.7,46758705,4289.7,8.068412845169215
2916,INFY,2022-12-01,4008.56,4355.63,3588.72,4043.26,43237397,4043.26,-5.744923887451325
2917,INFY,2023-01-01,4067.96,4453.43,3973.98,4140.78,22321448,4140.78,2.411915137784848
2918,INFY,2023-02-01,4116.15,4606.34,3708.83,4196.22,35062825,4196.22,1.338878182371439
2919,INFY,2023-03-01,4192.2,4499.94,3989.92,4219.08,22931515,4219.08,0.5447760126971346
2920,INFY,2023-04-01,4257.44,4544.74,3914.48,4281.6,21962305,4281.6,1.4818396427657365
2921,INFY,2023-05-01,3930.14,4400.89,3678.43,3933.75,9788687,3933.75,-8.124299327354267
2922,INFY,2023-06-01,4071.55,4491.69,3585.85,4063.76,34009750,4063.76,3.3049888782967995
2923,INFY,2023-07-01,4227.47,4416.81,3835.54,4204.17,41423447,4204.17,3.455174518180204
2924,INFY,2023-08-01,4194.47,4589.11,3928.88,4138.77,37066801,4138.77,-1.5555983701895926
2925,INFY,2023-09-01,4024.12,4281.52,3571.08,4016.64,36823765,4016.64,-2.950876709747108
2926,INFY,2023-10-01,4051.44,4569.64,3689.45,4098.73,30341069,4098.73,2.0437480082855286
2927,INFY,2023-11-01,4427.83,4906.88,4367.33,4503.98,42692156,4503.98,9.8872089647281
2928,INFY,2023-12-01,4695.27,4981.15,4542.93,4754.09,24979455,4754.09,5.553088601636791
2929,INFY,2024-01-01,4105.9,4406.59,4055.74,4185.17,20439156,4185.17,-11.96695897637613
2930,INFY,2024-02-01,4570.24,4610.39,4418.96,4536.05,48033980,4536.05,8.383888826499275
2931,INFY,2024-03-01,4710.46,5125.78,4604.96,4733.34,38316029,4733.34,4.349378864871412
2932,INFY,2024-04-01,4784.29,5028.12,4260.73,4731.65,14671503,4731.65,-0.03570417506455481
2933,INFY,2024-05-01,4842.38,5164.55,4329.14,4866.85,2941702,4866.85,2.8573541999091345
2934,INFY,2024-06-01,5173.58,5383.81,4805.27,5074.18,423827,5074.18,4.260044998304857
2935,INFY,2024-07-01,5476.46,5804.77,4857.09,5430.87,39898521,5430.87,7.029510186867616
2936,INFY,2024-08-01,5390.58,5721.57,5017.55,5357.19,4465232,5357.19,-1.356688707334186
2937,INFY,2024-09-01,5577.74,5785.68,5289.26,5556.33,26787426,5556.33,3.7172472882238683
2938,INFY,2024-10-01,5577.11,5830.98,5042.62,5523.14,2521819,5523.14,-0.5973367312596567
2939,INFY,2024-11-01,5921.04,6321.39,5303.75,5848.81,1215012,5848.81,5.896464692185965
2940,INFY,2024-12-01,6209.57,6724.76,5775.02,6320.11,5186402,6320.11,8.058049415180179
2941,IOC,2020-01-01,1056.02,1154.47,1016.88,1039.07,46008041,1039.07,
2942,IOC,2020-02-01,1003.45,1084.1,917.77,1015.08,39922524,1015.08,-2.3087953650860804
2943,IOC,2020-03-01,969.49,1036.04,889.14,971.31,7792386,971.31,-4.3119754108050685
2944,IOC,2020-04-01,924.61,1035.33,882.42,935.99,43928946,935.99,-3.6363261986389506
2945,IOC,2020-05-01,970.36,1019.27,915.18,960.7,39751876,960.7,2.6399854699302283
2946,IOC,2020-06-01,902.72,1003.27,832.25,900.89,10398698,900.89,-6.225668783178939
2947,IOC,2020-07-01,875.23,921.25,823.81,891.94,5649707,891.94,-0.9934620208904454
2948,IOC,2020-08-01,873.64,939.47,822.18,868.07,35447110,868.07,-2.6761889813216144
2949,IOC,2020-09-01,848.55,879.63,835.38,858.8,37370492,858.8,-1.0678862303731385
2950,IOC,2020-10-01,844.66,874.29,823.2,834.61,29748551,834.61,-2.8167210060549563
2951,IOC,2020-11-01,802.64,878.03,765.27,800.96,34080798,800.96,-4.031823246785926
2952,IOC,2020-12-01,771.67,832.13,745.91,776.24,13573123,776.24,-3.0862964442668783
2953,IOC,2021-01-01,763.98,819.65,733.25,765.96,49996248,765.96,-1.3243326806142375
2954,IOC,2021-02-01,815.71,854.38,786.16,808.24,40294605,808.24,5.5198704893205885
2955,IOC,2021-03-01,709.04,775.76,703.31,720.32,44200495,720.32,-10.877957042462628
2956,IOC,2021-04-01,714.71,750.19,660.78,709.66,48883006,709.66,-1.479897823189702
2957,IOC,2021-05-01,708.26,751.8,624.45,701.18,41739052,701.18,-1.1949384212157965
2958,IOC,2021-06-01,699.21,747.95,653.85,705.18,44877214,705.18,0.5704669271799023
2959,IOC,2021-07-01,725.22,756.0,656.53,732.93,1398874,732.93,3.935165489662218
2960,IOC,2021-08-01,753.46,833.43,689.78,761.01,36482253,761.01,3.831198068028341
2961,IOC,2021-09-01,765.96,806.85,716.95,778.11,15124250,778.11,2.2470138368746895
2962,IOC,2021-10-01,793.75,833.87,722.38,783.79,34774865,783.79,0.7299739111436665
2963,IOC,2021-11-01,773.98,828.28,680.78,768.29,30856180,768.29,-1.977570522716543
2964,IOC,2021-12-01,787.88,802.85,754.89,778.14,45563148,778.14,1.2820679691262438
2965,IOC,2022-01-01,804.83,911.75,751.38,820.93,41019388,820.93,5.499010460842513
2966,IOC,2022-02-01,754.68,753.81,718.87,746.05,38096234,746.05,-9.121362357326445
2967,IOC,2022-03-01,753.93,789.33,732.25,766.71,26570103,766.71,2.769251390657468
2968,IOC,2022-04-01,771.73,797.05,717.34,765.38,42632270,765.38,-0.17346845613074313
2969,IOC,2022-05-01,754.97,802.46,687.24,769.48,20512894,769.48,0.5356816222007454
2970,IOC,2022-06-01,870.64,916.26,822.57,886.8,20988398,886.8,15.246660082133378
2971,IOC,2022-07-01,974.68,978.91,945.42,961.04,5059200,961.04,8.371673432566528
2972,IOC,2022-08-01,1108.96,1108.65,1072.45,1097.64,1084014,1097.64,14.213768417547668
2973,IOC,2022-09-01,1176.04,1261.41,1062.31,1196.56,38398584,1196.56,9.012062242629625
2974,IOC,2022-10-01,1163.15,1281.33,1020.98,1152.86,24018331,1152.86,-3.652136123554195
2975,IOC,2022-11-01,1067.25,1172.85,1036.39,1072.57,46142479,1072.57,-6.964418923373172
2976,IOC,2022-12-01,1061.59,1120.08,966.9,1051.04,12928382,1051.04,-2.0073281930316877
2977,IOC,2023-01-01,1015.54,1063.69,966.83,1008.81,45898001,1008.81,-4.01792510275537
2978,IOC,2023-02-01,890.0,961.98,874.86,905.92,32084469,905.92,-10.199145527899212
2979,IOC,2023-03-01,998.05,1028.54,908.22,984.78,45482907,984.78,8.704962910632297
2980,IOC,2023-04-01,965.51,1066.44,895.32,984.57,5940369,984.57,-0.02132455980015102
2981,IOC,2023-05-01,963.03,1044.44,865.29,975.48,6897766,975.48,-0.9232456808556
2982,IOC,2023-06-01,940.2,1025.19,900.04,949.67,27583209,949.67,-2.6458769016279193
2983,IOC,2023-07-01,920.31,946.84,895.46,914.9,48986618,914.9,-3.6612718102077557
2984,IOC,2023-08-01,928.52,1011.35,865.54,910.43,1756504,910.43,-0.48857798666521735
2985,IOC,2023-09-01,933.24,971.0,863.69,935.62,32332115,935.62,2.7668244675592923
2986,IOC,2023-10-01,925.36,942.8,833.06,908.67,17143251,908.67,-2.8804429148586053
2987,IOC,2023-11-01,896.58,936.1,879.16,907.09,7943405,907.09,-0.1738805066745841
2988,IOC,2023-12-01,977.85,1042.75,969.85,992.85,6676154,992.85,9.45440915454916
2989,IOC,2024-01-01,882.05,960.97,832.95,895.96,21804459,895.96,-9.758775242987362
2990,IOC,2024-02-01,892.74,925.34,875.54,902.32,44305548,902.32,0.7098531184427825
2991,IOC,2024-03-01,1011.28,1044.67,949.01,993.97,35676644,993.97,10.15715045660075
2992,IOC,2024-04-01,1065.13,1067.67,945.92,1049.68,3519446,1049.68,5.60479692546052
2993,IOC,2024-05-01,1084.92,1103.07,984.95,1082.29,14956220,1082.29,3.1066610776617543
2994,IOC,2024-06-01,1172.98,1227.87,1050.08,1182.48,36565038,1182.48,9.257223110256962
2995,IOC,2024-07-01,1118.74,1228.91,1054.28,1118.94,45089122,1118.94,-5.373452405114676
2996,IOC,2024-08-01,1140.47,1248.31,1096.47,1121.01,28865346,1121.01,0.18499651455841093
2997,IOC,2024-09-01,1070.52,1074.83,1000.5,1058.94,36124006,1058.94,-5.53697112425402
2998,IOC,2024-10-01,984.73,1004.29,908.78,978.38,8925474,978.38,-7.607607607607614
2999,IOC,2024-11-01,943.44,1041.4,877.99,943.64,1297397,943.64,-3.5507675954128293
3000,IOC,2024-12-01,888.88,914.95,887.2,897.62,29446767,897.62,-4.876859819422663
3001,IRCTC,2020-01-01,4641.3,5128.56,4585.79,4670.87,43734774,4670.87,
3002,IRCTC,2020-02-01,4757.14,4968.25,4198.78,4750.51,32604877,4750.51,1.705035678578093
3003,IRCTC,2020-03-01,4995.36,5195.04,4450.47,5051.25,3758490,5051.25,6.3306887050021965
3004,IRCTC,2020-04-01,5010.05,5144.24,4746.63,5074.91,15773113,5074.91,0.4683989111605946
3005,IRCTC,2020-05-01,4975.42,5309.35,4491.57,4890.54,25640205,4890.54,-3.6329708310098074
3006,IRCTC,2020-06-01,5149.22,5203.56,4797.79,5131.17,42735705,5131.17,4.920315547976295
3007,IRCTC,2020-07-01,4880.89,5387.26,4856.69,4966.0,2149212,4966.0,-3.2189539617670015
3008,IRCTC,2020-08-01,4507.94,4767.36,4128.45,4558.77,13320051,4558.77,-8.200362464760358
3009,IRCTC,2020-09-01,4469.99,5024.91,4045.55,4515.82,10299748,4515.82,-0.9421400948062875
3010,IRCTC,2020-10-01,4417.79,4994.33,4323.25,4488.76,39506001,4488.76,-0.5992267185140121
3011,IRCTC,2020-11-01,4498.04,4621.55,4196.38,4448.46,41126927,4448.46,-0.8977980555877396
3012,IRCTC,2020-12-01,4787.57,5320.36,4716.21,4802.2,11982291,4802.2,7.951965399261751
3013,IRCTC,2021-01-01,4818.94,5076.89,4466.74,4852.55,2052699,4852.55,1.0484777810170431
3014,IRCTC,2021-02-01,4807.0,5426.53,4324.73,4898.83,20375740,4898.83,0.9537253608927321
3015,IRCTC,2021-03-01,4581.84,4798.19,4515.19,4623.68,21858856,4623.68,-5.6166472402593985
3016,IRCTC,2021-04-01,4557.7,4889.7,4074.48,4549.29,13043641,4549.29,-1.6088916187971591
3017,IRCTC,2021-05-01,4728.16,5109.59,4633.5,4801.96,47417402,4801.96,5.554053489665423
3018,IRCTC,2021-06-01,4585.76,4741.58,4145.21,4529.54,7644027,4529.54,-5.67310015077177
3019,IRCTC,2021-07-01,4601.57,4863.12,4032.53,4548.56,27819816,4548.56,0.4199101895556723
3020,IRCTC,2021-08-01,5006.31,5402.3,4577.01,5034.2,33410658,5034.2,10.676785620064354
3021,IRCTC,2021-09-01,4740.28,5087.12,4638.09,4835.99,44205417,4835.99,-3.9372690794962417
3022,IRCTC,2021-10-01,5827.72,6393.54,5379.77,5745.98,35066520,5745.98,18.817036428942146
3023,IRCTC,2021-11-01,6327.45,6419.31,5596.09,6235.14,32907821,6235.14,8.513082189635202
3024,IRCTC,2021-12-01,6209.32,6927.69,5943.98,6251.48,26321912,6251.48,0.2620630811817959
3025,IRCTC,2022-01-01,6414.32,6888.07,5905.3,6395.98,48244673,6395.98,2.311452648012957
3026,IRCTC,2022-02-01,7162.05,7903.81,6254.25,7100.36,28676262,7100.36,11.01285494951516
3027,IRCTC,2022-03-01,7203.7,7418.9,6461.17,7341.93,23665946,7341.93,3.4022218591733377
3028,IRCTC,2022-04-01,7390.04,8403.66,6803.18,7522.08,23685969,7522.08,2.453714486517855
3029,IRCTC,2022-05-01,6671.26,6640.61,5999.08,6543.04,19632657,6543.04,-13.015548890732354
3030,IRCTC,2022-06-01,6856.06,6999.64,6369.79,6776.9,49367045,6776.9,3.5741795862473724
3031,IRCTC,2022-07-01,7630.77,7798.12,7083.86,7629.14,40470025,7629.14,12.575661438120678
3032,IRCTC,2022-08-01,7773.48,8326.95,7367.62,7658.39,12748110,7658.39,0.383398390906442
3033,IRCTC,2022-09-01,7082.2,7812.21,6545.26,7068.62,37540590,7068.62,-7.700965868805332
3034,IRCTC,2022-10-01,7023.16,7420.89,6835.98,7054.04,29265049,7054.04,-0.20626374030574546
3035,IRCTC,2022-11-01,7781.38,8558.03,6904.44,7699.93,28390828,7699.93,9.156313261620298
3036,IRCTC,2022-12-01,7219.36,7812.69,6701.42,7145.75,31274499,7145.75,-7.197208286309098
3037,IRCTC,2023-01-01,7278.95,7783.24,7343.22,7420.09,21781684,7420.09,3.839205121925615
3038,IRCTC,2023-02-01,7700.83,8156.28,6945.67,7768.72,6159986,7768.72,4.698460530802184
3039,IRCTC,2023-03-01,7771.93,8053.63,7137.81,7910.15,4735695,7910.15,1.8205058233531357
3040,IRCTC,2023-04-01,7953.19,8144.61,7388.15,7835.48,48237809,7835.48,-0.9439770421546978
3041,IRCTC,2023-05-01,7725.29,8168.21,6983.34,7860.55,38945570,7860.55,0.31995487194147465
3042,IRCTC,2023-06-01,8158.25,8571.17,7259.22,8001.2,12247937,8001.2,1.7893149970421796
3043,IRCTC,2023-07-01,8541.88,9004.04,8189.11,8392.11,32309977,8392.11,4.88564215367695
3044,IRCTC,2023-08-01,8687.17,9081.78,8248.92,8724.54,34537554,8724.54,3.9612207180315773
3045,IRCTC,2023-09-01,7386.81,7989.63,7326.7,7523.81,32308874,7523.81,-13.762674020636045
3046,IRCTC,2023-10-01,7484.02,8060.55,6645.82,7535.77,38948915,7535.77,0.1589620152555593
3047,IRCTC,2023-11-01,8165.48,8379.37,7408.05,8254.65,19958222,8254.65,9.539569280909577
3048,IRCTC,2023-12-01,8398.14,8661.27,8186.76,8271.13,41288180,8271.13,0.19964504854839138
3049,IRCTC,2024-01-01,8321.88,8615.17,7483.77,8262.53,41522833,8262.53,-0.10397611934522821
3050,IRCTC,2024-02-01,8605.46,8905.05,7920.75,8595.78,25384917,8595.78,4.033268260448075
3051,IRCTC,2024-03-01,8691.08,9483.34,7933.57,8544.03,37343996,8544.03,-0.6020396054808308
3052,IRCTC,2024-04-01,9066.59,10071.71,8042.83,9074.98,10364644,9074.98,6.214280614651391
3053,IRCTC,2024-05-01,10095.26,11385.37,9120.87,10221.02,22647747,10221.02,12.62856777645791
3054,IRCTC,2024-06-01,9591.45,10801.8,9610.39,9745.82,23987213,9745.82,-4.649242443513469
3055,IRCTC,2024-07-01,10269.16,10747.62,10016.1,10245.45,48794011,10245.45,5.126608125329635
3056,IRCTC,2024-08-01,10933.28,11751.36,10003.25,10959.74,29266851,10959.74,6.971777715961713
3057,IRCTC,2024-09-01,10847.27,11211.68,9742.06,10803.34,27147895,10803.34,-1.4270411524360926
3058,IRCTC,2024-10-01,10935.81,11621.86,9957.35,10791.53,21119363,10791.53,-0.10931804423446323
3059,IRCTC,2024-11-01,11166.1,11745.69,10559.27,11098.03,2613113,11098.03,2.8401904085889607
3060,IRCTC,2024-12-01,11101.49,12359.92,11016.18,11199.06,49866298,11199.06,0.9103417453367735
3061,IRFC,2020-01-01,3650.41,3850.24,3222.79,3591.57,42821863,3591.57,
3062,IRFC,2020-02-01,4129.91,4343.56,3734.27,4099.77,7127588,4099.77,14.149800783501366
3063,IRFC,2020-03-01,4207.26,4644.26,4075.25,4285.11,28014165,4285.11,4.520741407444784
3064,IRFC,2020-04-01,4265.16,4737.96,4041.91,4258.79,49703692,4258.79,-0.614219938344629
3065,IRFC,2020-05-01,4284.99,4576.16,4087.05,4239.18,38947863,4239.18,-0.4604594262689554
3066,IRFC,2020-06-01,4237.71,4461.3,4256.11,4310.89,49759587,4310.89,1.6916007341042372
3067,IRFC,2020-07-01,4245.45,4684.46,3956.96,4314.21,48390940,4314.21,0.0770142592364742
3068,IRFC,2020-08-01,4465.73,4727.38,4116.15,4439.88,16368570,4439.88,2.9129319156925515
3069,IRFC,2020-09-01,4565.01,5131.88,4446.18,4590.78,43014835,4590.78,3.3987405065001752
3070,IRFC,2020-10-01,4528.43,4652.67,4168.32,4449.18,2381758,4449.18,-3.0844431665207117
3071,IRFC,2020-11-01,4306.18,4608.03,3983.51,4233.01,5529488,4233.01,-4.858648110438324
3072,IRFC,2020-12-01,4541.94,4793.33,4345.7,4523.06,25100926,4523.06,6.852098152378572
3073,IRFC,2021-01-01,4336.76,4607.16,3998.75,4307.03,19566649,4307.03,-4.776191339491421
3074,IRFC,2021-02-01,4171.58,4546.2,3705.14,4186.36,17003350,4186.36,-2.801698618305426
3075,IRFC,2021-03-01,4106.48,4240.86,4131.9,4175.38,36854204,4175.38,-0.2622803581153965
3076,IRFC,2021-04-01,4184.16,4187.28,3967.6,4136.7,22015689,4136.7,-0.9263827483965592
3077,IRFC,2021-05-01,4233.92,4349.44,4077.05,4220.37,47795005,4220.37,2.0226267314526147
3078,IRFC,2021-06-01,4488.37,4824.69,4078.11,4446.63,19138231,4446.63,5.3611413217324655
3079,IRFC,2021-07-01,4548.59,4982.89,4083.41,4542.77,10676758,4542.77,2.1620867938191513
3080,IRFC,2021-08-01,4818.81,4903.4,4524.38,4763.26,14653493,4763.26,4.853646563660496
3081,IRFC,2021-09-01,4788.17,4907.22,4532.02,4764.8,49640072,4764.8,0.032330798654700565
3082,IRFC,2021-10-01,5141.43,5277.3,4590.1,5204.77,16086062,5204.77,9.233755876427141
3083,IRFC,2021-11-01,5467.94,5586.91,4927.17,5380.06,11888723,5380.06,3.3678721634193165
3084,IRFC,2021-12-01,5578.6,5911.85,5284.11,5549.52,20832556,5549.52,3.1497789987472213
3085,IRFC,2022-01-01,5009.91,5486.62,4801.8,5081.18,14747044,5081.18,-8.439288442964443
3086,IRFC,2022-02-01,4869.94,5032.64,4434.44,4790.51,31471348,4790.51,-5.720521611121832
3087,IRFC,2022-03-01,4859.73,5118.68,4648.71,4841.43,12196554,4841.43,1.062934844098029
3088,IRFC,2022-04-01,4532.15,4963.85,4394.27,4483.15,47943351,4483.15,-7.400292888671334
3089,IRFC,2022-05-01,4555.07,4618.79,3942.72,4476.73,35371533,4476.73,-0.14320288190223796
3090,IRFC,2022-06-01,4678.44,4740.34,4370.07,4599.76,37348341,4599.76,2.748211306020254
3091,IRFC,2022-07-01,4687.75,4935.36,4325.82,4709.7,27196324,4709.7,2.3901247021583583
3092,IRFC,2022-08-01,4824.43,4825.76,4588.51,4777.24,37610680,4777.24,1.434061617512783
3093,IRFC,2022-09-01,4839.01,5156.61,4332.06,4912.95,28166202,4912.95,2.8407616113069523
3094,IRFC,2022-10-01,4412.84,4414.77,4173.4,4333.28,574359,4333.28,-11.798817411127738
3095,IRFC,2022-11-01,4533.98,4545.79,4222.91,4472.53,17531419,4472.53,3.213501089244186
3096,IRFC,2022-12-01,4497.72,4745.2,4107.46,4520.38,42891901,4520.38,1.0698642602732678
3097,IRFC,2023-01-01,4473.37,4927.55,4135.05,4554.12,21656180,4554.12,0.7463974267650109
3098,IRFC,2023-02-01,4534.29,4888.55,4381.37,4548.8,20724296,4548.8,-0.11681729950022701
3099,IRFC,2023-03-01,4595.02,4888.95,4505.26,4576.74,3754252,4576.74,0.6142279282447927
3100,IRFC,2023-04-01,4238.96,4580.8,4018.32,4289.48,43670648,4289.48,-6.27651996836176
3101,IRFC,2023-05-01,4324.21,4566.46,3842.98,4357.45,12643562,4357.45,1.5845743540009671
3102,IRFC,2023-06-01,4330.09,4670.47,3895.41,4333.13,20711411,4333.13,-0.5581245912173349
3103,IRFC,2023-07-01,4545.25,4559.52,4422.97,4492.12,29138666,4492.12,3.669172168847923
3104,IRFC,2023-08-01,4598.42,4786.3,4209.5,4526.72,43978392,4526.72,0.7702376606145922
3105,IRFC,2023-09-01,4403.19,4659.25,4284.81,4376.58,16185519,4376.58,-3.316750318111139
3106,IRFC,2023-10-01,4239.59,4630.3,4110.01,4256.2,28239830,4256.2,-2.7505495158320015
3107,IRFC,2023-11-01,4280.75,4712.28,3967.95,4322.62,33530464,4322.62,1.560546966777876
3108,IRFC,2023-12-01,4500.28,4632.65,4282.66,4467.53,26117597,4467.53,3.3523650008559613
3109,IRFC,2024-01-01,4727.88,4963.26,4432.79,4687.48,14614898,4687.48,4.923302137870356
3110,IRFC,2024-02-01,4332.61,4729.54,3911.35,4304.86,15100965,4304.86,-8.162594827071256
3111,IRFC,2024-03-01,4584.16,5023.53,4274.06,4629.56,19803198,4629.56,7.54263785581879
3112,IRFC,2024-04-01,5053.09,5101.46,4748.53,4966.13,4750120,4966.13,7.270021341120958
3113,IRFC,2024-05-01,5024.72,5653.43,4712.05,5094.4,42350366,5094.4,2.5828965411698768
3114,IRFC,2024-06-01,5321.02,5283.65,5043.35,5219.03,3832352,5219.03,2.4464117462311474
3115,IRFC,2024-07-01,5706.31,5838.77,5371.94,5630.23,2256674,5630.23,7.878858715125214
3116,IRFC,2024-08-01,5850.87,6124.26,5695.9,5953.64,11301577,5953.64,5.744170309205865
3117,IRFC,2024-09-01,5570.42,6056.74,5033.95,5555.43,17189380,5555.43,-6.688513245678274
3118,IRFC,2024-10-01,5515.39,5818.09,5148.94,5587.08,40799526,5587.08,0.5697128755109748
3119,IRFC,2024-11-01,5626.23,5876.98,5226.32,5561.73,18683942,5561.73,-0.4537253806997654
3120,IRFC,2024-12-01,5452.54,5498.19,5027.52,5420.54,19174570,5420.54,-2.5385986015142747
3121,ITC,2020-01-01,4687.3,5314.08,4338.69,4750.83,1640319,4750.83,
3122,ITC,2020-02-01,4935.36,5213.27,4527.05,4948.69,4943001,4948.69,4.164745949655102
3123,ITC,2020-03-01,4796.71,4958.49,4649.04,4756.01,15172238,4756.01,-3.8935556682677563
3124,ITC,2020-04-01,4679.09,5067.45,4360.31,4703.73,12027379,4703.73,-1.099240750124597
3125,ITC,2020-05-01,4248.95,4402.39,3802.59,4259.12,44000370,4259.12,-9.452285739189959
3126,ITC,2020-06-01,4585.04,4936.95,4274.16,4576.45,43641069,4576.45,7.450600123969275
3127,ITC,2020-07-01,4898.95,5275.18,4321.56,4843.32,8967452,4843.32,5.831375848091858
3128,ITC,2020-08-01,4906.93,5378.77,4588.16,4881.17,27767315,4881.17,0.7814887308705609
3129,ITC,2020-09-01,5504.25,5595.62,5397.45,5475.52,37532725,5475.52,12.176383940735525
3130,ITC,2020-10-01,5357.92,5561.98,4778.94,5323.51,20526213,5323.51,-2.7761746829524925
3131,ITC,2020-11-01,4938.6,5331.68,4797.51,4948.37,1411610,4948.37,-7.046854424994042
3132,ITC,2020-12-01,5455.16,5960.92,5124.84,5451.52,32608656,5451.52,10.1679947134107
3133,ITC,2021-01-01,5309.0,5356.06,4806.46,5212.33,7861450,5212.33,-4.387583646395877
3134,ITC,2021-02-01,5265.39,5858.51,4821.71,5258.29,32023410,5258.29,0.8817553761945263
3135,ITC,2021-03-01,5459.54,5512.14,5260.67,5457.42,37367721,5457.42,3.7869725709308577
3136,ITC,2021-04-01,5914.03,6532.34,5770.41,5888.6,26243192,5888.6,7.90080294351545
3137,ITC,2021-05-01,5704.61,6204.26,5383.49,5596.76,5371578,5596.76,-4.956016710253708
3138,ITC,2021-06-01,5469.52,5962.81,5323.84,5468.44,2502724,5468.44,-2.2927550940186947
3139,ITC,2021-07-01,5733.6,6125.95,5484.9,5654.74,18779419,5654.74,3.4068216895494885
3140,ITC,2021-08-01,6306.27,6517.69,5768.71,6340.65,2262946,6340.65,12.129823829212306
3141,ITC,2021-09-01,6740.95,7425.49,6369.82,6863.73,32640487,6863.73,8.24962740413049
3142,ITC,2021-10-01,6810.49,6937.57,6392.81,6736.62,32104204,6736.62,-1.8519085103872013
3143,ITC,2021-11-01,7449.25,8067.53,7329.61,7433.88,10834998,7433.88,10.35029436126722
3144,ITC,2021-12-01,7211.96,7754.26,7132.14,7205.27,10139088,7205.27,-3.075244690524992
3145,ITC,2022-01-01,7383.43,7696.33,6579.29,7432.23,28671016,7432.23,3.1499166582237503
3146,ITC,2022-02-01,6675.46,6754.13,6004.1,6557.32,2559082,6557.32,-11.771836985669172
3147,ITC,2022-03-01,7143.96,7525.64,6975.91,7122.89,24217579,7122.89,8.62501753765259
3148,ITC,2022-04-01,7267.13,7804.24,7045.62,7334.14,28376138,7334.14,2.965790570962068
3149,ITC,2022-05-01,7550.45,8027.5,6720.14,7545.99,19841311,7545.99,2.8885458963150423
3150,ITC,2022-06-01,7237.68,7866.85,6347.82,7145.45,17489917,7145.45,-5.307984770719287
3151,ITC,2022-07-01,6772.65,7330.4,6209.06,6645.95,24967759,6645.95,-6.990462462126246
3152,ITC,2022-08-01,7038.24,7896.96,6516.68,7087.67,7114898,7087.67,6.646453855355516
3153,ITC,2022-09-01,7271.32,8203.1,6945.09,7417.92,28304796,7417.92,4.65950023068229
3154,ITC,2022-10-01,7322.5,7678.14,6556.69,7427.79,37751522,7427.79,0.13305616668823905
3155,ITC,2022-11-01,7780.76,7927.81,6871.87,7657.97,31418472,7657.97,3.098902903824685
3156,ITC,2022-12-01,8086.76,8873.81,7483.04,8148.44,29410441,8148.44,6.4046999400624305
3157,ITC,2023-01-01,7579.41,8205.01,6984.01,7611.35,1540355,7611.35,-6.591323001703387
3158,ITC,2023-02-01,8680.32,9509.14,8111.77,8548.67,4289389,8548.67,12.314766762795038
3159,ITC,2023-03-01,8167.46,8518.98,7708.59,8170.27,27279935,8170.27,-4.426419548304006
3160,ITC,2023-04-01,7750.09,8550.34,7183.22,7852.06,39125019,7852.06,-3.8947305291012424
3161,ITC,2023-05-01,8100.38,8940.43,7686.62,8238.86,33383376,8238.86,4.926095827082322
3162,ITC,2023-06-01,8906.61,9799.86,7868.07,8879.33,7522201,8879.33,7.773769672017727
3163,ITC,2023-07-01,8809.21,9796.89,8702.07,8815.82,30336913,8815.82,-0.7152566691405848
3164,ITC,2023-08-01,9139.05,9812.43,8235.38,8989.42,24713895,8989.42,1.9691872111726516
3165,ITC,2023-09-01,8569.31,8980.78,7997.22,8612.65,15776953,8612.65,-4.191260392772844
3166,ITC,2023-10-01,8406.18,8951.55,8001.89,8301.77,36804354,8301.77,-3.6095742889818982
3167,ITC,2023-11-01,8514.82,9091.16,7500.78,8467.95,12840158,8467.95,2.0017417972312046
3168,ITC,2023-12-01,9311.68,10266.17,9116.95,9294.77,25070932,9294.77,9.764110558045335
3169,ITC,2024-01-01,9621.81,10099.81,9273.4,9466.91,39517642,9466.91,1.852009248211628
3170,ITC,2024-02-01,10115.67,10624.94,9635.14,10275.5,42139359,10275.5,8.541224116422352
3171,ITC,2024-03-01,10024.48,11027.59,9506.53,10035.18,9742475,10035.18,-2.338766969977124
3172,ITC,2024-04-01,10613.83,11335.04,9921.71,10446.95,21419635,10446.95,4.103264714733568
3173,ITC,2024-05-01,11218.76,11394.85,10997.99,11206.06,8938116,11206.06,7.266331321581876
3174,ITC,2024-06-01,13482.28,14964.05,12311.64,13623.59,26415927,13623.59,21.57341652641518
3175,ITC,2024-07-01,14197.57,15536.29,13766.81,14070.72,32471800,14070.72,3.282027718097802
3176,ITC,2024-08-01,15760.7,16599.39,14302.31,15507.44,32441084,15507.44,10.210707056923884
3177,ITC,2024-09-01,14051.76,14793.6,13039.35,14052.64,3770695,14052.64,-9.381303425968445
3178,ITC,2024-10-01,13599.47,14409.74,12789.95,13538.22,18204719,13538.22,-3.6606644730100557
3179,ITC,2024-11-01,13056.11,14787.36,12682.1,13243.01,16864586,13243.01,-2.1805673123940883
3180,ITC,2024-12-01,13668.84,13799.19,12086.37,13452.44,2374068,13452.44,1.5814380567559905
3181,JINDALSTEL,2020-01-01,5116.65,5530.54,4857.38,5022.78,44142020,5022.78,
3182,JINDALSTEL,2020-02-01,5097.91,5489.38,5106.78,5186.99,36192168,5186.99,3.269305046209481
3183,JINDALSTEL,2020-03-01,5489.63,6212.77,5156.69,5598.88,29287083,5598.88,7.940828881490036
3184,JINDALSTEL,2020-04-01,6109.82,6313.92,5350.53,6033.21,26141461,6033.21,7.757444346012066
3185,JINDALSTEL,2020-05-01,6039.11,6341.78,5486.96,6142.51,25598739,6142.51,1.811639243454155
3186,JINDALSTEL,2020-06-01,5681.91,6093.64,5009.64,5670.56,5425077,5670.56,-7.683341174861735
3187,JINDALSTEL,2020-07-01,5509.13,6000.21,5436.37,5591.62,36143577,5591.62,-1.392102367314696
3188,JINDALSTEL,2020-08-01,5754.14,6099.98,5412.22,5673.49,1957836,5673.49,1.4641552895225285
3189,JINDALSTEL,2020-09-01,5955.07,6388.03,5648.29,5916.61,40339125,5916.61,4.285193064586346
3190,JINDALSTEL,2020-10-01,6112.96,6520.41,5743.14,6233.36,44863167,6233.36,5.353572400411721
3191,JINDALSTEL,2020-11-01,6236.09,6911.64,6286.65,6354.45,34408490,6354.45,1.9426120102159938
3192,JINDALSTEL,2020-12-01,6395.74,7094.85,5872.64,6444.18,22358255,6444.18,1.4120812973585473
3193,JINDALSTEL,2021-01-01,6269.81,6647.68,6002.95,6321.11,40676244,6321.11,-1.909785263602204
3194,JINDALSTEL,2021-02-01,5856.21,5956.87,5494.9,5763.73,33548971,5763.73,-8.81775510946654
3195,JINDALSTEL,2021-03-01,6563.02,6761.09,6148.22,6628.18,11442390,6628.18,14.998100188593156
3196,JINDALSTEL,2021-04-01,6880.06,7303.78,6645.14,6855.11,37214668,6855.11,3.423715107314518
3197,JINDALSTEL,2021-05-01,5889.33,6650.17,5606.04,5953.61,12772923,5953.61,-13.15077365644023
3198,JINDALSTEL,2021-06-01,6555.4,6969.78,6065.68,6469.98,484120,6469.98,8.67322515247051
3199,JINDALSTEL,2021-07-01,7024.59,7045.79,6369.03,6924.17,46775574,6924.17,7.0199598762283655
3200,JINDALSTEL,2021-08-01,7475.81,7830.53,6746.77,7519.17,22509489,7519.17,8.593087691376722
3201,JINDALSTEL,2021-09-01,7389.89,8139.86,6491.22,7341.56,47643018,7341.56,-2.362095816426546
3202,JINDALSTEL,2021-10-01,7334.27,8171.19,6618.36,7337.73,2130919,7337.73,-0.05216874887626899
3203,JINDALSTEL,2021-11-01,6458.42,7301.82,6353.48,6546.71,33112942,6546.71,-10.780173159819173
3204,JINDALSTEL,2021-12-01,6494.7,6965.9,6130.56,6386.19,21310901,6386.19,-2.451918597280167
3205,JINDALSTEL,2022-01-01,6203.79,6356.03,6046.93,6250.06,31125793,6250.06,-2.1316309098225905
3206,JINDALSTEL,2022-02-01,6021.12,6201.42,5335.15,6032.39,8420603,6032.39,-3.48268656620897
3207,JINDALSTEL,2022-03-01,5685.98,6409.51,5426.64,5793.57,36489673,5793.57,-3.9589615392904065
3208,JINDALSTEL,2022-04-01,5465.82,5828.58,5176.66,5550.14,9402201,5550.14,-4.201727087098273
3209,JINDALSTEL,2022-05-01,5635.21,6169.05,4917.64,5530.74,32217704,5530.74,-0.34954073230586413
3210,JINDALSTEL,2022-06-01,5313.74,6010.28,5011.24,5377.83,8221180,5377.83,-2.764729493702467
3211,JINDALSTEL,2022-07-01,5920.51,6414.03,5599.54,5876.93,41381120,5876.93,9.280695001515493
3212,JINDALSTEL,2022-08-01,6126.42,6554.51,5556.84,6132.93,37220018,6132.93,4.356015810976133
3213,JINDALSTEL,2022-09-01,6574.62,7101.85,6425.21,6535.61,8355537,6535.61,6.565866559703104
3214,JINDALSTEL,2022-10-01,6393.44,6587.99,6222.83,6353.75,5065020,6353.75,-2.7826017770338107
3215,JINDALSTEL,2022-11-01,6072.23,6906.31,6030.6,6194.25,14801453,6194.25,-2.5103285461341773
3216,JINDALSTEL,2022-12-01,6817.5,6977.77,6096.45,6692.45,44509233,6692.45,8.042943052024043
3217,JINDALSTEL,2023-01-01,6689.36,7212.5,5998.9,6738.67,18937135,6738.67,0.6906289923719999
3218,JINDALSTEL,2023-02-01,6399.61,6941.83,6187.0,6493.96,35203907,6493.96,-3.6314287537451806
3219,JINDALSTEL,2023-03-01,6879.15,7510.82,6301.47,6779.95,44705099,6779.95,4.403938428940113
3220,JINDALSTEL,2023-04-01,7314.7,7674.54,6686.06,7252.28,46647319,7252.28,6.9665705499303066
3221,JINDALSTEL,2023-05-01,6815.33,7219.47,6835.03,6928.05,16039162,6928.05,-4.470731962913721
3222,JINDALSTEL,2023-06-01,7047.67,7729.22,6826.22,7105.17,14344340,7105.17,2.55656353519389
3223,JINDALSTEL,2023-07-01,7085.68,7678.8,6405.01,7000.93,42702778,7000.93,-1.4671007168019834
3224,JINDALSTEL,2023-08-01,7044.13,7643.93,6464.83,7059.71,25864196,7059.71,0.8396027384933058
3225,JINDALSTEL,2023-09-01,7418.0,8001.6,7312.32,7526.06,5350401,7526.06,6.605795422191574
3226,JINDALSTEL,2023-10-01,7412.93,8276.32,6996.17,7406.07,25537506,7406.07,-1.594326912089472
3227,JINDALSTEL,2023-11-01,7920.77,7942.27,7348.07,7791.68,28581362,7791.68,5.20667506518302
3228,JINDALSTEL,2023-12-01,7321.2,7948.09,6661.94,7442.86,28680387,7442.86,-4.476826563719261
3229,JINDALSTEL,2024-01-01,7013.07,7573.32,7009.7,7133.65,36016094,7133.65,-4.154451380248991
3230,JINDALSTEL,2024-02-01,7081.92,7466.91,6885.53,7216.76,44745622,7216.76,1.1650417388013201
3231,JINDALSTEL,2024-03-01,7505.45,7920.43,7293.42,7401.79,37407466,7401.79,2.5638929381051945
3232,JINDALSTEL,2024-04-01,8003.41,8455.43,7585.18,8060.94,30808743,8060.94,8.905278317812314
3233,JINDALSTEL,2024-05-01,7536.92,7604.56,6828.85,7413.51,36990552,7413.51,-8.03169357419854
3234,JINDALSTEL,2024-06-01,7790.28,8128.9,7288.39,7666.25,5241552,7666.25,3.4091813459481424
3235,JINDALSTEL,2024-07-01,8560.15,9223.91,7633.83,8405.33,26505805,8405.33,9.640697864014358
3236,JINDALSTEL,2024-08-01,8597.98,8839.24,8278.27,8667.12,48116977,8667.12,3.114571349369988
3237,JINDALSTEL,2024-09-01,8440.77,8713.44,7358.22,8324.35,41589516,8324.35,-3.954831593424346
3238,JINDALSTEL,2024-10-01,8875.85,9486.33,8073.22,8786.91,3932870,8786.91,5.556710133523923
3239,JINDALSTEL,2024-11-01,9149.51,9924.36,8839.4,9101.93,37323135,9101.93,3.5851055718107983
3240,JINDALSTEL,2024-12-01,9284.22,9853.17,9128.53,9322.13,32583331,9322.13,2.419267122467428
3241,JIOFIN,2020-01-01,3000.06,3205.98,2728.02,2996.77,11139643,2996.77,
3242,JIOFIN,2020-02-01,2950.36,3026.04,2847.67,2941.67,24269970,2941.67,-1.83864627582363
3243,JIOFIN,2020-03-01,2862.21,3053.78,2804.28,2894.28,38530960,2894.28,-1.6109896759323727
3244,JIOFIN,2020-04-01,2821.43,2986.86,2512.97,2771.31,49413533,2771.31,-4.248725071520387
3245,JIOFIN,2020-05-01,3152.01,3399.05,2969.29,3095.23,35021451,3095.23,11.688335119492233
3246,JIOFIN,2020-06-01,3253.37,3475.74,3069.82,3231.41,42478510,3231.41,4.399673045298735
3247,JIOFIN,2020-07-01,3086.48,3249.15,2771.02,3091.96,25337695,3091.96,-4.315453625507127
3248,JIOFIN,2020-08-01,3245.2,3657.9,3094.51,3266.89,39343596,3266.89,5.657576424015831
3249,JIOFIN,2020-09-01,3394.14,3668.64,3080.26,3376.04,27477055,3376.04,3.3410981085987057
3250,JIOFIN,2020-10-01,3706.03,3909.59,3567.2,3637.5,44923805,3637.5,7.744576486060595
3251,JIOFIN,2020-11-01,3514.96,3762.32,3225.58,3559.37,309438,3559.37,-2.1479037800687273
3252,JIOFIN,2020-12-01,3729.36,3796.78,3604.15,3757.53,21334161,3757.53,5.567277355262323
3253,JIOFIN,2021-01-01,3909.16,4401.93,3745.31,3939.85,23130295,3939.85,4.852123602472891
3254,JIOFIN,2021-02-01,4179.35,4239.94,3702.87,4098.72,20518549,4098.72,4.032387019810413
3255,JIOFIN,2021-03-01,4270.87,4496.26,3988.34,4287.16,7516344,4287.16,4.597532888316347
3256,JIOFIN,2021-04-01,4156.43,4196.41,3856.55,4108.68,4987124,4108.68,-4.16312897116039
3257,JIOFIN,2021-05-01,4566.31,4817.6,4205.96,4561.96,5000623,4561.96,11.03225366784466
3258,JIOFIN,2021-06-01,4806.77,5059.59,4418.7,4743.68,37051866,4743.68,3.983375566642411
3259,JIOFIN,2021-07-01,4596.43,4980.45,4104.87,4618.26,34761652,4618.26,-2.6439388828926047
3260,JIOFIN,2021-08-01,4755.15,4900.49,4662.54,4782.95,30739016,4782.95,3.566061676908605
3261,JIOFIN,2021-09-01,4771.53,5382.09,4578.55,4841.95,48585365,4841.95,1.2335483331416874
3262,JIOFIN,2021-10-01,4670.5,5092.47,4595.25,4748.17,26324482,4748.17,-1.9368229742149246
3263,JIOFIN,2021-11-01,5347.97,5792.27,5120.54,5313.24,38561557,5313.24,11.900795464357849
3264,JIOFIN,2021-12-01,5901.12,5991.55,5358.2,5796.0,38828885,5796.0,9.085981435056588
3265,JIOFIN,2022-01-01,5902.9,6138.8,5318.34,5877.96,25339953,5877.96,1.4140786749482492
3266,JIOFIN,2022-02-01,5753.57,5710.95,5455.35,5648.39,41012118,5648.39,-3.905606707088849
3267,JIOFIN,2022-03-01,5893.35,6159.28,5342.86,5827.53,28325109,5827.53,3.171523212809313
3268,JIOFIN,2022-04-01,5513.24,5526.83,5385.45,5458.4,40513091,5458.4,-6.334244525553712
3269,JIOFIN,2022-05-01,5250.64,5812.3,4907.31,5319.32,44945470,5319.32,-2.5479994137476147
3270,JIOFIN,2022-06-01,5797.87,6060.66,5470.33,5815.49,16028630,5815.49,9.32769602129595
3271,JIOFIN,2022-07-01,6256.61,6703.74,5776.37,6279.55,12462034,6279.55,7.9797231187741735
3272,JIOFIN,2022-08-01,6262.5,6755.64,6092.83,6333.03,6140333,6333.03,0.8516533828060835
3273,JIOFIN,2022-09-01,5821.78,6130.41,5630.91,5821.34,16275304,5821.34,-8.07970276471136
3274,JIOFIN,2022-10-01,5434.12,5850.38,4911.56,5423.9,35962899,5423.9,-6.827294059443368
3275,JIOFIN,2022-11-01,5941.01,6132.77,5780.02,5915.18,28096331,5915.18,9.057689116687273
3276,JIOFIN,2022-12-01,5952.13,6518.56,5715.29,5892.45,30117947,5892.45,-0.3842655675736051
3277,JIOFIN,2023-01-01,6387.9,6611.85,5786.41,6502.42,41488327,6502.42,10.351721270439285
3278,JIOFIN,2023-02-01,5661.89,5875.15,5526.22,5711.61,157182,5711.61,-12.161779768147863
3279,JIOFIN,2023-03-01,6428.04,6978.94,5960.69,6370.63,25519153,6370.63,11.538252786867464
3280,JIOFIN,2023-04-01,6997.73,7481.01,6652.61,7025.43,44898926,7025.43,10.278418303998205
3281,JIOFIN,2023-05-01,6882.54,7401.24,6727.49,6946.55,27541061,6946.55,-1.1227782498722472
3282,JIOFIN,2023-06-01,7082.68,7731.91,6414.6,7051.58,36678285,7051.58,1.5119735696137004
3283,JIOFIN,2023-07-01,7553.84,8235.35,6817.29,7506.07,22272324,7506.07,6.445222205519885
3284,JIOFIN,2023-08-01,7947.71,8543.35,7722.66,8072.14,31735273,8072.14,7.541496415567672
3285,JIOFIN,2023-09-01,8463.28,9197.77,7624.65,8499.59,13473022,8499.59,5.295373965268202
3286,JIOFIN,2023-10-01,9099.6,9418.71,8190.39,9049.56,40287347,9049.56,6.470547402874716
3287,JIOFIN,2023-11-01,8495.83,9265.8,7514.72,8340.14,39768051,8340.14,-7.839276163702991
3288,JIOFIN,2023-12-01,8502.48,9373.47,8506.92,8599.67,32587450,8599.67,3.111818266839661
3289,JIOFIN,2024-01-01,8469.8,8454.55,7987.84,8364.35,13506522,8364.35,-2.736384070551545
3290,JIOFIN,2024-02-01,7838.69,8312.5,7388.09,7920.37,48287876,7920.37,-5.308003610561496
3291,JIOFIN,2024-03-01,8541.3,8739.3,7901.11,8449.4,17575076,8449.4,6.67935967637876
3292,JIOFIN,2024-04-01,8855.25,9652.4,8344.66,8950.06,38990226,8950.06,5.925391152034454
3293,JIOFIN,2024-05-01,9521.44,10337.66,9025.71,9341.41,20459906,9341.41,4.37259638482872
3294,JIOFIN,2024-06-01,9839.03,10153.13,9173.24,9653.51,8137601,9653.51,3.341037380866485
3295,JIOFIN,2024-07-01,10412.74,10519.93,9969.14,10341.68,38758699,10341.68,7.128702409797061
3296,JIOFIN,2024-08-01,10942.91,11416.7,10230.84,10955.37,5610675,10955.37,5.93414222834201
3297,JIOFIN,2024-09-01,10761.62,10878.99,9581.62,10583.85,3920775,10583.85,-3.391213624003575
3298,JIOFIN,2024-10-01,9951.52,10577.38,9144.71,9900.72,26797957,9900.72,-6.454456554089494
3299,JIOFIN,2024-11-01,9791.79,10138.41,8722.3,9879.18,49497164,9879.18,-0.21755993503501658
3300,JIOFIN,2024-12-01,9759.81,11055.34,9841.56,9945.52,30032076,9945.52,0.6715132227573584
3301,JSWENERGY,2020-01-01,4729.89,4903.38,4401.27,4649.17,21998505,4649.17,
3302,JSWENERGY,2020-02-01,4398.03,4768.06,4266.14,4461.05,44834615,4461.05,-4.04631364308038
3303,JSWENERGY,2020-03-01,4395.77,4521.15,4128.82,4409.32,16126845,4409.32,-1.1595924726241713
3304,JSWENERGY,2020-04-01,4317.48,4905.98,3936.97,4387.88,27086522,4387.88,-0.48624277666396987
3305,JSWENERGY,2020-05-01,4490.61,5025.61,4163.62,4510.79,3338844,4510.79,2.801124916816322
3306,JSWENERGY,2020-06-01,3950.64,4124.85,3639.48,4020.2,30942722,4020.2,-10.875921956021006
3307,JSWENERGY,2020-07-01,4592.5,4877.46,4072.71,4617.04,49277415,4617.04,14.846027560817877
3308,JSWENERGY,2020-08-01,4437.31,4883.49,4081.99,4457.19,23803336,4457.19,-3.462174899935899
3309,JSWENERGY,2020-09-01,4794.67,5126.31,4229.65,4720.61,29598634,4720.61,5.910001592931868
3310,JSWENERGY,2020-10-01,4647.33,5092.08,4198.99,4684.51,43404841,4684.51,-0.7647316766265289
3311,JSWENERGY,2020-11-01,5046.93,5681.39,5058.05,5148.26,46489678,5148.26,9.899647988797122
3312,JSWENERGY,2020-12-01,4397.53,4884.52,3893.8,4394.89,13362105,4394.89,-14.63348781918551
3313,JSWENERGY,2021-01-01,5036.78,5401.61,4995.21,5082.72,12103387,5082.72,15.650676126137398
3314,JSWENERGY,2021-02-01,5027.07,5546.17,4434.02,4990.79,30517085,4990.79,-1.8086772436805565
3315,JSWENERGY,2021-03-01,5600.39,5785.78,5475.33,5622.7,7087281,5622.7,12.66152252449011
3316,JSWENERGY,2021-04-01,5798.19,5801.78,5355.62,5697.63,33520315,5697.63,1.3326337880377848
3317,JSWENERGY,2021-05-01,5875.46,6511.93,5458.63,5852.96,28104162,5852.96,2.726221253398342
3318,JSWENERGY,2021-06-01,6514.01,6857.88,6319.28,6499.75,9340279,6499.75,11.050647877313358
3319,JSWENERGY,2021-07-01,6730.73,7484.13,6326.46,6759.32,32193756,6759.32,3.9935382130081853
3320,JSWENERGY,2021-08-01,7047.96,7364.92,6797.3,6938.22,46542129,6938.22,2.6467159418403163
3321,JSWENERGY,2021-09-01,7082.8,7411.41,6707.46,6945.69,28147699,6945.69,0.10766450184629406
3322,JSWENERGY,2021-10-01,7213.74,7649.29,6916.24,7215.44,39650297,7215.44,3.883703418954787
3323,JSWENERGY,2021-11-01,7420.03,7757.63,6556.28,7351.24,19731337,7351.24,1.882075105606873
3324,JSWENERGY,2021-12-01,7816.57,8808.8,7194.56,7926.28,17826252,7926.28,7.822353779770497
3325,JSWENERGY,2022-01-01,7926.44,8707.91,7639.06,8059.11,27719147,8059.11,1.6758176597344576
3326,JSWENERGY,2022-02-01,8292.48,8898.88,7723.35,8162.27,33107690,8162.27,1.280042089014799
3327,JSWENERGY,2022-03-01,8436.25,9530.12,8475.13,8570.33,29106008,8570.33,4.9993445450836616
3328,JSWENERGY,2022-04-01,8842.93,9547.18,8702.14,9002.49,1483493,9002.49,5.042512948742939
3329,JSWENERGY,2022-05-01,9247.55,9759.17,8434.75,9162.44,5370290,9162.44,1.7767306600729338
3330,JSWENERGY,2022-06-01,9142.27,9534.02,8292.45,9120.74,32650728,9120.74,-0.4551189421158619
3331,JSWENERGY,2022-07-01,9832.44,10365.57,9643.82,9968.48,11543015,9968.48,9.294640566445267
3332,JSWENERGY,2022-08-01,9121.89,10154.08,8873.78,9264.1,9213684,9264.1,-7.066072259762768
3333,JSWENERGY,2022-09-01,9617.51,10057.06,9157.15,9614.8,6295593,9614.8,3.785580898306362
3334,JSWENERGY,2022-10-01,10028.64,10159.68,9266.41,10038.61,3834656,10038.61,4.407891999833602
3335,JSWENERGY,2022-11-01,9194.72,9381.7,8501.67,9243.18,37848544,9243.18,-7.923706568937339
3336,JSWENERGY,2022-12-01,8194.95,8898.84,7525.39,8174.06,21219648,8174.06,-11.566582063748621
3337,JSWENERGY,2023-01-01,8290.51,9250.76,8208.71,8301.11,24259795,8301.11,1.5543071619244397
3338,JSWENERGY,2023-02-01,8307.49,8847.59,7703.1,8185.04,31740994,8185.04,-1.3982467404961563
3339,JSWENERGY,2023-03-01,8242.47,8758.45,7846.54,8256.42,22839743,8256.42,0.8720788169636284
3340,JSWENERGY,2023-04-01,9290.93,9280.72,8247.47,9172.55,24476830,9172.55,11.095971377425062
3341,JSWENERGY,2023-05-01,9497.98,9814.14,8349.27,9365.12,47919094,9365.12,2.099416192879855
3342,JSWENERGY,2023-06-01,8619.9,8610.1,8107.53,8452.59,17444237,8452.59,-9.743922128066707
3343,JSWENERGY,2023-07-01,8078.13,8591.57,7785.63,8011.03,9706691,8011.03,-5.223960939782957
3344,JSWENERGY,2023-08-01,7841.84,7843.28,7568.1,7714.03,4145638,7714.03,-3.7073884381908395
3345,JSWENERGY,2023-09-01,6328.2,7176.04,6352.98,6424.02,32543888,6424.02,-16.72290618522354
3346,JSWENERGY,2023-10-01,6304.11,6699.53,5898.17,6286.63,25770876,6286.63,-2.1386919716937403
3347,JSWENERGY,2023-11-01,6010.55,6556.4,5760.59,6111.91,34154275,6111.91,-2.7792314801411977
3348,JSWENERGY,2023-12-01,6369.49,6797.83,5739.12,6300.61,25399449,6300.61,3.087414572531344
3349,JSWENERGY,2024-01-01,6197.59,6569.86,6029.45,6111.32,7922794,6111.32,-3.0043122808743883
3350,JSWENERGY,2024-02-01,6251.0,6854.74,6084.71,6304.49,14169720,6304.49,3.1608555925724646
3351,JSWENERGY,2024-03-01,6345.71,6377.49,5933.07,6271.31,6328401,6271.31,-0.526291579493332
3352,JSWENERGY,2024-04-01,6508.7,7144.1,6454.06,6611.28,39263378,6611.28,5.42103643417402
3353,JSWENERGY,2024-05-01,7059.52,7601.52,7105.17,7199.04,36813448,7199.04,8.89026028242641
3354,JSWENERGY,2024-06-01,7090.88,7775.24,6259.88,7024.98,7112133,7024.98,-2.417822376316847
3355,JSWENERGY,2024-07-01,7092.23,7440.23,6560.72,7141.74,17210177,7141.74,1.6620687888079466
3356,JSWENERGY,2024-08-01,7628.54,7970.16,7280.22,7687.86,45030225,7687.86,7.646875971401923
3357,JSWENERGY,2024-09-01,7843.71,8685.76,7816.83,7956.94,8359434,7956.94,3.5000637368526544
3358,JSWENERGY,2024-10-01,7883.52,8398.63,7440.87,7852.43,24060654,7852.43,-1.3134446156436885
3359,JSWENERGY,2024-11-01,7875.52,8541.06,7319.6,7890.93,34004422,7890.93,0.4902940873080075
3360,JSWENERGY,2024-12-01,7199.13,7681.84,6703.54,7339.13,20604012,7339.13,-6.992838613446073
3361,JSWSTEEL,2020-01-01,515.03,545.43,460.19,519.95,49340102,519.95,
3362,JSWSTEEL,2020-02-01,534.77,552.11,496.44,539.21,36953996,539.21,3.7042023271468327
3363,JSWSTEEL,2020-03-01,487.63,496.6,444.84,485.46,36271038,485.46,-9.968286938298633
3364,JSWSTEEL,2020-04-01,544.16,549.88,482.59,537.42,32072594,537.42,10.703250525274989
3365,JSWSTEEL,2020-05-01,584.04,594.47,528.29,577.84,1111483,577.84,7.521119422425682
3366,JSWSTEEL,2020-06-01,531.0,552.47,508.27,524.11,35447812,524.11,-9.298421708431404
3367,JSWSTEEL,2020-07-01,492.45,560.95,481.59,502.23,41718709,502.23,-4.174696151571233
3368,JSWSTEEL,2020-08-01,490.89,513.55,470.82,489.57,3991343,489.57,-2.520757421898334
3369,JSWSTEEL,2020-09-01,487.79,502.69,442.21,485.24,5681811,485.24,-0.8844496190534512
3370,JSWSTEEL,2020-10-01,488.11,506.67,445.02,488.75,44922106,488.75,0.7233533921358504
3371,JSWSTEEL,2020-11-01,540.2,597.01,474.76,537.82,22467118,537.82,10.039897698209721
3372,JSWSTEEL,2020-12-01,528.99,543.18,501.56,519.77,48576705,519.77,-3.3561414599680317
3373,JSWSTEEL,2021-01-01,501.93,555.22,463.18,497.81,10494056,497.81,-4.224945649037071
3374,JSWSTEEL,2021-02-01,474.05,500.38,437.0,480.54,43974527,480.54,-3.469195074425979
3375,JSWSTEEL,2021-03-01,484.59,519.14,430.81,482.13,23632574,482.13,0.3308777625171677
3376,JSWSTEEL,2021-04-01,475.78,530.58,435.33,480.88,40885581,480.88,-0.25926617302387545
3377,JSWSTEEL,2021-05-01,458.94,475.47,445.69,464.95,10966354,464.95,-3.3126767592746686
3378,JSWSTEEL,2021-06-01,514.12,546.45,495.65,520.71,11776424,520.71,11.99268738574042
3379,JSWSTEEL,2021-07-01,523.94,555.46,475.9,525.43,2777242,525.43,0.9064546484607305
3380,JSWSTEEL,2021-08-01,511.9,572.63,500.56,522.14,43053665,522.14,-0.6261538168737868
3381,JSWSTEEL,2021-09-01,521.84,587.34,476.5,524.9,23629665,524.9,0.5285938637147103
3382,JSWSTEEL,2021-10-01,547.99,563.82,522.72,537.41,37346305,537.41,2.383311106877506
3383,JSWSTEEL,2021-11-01,523.18,529.35,513.63,519.01,27621379,519.01,-3.4238291062689497
3384,JSWSTEEL,2021-12-01,587.19,627.71,559.57,595.13,47134628,595.13,14.66638407737808
3385,JSWSTEEL,2022-01-01,568.35,628.62,508.12,572.96,4173419,572.96,-3.7252365029489254
3386,JSWSTEEL,2022-02-01,572.83,599.98,520.17,562.54,2336333,562.54,-1.8186260820999833
3387,JSWSTEEL,2022-03-01,584.62,607.7,533.04,586.51,24608543,586.51,4.261030326732329
3388,JSWSTEEL,2022-04-01,652.77,676.02,628.53,648.75,24124999,648.75,10.611924775366145
3389,JSWSTEEL,2022-05-01,668.07,690.69,619.92,660.96,39063209,660.96,1.8820809248554893
3390,JSWSTEEL,2022-06-01,616.59,643.55,586.74,613.51,47070368,613.51,-7.178951827644642
3391,JSWSTEEL,2022-07-01,633.0,649.62,620.62,635.93,25881358,635.93,3.6543821616599415
3392,JSWSTEEL,2022-08-01,597.6,619.18,561.68,609.27,45170012,609.27,-4.192285314421396
3393,JSWSTEEL,2022-09-01,642.34,677.66,596.39,643.29,28970146,643.29,5.583731350632726
3394,JSWSTEEL,2022-10-01,658.9,666.49,571.55,647.99,30529601,647.99,0.7306191608761337
3395,JSWSTEEL,2022-11-01,657.3,680.25,627.31,647.41,13536089,647.41,-0.08950755412893141
3396,JSWSTEEL,2022-12-01,648.36,654.61,633.64,644.27,28081279,644.27,-0.4850094993898768
3397,JSWSTEEL,2023-01-01,708.75,718.65,618.76,698.86,19836295,698.86,8.47315566455058
3398,JSWSTEEL,2023-02-01,671.26,744.74,638.34,681.34,28649673,681.34,-2.506939873508285
3399,JSWSTEEL,2023-03-01,716.77,764.11,657.54,706.06,48226517,706.06,3.6281445387031264
3400,JSWSTEEL,2023-04-01,737.37,794.62,677.0,735.15,30939311,735.15,4.120046454975501
3401,JSWSTEEL,2023-05-01,666.09,709.28,634.21,672.45,21463928,672.45,-8.528871658845127
3402,JSWSTEEL,2023-06-01,640.73,704.48,604.48,644.12,3476990,644.12,-4.212952635883715
3403,JSWSTEEL,2023-07-01,674.82,692.78,651.46,662.59,3922485,662.59,2.8674781096690083
3404,JSWSTEEL,2023-08-01,684.01,713.36,606.03,687.89,21747021,687.89,3.8183492053909696
3405,JSWSTEEL,2023-09-01,742.79,830.74,696.23,753.39,21549302,753.39,9.521871229411683
3406,JSWSTEEL,2023-10-01,776.57,781.1,731.32,769.38,3315437,769.38,2.1224067216182974
3407,JSWSTEEL,2023-11-01,721.01,761.88,641.32,712.47,21992986,712.47,-7.396865008188403
3408,JSWSTEEL,2023-12-01,718.24,771.59,651.97,727.36,36219051,727.36,2.0899125577217292
3409,JSWSTEEL,2024-01-01,714.57,771.8,708.99,728.17,35459315,728.17,0.11136163660359077
3410,JSWSTEEL,2024-02-01,811.62,844.65,790.55,810.15,1014475,810.15,11.25835999835203
3411,JSWSTEEL,2024-03-01,866.52,935.64,821.14,855.51,34632331,855.51,5.598963154971304
3412,JSWSTEEL,2024-04-01,945.75,1013.6,866.61,937.62,23648264,937.62,9.59778377809728
3413,JSWSTEEL,2024-05-01,914.25,970.26,909.83,926.15,28967738,926.15,-1.223310082976048
3414,JSWSTEEL,2024-06-01,978.97,1049.91,958.76,969.44,41190332,969.44,4.674188846299199
3415,JSWSTEEL,2024-07-01,981.94,1067.25,977.28,999.45,16558408,999.45,3.0956015844198603
3416,JSWSTEEL,2024-08-01,1011.35,1055.12,903.48,993.19,35789941,993.19,-0.6263444894692105
3417,JSWSTEEL,2024-09-01,1052.95,1106.62,1007.47,1044.14,42167867,1044.14,5.129934856371898
3418,JSWSTEEL,2024-10-01,1065.25,1146.72,1020.84,1075.87,35055299,1075.87,3.038864520083484
3419,JSWSTEEL,2024-11-01,1225.49,1317.0,1150.15,1207.07,27401043,1207.07,12.194781897441143
3420,JSWSTEEL,2024-12-01,1204.1,1266.79,1060.32,1195.78,42243363,1195.78,-0.9353227236200023
3421,KOTAKBANK,2020-01-01,1057.79,1156.41,1006.58,1050.76,6649984,1050.76,
3422,KOTAKBANK,2020-02-01,1034.94,1149.13,961.39,1037.31,20734491,1037.31,-1.28002588602536
3423,KOTAKBANK,2020-03-01,1159.87,1178.41,1088.38,1141.55,32521669,1141.55,10.049069227135575
3424,KOTAKBANK,2020-04-01,1205.51,1308.44,1168.07,1187.99,43454790,1187.99,4.068152949936499
3425,KOTAKBANK,2020-05-01,1085.54,1104.57,1037.53,1086.94,16477267,1086.94,-8.5059638549146
3426,KOTAKBANK,2020-06-01,1188.34,1291.89,1167.23,1190.7,41289302,1190.7,9.546065100189516
3427,KOTAKBANK,2020-07-01,1107.0,1159.99,984.77,1103.74,48558164,1103.74,-7.303266985806667
3428,KOTAKBANK,2020-08-01,1076.67,1101.12,987.95,1075.25,27397253,1075.25,-2.5812238389475772
3429,KOTAKBANK,2020-09-01,1100.63,1122.8,968.85,1095.25,19043360,1095.25,1.8600325505696347
3430,KOTAKBANK,2020-10-01,1042.08,1080.03,966.11,1056.47,20946257,1056.47,-3.5407441223464953
3431,KOTAKBANK,2020-11-01,995.87,1027.56,948.67,1012.26,12470058,1012.26,-4.18469052599696
3432,KOTAKBANK,2020-12-01,1036.07,1081.09,1003.37,1023.15,36237203,1023.15,1.0758105625036984
3433,KOTAKBANK,2021-01-01,1089.62,1122.1,961.6,1068.47,34364327,1068.47,4.429458046229784
3434,KOTAKBANK,2021-02-01,1164.94,1239.86,1120.94,1168.12,24805113,1168.12,9.326420021151737
3435,KOTAKBANK,2021-03-01,1207.48,1249.15,1144.5,1189.26,43726174,1189.26,1.8097455740848645
3436,KOTAKBANK,2021-04-01,1006.67,1049.96,992.65,1014.41,17143406,1014.41,-14.702419992264105
3437,KOTAKBANK,2021-05-01,960.94,982.95,891.29,967.64,36101133,967.64,-4.610561804398616
3438,KOTAKBANK,2021-06-01,1056.87,1122.8,991.05,1040.35,36713426,1040.35,7.514158157992634
3439,KOTAKBANK,2021-07-01,955.87,1018.8,904.21,974.85,35723184,974.85,-6.2959580910270425
3440,KOTAKBANK,2021-08-01,979.22,1013.63,937.02,970.22,33575799,970.22,-0.4749448633122988
3441,KOTAKBANK,2021-09-01,1015.13,1098.42,939.81,1012.33,49181556,1012.33,4.3402527261858115
3442,KOTAKBANK,2021-10-01,1077.69,1093.91,966.65,1059.68,34708766,1059.68,4.677328539112735
3443,KOTAKBANK,2021-11-01,1004.08,1104.37,934.7,1020.09,43870219,1020.09,-3.7360335195530725
3444,KOTAKBANK,2021-12-01,927.66,955.61,850.79,942.25,14375780,942.25,-7.630699252026785
3445,KOTAKBANK,2022-01-01,1036.18,1069.64,936.96,1033.67,28777989,1033.67,9.70230830459009
3446,KOTAKBANK,2022-02-01,972.43,1066.55,938.71,974.41,33567319,974.41,-5.732970870780818
3447,KOTAKBANK,2022-03-01,992.63,1118.7,969.94,999.81,2311059,999.81,2.6067055962069263
3448,KOTAKBANK,2022-04-01,1073.12,1138.33,1017.86,1060.98,27561791,1060.98,6.118162450865672
3449,KOTAKBANK,2022-05-01,1010.51,1033.8,959.65,1017.58,34461116,1017.58,-4.090557786197668
3450,KOTAKBANK,2022-06-01,1000.15,1069.03,878.78,992.14,5054737,992.14,-2.5000491361858557
3451,KOTAKBANK,2022-07-01,1087.83,1198.89,1059.9,1088.43,8691165,1088.43,9.705283528534281
3452,KOTAKBANK,2022-08-01,1015.2,1119.48,990.58,1026.36,39255331,1026.36,-5.702709407127715
3453,KOTAKBANK,2022-09-01,1068.9,1156.69,969.75,1059.71,5324787,1059.71,3.249347207607478
3454,KOTAKBANK,2022-10-01,981.56,1031.37,888.31,988.88,7471404,988.88,-6.683904086967196
3455,KOTAKBANK,2022-11-01,901.15,906.42,797.52,895.43,14596112,895.43,-9.45008494458378
3456,KOTAKBANK,2022-12-01,954.49,985.75,909.31,965.63,6082304,965.63,7.839808806941928
3457,KOTAKBANK,2023-01-01,943.14,1046.89,846.78,950.5,7322173,950.5,-1.5668527282706624
3458,KOTAKBANK,2023-02-01,1065.71,1175.47,981.45,1074.23,20480093,1074.23,13.017359284587071
3459,KOTAKBANK,2023-03-01,1184.95,1275.33,1103.49,1178.23,4574945,1178.23,9.681353155283311
3460,KOTAKBANK,2023-04-01,1220.89,1239.96,1117.41,1207.26,31492745,1207.26,2.4638652894596103
3461,KOTAKBANK,2023-05-01,1312.2,1335.11,1194.21,1300.78,2241322,1300.78,7.746467206732599
3462,KOTAKBANK,2023-06-01,1407.08,1570.12,1280.36,1408.45,4476065,1408.45,8.277341287535167
3463,KOTAKBANK,2023-07-01,1415.31,1458.23,1418.05,1436.48,41449630,1436.48,1.9901309950654866
3464,KOTAKBANK,2023-08-01,1546.0,1720.91,1439.37,1548.42,18657709,1548.42,7.792659835152604
3465,KOTAKBANK,2023-09-01,1623.44,1634.2,1584.07,1607.65,7474428,1607.65,3.825189548055441
3466,KOTAKBANK,2023-10-01,1744.47,1856.49,1548.19,1719.01,8619530,1719.01,6.926880850931472
3467,KOTAKBANK,2023-11-01,1907.8,2050.1,1847.22,1924.17,24014194,1924.17,11.934776412004599
3468,KOTAKBANK,2023-12-01,1813.08,1925.76,1787.33,1834.1,23454931,1834.1,-4.680979331348068
3469,KOTAKBANK,2024-01-01,1739.76,1821.56,1681.05,1758.11,39010076,1758.11,-4.143176489831523
3470,KOTAKBANK,2024-02-01,1803.58,1897.51,1670.01,1827.58,29941116,1827.58,3.951402358214229
3471,KOTAKBANK,2024-03-01,1874.64,2059.65,1757.76,1879.75,18255252,1879.75,2.854594600509963
3472,KOTAKBANK,2024-04-01,1800.13,1917.43,1795.17,1821.4,38427686,1821.4,-3.1041361883229146
3473,KOTAKBANK,2024-05-01,1952.0,2080.87,1799.03,1931.33,40525319,1931.33,6.035467223015245
3474,KOTAKBANK,2024-06-01,1713.63,1805.87,1650.66,1694.75,37579367,1694.75,-12.249589661010807
3475,KOTAKBANK,2024-07-01,1775.53,1934.23,1734.57,1766.51,3250195,1766.51,4.234252839651864
3476,KOTAKBANK,2024-08-01,1724.01,1795.38,1637.04,1750.04,7871771,1750.04,-0.9323468307566918
3477,KOTAKBANK,2024-09-01,1672.4,1761.19,1513.69,1684.52,47090572,1684.52,-3.743914424813144
3478,KOTAKBANK,2024-10-01,1686.9,1751.01,1626.64,1672.83,32423012,1672.83,-0.6939662337045571
3479,KOTAKBANK,2024-11-01,1746.35,1797.18,1720.66,1740.16,41564713,1740.16,4.024915861145484
3480,KOTAKBANK,2024-12-01,1753.6,1920.57,1687.35,1773.6,3013971,1773.6,1.9216623758734785
3481,LICI,2020-01-01,271.89,291.61,267.26,277.29,26273495,277.29,
3482,LICI,2020-02-01,294.58,315.62,277.88,289.3,8340920,289.3,4.331205597028376
3483,LICI,2020-03-01,286.49,294.7,272.73,288.18,18835010,288.18,-0.38714137573453433
3484,LICI,2020-04-01,265.74,291.74,233.46,264.98,39917543,264.98,-8.050523978069258
3485,LICI,2020-05-01,271.91,272.57,237.55,268.25,44169334,268.25,1.2340554004075743
3486,LICI,2020-06-01,279.46,287.52,260.06,274.33,24530608,274.33,2.2665424044734372
3487,LICI,2020-07-01,281.64,311.59,282.36,286.39,28605965,286.39,4.396165202493352
3488,LICI,2020-08-01,279.76,302.22,268.46,280.95,11094019,280.95,-1.8995076643737563
3489,LICI,2020-09-01,257.96,268.49,228.5,255.41,47043261,255.41,-9.090585513436555
3490,LICI,2020-10-01,272.67,280.95,268.18,278.13,37015770,278.13,8.895501350769353
3491,LICI,2020-11-01,298.76,321.07,292.53,302.96,21330370,302.96,8.927479955416517
3492,LICI,2020-12-01,272.7,309.13,250.82,276.65,35912846,276.65,-8.68431476102456
3493,LICI,2021-01-01,269.29,277.03,249.72,268.66,7942424,268.66,-2.888125790710272
3494,LICI,2021-02-01,237.5,260.5,213.32,240.53,43569492,240.53,-10.470483138539421
3495,LICI,2021-03-01,255.84,268.31,236.31,252.75,6494933,252.75,5.080447345445482
3496,LICI,2021-04-01,240.67,256.23,212.73,237.72,18762568,237.72,-5.946587537091985
3497,LICI,2021-05-01,229.73,238.18,205.48,226.62,25921531,226.62,-4.669358909641597
3498,LICI,2021-06-01,231.84,244.53,214.41,231.13,45277010,231.13,1.9901156120377683
3499,LICI,2021-07-01,215.15,227.23,199.06,211.01,19902888,211.01,-8.705057759702338
3500,LICI,2021-08-01,218.48,242.23,210.6,218.81,26913544,218.81,3.6965072745367644
3501,LICI,2021-09-01,210.44,233.75,198.49,213.45,44125248,213.45,-2.4496138202093176
3502,LICI,2021-10-01,206.8,217.05,193.68,203.63,25890737,203.63,-4.600609041930193
3503,LICI,2021-11-01,195.07,210.48,178.43,192.98,31417575,192.98,-5.230074154103037
3504,LICI,2021-12-01,211.26,226.92,199.15,212.01,4502892,212.01,9.861125505233703
3505,LICI,2022-01-01,189.47,211.19,186.56,190.42,41113677,190.42,-10.183481911230608
3506,LICI,2022-02-01,216.6,237.34,201.29,217.97,11706420,217.97,14.468018065329268
3507,LICI,2022-03-01,220.92,230.61,214.18,217.42,15739188,217.42,-0.2523283020599232
3508,LICI,2022-04-01,214.12,220.14,191.61,212.66,25997873,212.66,-2.1893110109465486
3509,LICI,2022-05-01,192.46,206.22,177.39,189.47,8101919,189.47,-10.9047305558168
3510,LICI,2022-06-01,188.89,193.28,178.11,185.45,39017797,185.45,-2.1217079220984925
3511,LICI,2022-07-01,213.68,224.25,204.49,214.22,23222835,214.22,15.513615529792402
3512,LICI,2022-08-01,219.0,238.44,191.24,215.96,44109925,215.96,0.8122490897208623
3513,LICI,2022-09-01,176.64,184.77,174.13,176.0,5647349,176.0,-18.503426560474168
3514,LICI,2022-10-01,201.22,217.07,196.62,200.07,39032154,200.07,13.67613636363636
3515,LICI,2022-11-01,200.63,203.6,194.01,198.59,37506095,198.59,-0.7397410906182733
3516,LICI,2022-12-01,188.79,205.63,177.88,190.09,7583555,190.09,-4.280175235409633
3517,LICI,2023-01-01,196.44,202.19,188.34,196.76,34643543,196.76,3.508864222210528
3518,LICI,2023-02-01,192.29,195.5,174.47,190.76,16072646,190.76,-3.0494002846106927
3519,LICI,2023-03-01,182.44,201.2,176.15,184.73,37431227,184.73,-3.1610400503250147
3520,LICI,2023-04-01,195.24,198.25,174.84,192.97,18356997,192.97,4.460564066475392
3521,LICI,2023-05-01,196.37,201.38,174.6,198.12,34987027,198.12,2.668808623102037
3522,LICI,2023-06-01,203.11,211.39,189.87,201.95,5210414,201.95,1.9331718150615629
3523,LICI,2023-07-01,217.53,239.37,195.28,217.27,46550567,217.27,7.586036147561281
3524,LICI,2023-08-01,199.83,222.97,181.11,200.6,30267676,200.6,-7.672481244534457
3525,LICI,2023-09-01,206.58,222.38,204.83,208.92,18918141,208.92,4.1475573280159495
3526,LICI,2023-10-01,227.94,245.59,216.34,228.06,22010821,228.06,9.161401493394617
3527,LICI,2023-11-01,225.64,254.11,218.31,227.43,45760751,227.43,-0.2762430939226457
3528,LICI,2023-12-01,226.23,246.46,216.42,225.78,14805030,225.78,-0.7254979554148555
3529,LICI,2024-01-01,226.12,245.97,217.07,223.41,42544967,223.41,-1.0496943927717273
3530,LICI,2024-02-01,256.43,272.87,236.51,256.53,41585676,256.53,14.824761648986161
3531,LICI,2024-03-01,257.34,266.48,248.42,259.83,16862471,259.83,1.2863992515495415
3532,LICI,2024-04-01,237.93,264.04,228.58,236.76,39374768,236.76,-8.878882346149409
3533,LICI,2024-05-01,250.35,264.65,242.48,245.99,9660587,245.99,3.8984625781382176
3534,LICI,2024-06-01,258.19,271.74,241.83,257.78,6224692,257.78,4.792877759258496
3535,LICI,2024-07-01,283.32,287.75,260.43,278.34,48304003,278.34,7.975793312126611
3536,LICI,2024-08-01,281.14,302.41,269.68,278.67,8903692,278.67,0.11856003449020047
3537,LICI,2024-09-01,264.67,274.54,239.5,268.52,36245411,268.52,-3.6423009294147324
3538,LICI,2024-10-01,277.07,291.69,252.62,274.8,27570156,274.8,2.338745717265023
3539,LICI,2024-11-01,278.41,297.42,258.93,280.3,43109306,280.3,2.001455604075697
3540,LICI,2024-12-01,320.89,328.69,304.39,316.49,18052196,316.49,12.911166607206571
3541,LODHA,2020-01-01,1820.47,1824.59,1658.22,1797.7,17227185,1797.7,
3542,LODHA,2020-02-01,1717.9,1902.63,1586.18,1704.29,41259330,1704.29,-5.1960838849641195
3543,LODHA,2020-03-01,1772.33,1863.02,1536.92,1742.92,12640516,1742.92,2.266633026069509
3544,LODHA,2020-04-01,1737.66,1908.65,1661.46,1716.61,49090802,1716.61,-1.5095357216625027
3545,LODHA,2020-05-01,1765.49,1914.94,1692.04,1735.76,30848472,1735.76,1.115570805249888
3546,LODHA,2020-06-01,1580.89,1698.79,1559.68,1595.1,22757856,1595.1,-8.10365488316358
3547,LODHA,2020-07-01,1623.44,1695.99,1458.47,1591.92,33175596,1591.92,-0.19936054165882178
3548,LODHA,2020-08-01,1669.68,1700.29,1643.51,1678.79,295910,1678.79,5.456932509171297
3549,LODHA,2020-09-01,1721.72,1774.52,1644.03,1747.32,14816814,1747.32,4.082106755460768
3550,LODHA,2020-10-01,1680.19,1856.34,1532.54,1695.45,11261393,1695.45,-2.9685461163381555
3551,LODHA,2020-11-01,1879.53,1914.83,1715.52,1892.25,21605445,1892.25,11.607537821817203
3552,LODHA,2020-12-01,2007.16,2236.94,1952.87,2020.25,31331921,2020.25,6.764433875016507
3553,LODHA,2021-01-01,2146.62,2301.94,2068.32,2140.48,37480337,2140.48,5.9512436579631345
3554,LODHA,2021-02-01,2248.63,2322.38,2139.35,2223.77,10419138,2223.77,3.891183285991917
3555,LODHA,2021-03-01,2335.8,2456.75,2084.66,2313.28,5076207,2313.28,4.025146485472875
3556,LODHA,2021-04-01,2444.36,2660.81,2286.26,2402.56,7293587,2402.56,3.8594549730253114
3557,LODHA,2021-05-01,2467.5,2604.89,2338.6,2422.18,36845850,2422.18,0.816628929142249
3558,LODHA,2021-06-01,2517.72,2535.16,2339.92,2479.04,34627377,2479.04,2.347472111899207
3559,LODHA,2021-07-01,2729.08,2848.38,2496.59,2694.78,12742083,2694.78,8.702562282173766
3560,LODHA,2021-08-01,2763.75,3052.56,2478.75,2729.31,2900966,2729.31,1.2813661968694934
3561,LODHA,2021-09-01,2781.23,2934.88,2510.85,2828.12,24672868,2828.12,3.6203289476094636
3562,LODHA,2021-10-01,2830.48,2987.36,2570.55,2875.79,11284195,2875.79,1.6855720407903618
3563,LODHA,2021-11-01,3103.96,3322.56,2904.31,3063.67,35307603,3063.67,6.533161322627867
3564,LODHA,2021-12-01,3074.79,3397.58,2919.04,3070.44,44511363,3070.44,0.22097680233184036
3565,LODHA,2022-01-01,3201.11,3437.87,3148.95,3214.28,2104373,3214.28,4.684670600956209
3566,LODHA,2022-02-01,3234.71,3540.03,2883.03,3177.03,47082658,3177.03,-1.1588909491394683
3567,LODHA,2022-03-01,3257.31,3503.45,3161.57,3240.45,38817264,3240.45,1.9962040018507654
3568,LODHA,2022-04-01,3405.21,3875.81,3312.06,3466.59,48776551,3466.59,6.978660371244749
3569,LODHA,2022-05-01,3536.15,3651.67,3352.43,3470.06,8114639,3470.06,0.10009836756004198
3570,LODHA,2022-06-01,3282.92,3418.67,3034.23,3272.53,13809777,3272.53,-5.692408776793478
3571,LODHA,2022-07-01,3150.04,3271.33,3054.45,3157.94,4755728,3157.94,-3.5015721781007425
3572,LODHA,2022-08-01,3246.85,3342.36,3030.79,3300.98,34979171,3300.98,4.529535076663893
3573,LODHA,2022-09-01,3212.92,3268.78,2991.83,3234.63,31527518,3234.63,-2.010009148798231
3574,LODHA,2022-10-01,3249.75,3548.1,3087.02,3219.58,17573060,3219.58,-0.46527732692766
3575,LODHA,2022-11-01,3203.83,3388.7,2990.45,3182.54,15101282,3182.54,-1.150460619086957
3576,LODHA,2022-12-01,2849.92,3083.48,2691.55,2852.54,5776709,2852.54,-10.369076272411348
3577,LODHA,2023-01-01,2850.32,3175.63,2665.47,2857.31,797641,2857.31,0.16721939043800038
3578,LODHA,2023-02-01,2479.07,2755.23,2418.51,2504.13,25718164,2504.13,-12.360576906250975
3579,LODHA,2023-03-01,2894.19,3242.56,2752.91,2895.18,34743820,2895.18,15.616202034239436
3580,LODHA,2023-04-01,2745.5,2824.12,2609.91,2692.22,24797122,2692.22,-7.010272245594407
3581,LODHA,2023-05-01,2583.1,2819.38,2299.84,2598.31,12600029,2598.31,-3.4881993299210268
3582,LODHA,2023-06-01,2624.93,2851.37,2441.23,2612.71,1529431,2612.71,0.5542063879983461
3583,LODHA,2023-07-01,2785.83,2936.13,2641.22,2757.05,11021537,2757.05,5.524531999341686
3584,LODHA,2023-08-01,2752.64,3004.78,2701.75,2758.43,1787699,2758.43,0.05005349921110014
3585,LODHA,2023-09-01,2732.46,2828.29,2636.56,2680.42,21853131,2680.42,-2.8280579895085145
3586,LODHA,2023-10-01,2752.69,2797.37,2639.67,2752.63,29092710,2752.63,2.6939807940546734
3587,LODHA,2023-11-01,2867.22,2940.62,2772.69,2831.63,21521816,2831.63,2.8699825258025946
3588,LODHA,2023-12-01,2926.94,3126.29,2891.19,2969.58,31867793,2969.58,4.871752312272437
3589,LODHA,2024-01-01,2770.15,2957.46,2518.65,2802.45,1198604,2802.45,-5.628068615763848
3590,LODHA,2024-02-01,2891.07,3122.06,2724.78,2920.54,25124705,2920.54,4.21381291370051
3591,LODHA,2024-03-01,3176.94,3305.63,3077.42,3150.09,32236758,3150.09,7.859847836359046
3592,LODHA,2024-04-01,3421.04,3514.29,2972.41,3377.48,43282243,3377.48,7.218523915189712
3593,LODHA,2024-05-01,3301.46,3626.84,3187.98,3349.66,43031481,3349.66,-0.823691035920282
3594,LODHA,2024-06-01,3138.26,3383.69,2850.52,3200.34,19540802,3200.34,-4.457765862803975
3595,LODHA,2024-07-01,3213.46,3580.44,2876.7,3244.69,11450159,3244.69,1.3857902597848915
3596,LODHA,2024-08-01,3420.58,3643.32,3351.79,3461.47,19389237,3461.47,6.681069686164154
3597,LODHA,2024-09-01,3378.57,3735.6,3273.47,3427.54,6854586,3427.54,-0.9802193865611986
3598,LODHA,2024-10-01,3717.67,4133.61,3627.83,3781.59,18963735,3781.59,10.329565811048159
3599,LODHA,2024-11-01,3657.27,3671.98,3517.9,3594.8,29314954,3594.8,-4.939456683564325
3600,LODHA,2024-12-01,3602.32,3757.59,3422.16,3585.35,10314114,3585.35,-0.26287971514410424
3601,LT,2020-01-01,1996.88,2229.32,1837.89,2004.85,16456524,2004.85,
3602,LT,2020-02-01,2073.82,2299.27,1991.85,2113.95,46275209,2113.95,5.441803626206454
3603,LT,2020-03-01,1979.59,2068.67,1880.48,2008.75,25302682,2008.75,-4.97646585775443
3604,LT,2020-04-01,2160.27,2246.24,2012.71,2176.15,20499689,2176.15,8.333540759178604
3605,LT,2020-05-01,2260.22,2410.19,1973.27,2223.21,5974138,2223.21,2.1625347517404636
3606,LT,2020-06-01,2239.92,2422.6,2183.43,2244.59,44923655,2244.59,0.9616725365575007
3607,LT,2020-07-01,2135.0,2198.36,1986.07,2137.77,17074530,2137.77,-4.758998302585338
3608,LT,2020-08-01,2096.88,2252.17,2025.68,2130.3,46865758,2130.3,-0.34942954574158636
3609,LT,2020-09-01,2367.09,2433.67,2286.47,2354.33,46199946,2354.33,10.51635919823497
3610,LT,2020-10-01,2407.17,2434.85,2331.98,2383.26,39645137,2383.26,1.2287997009765128
3611,LT,2020-11-01,2364.6,2527.43,2140.52,2354.42,33101275,2354.42,-1.2101071641365202
3612,LT,2020-12-01,2278.79,2360.69,2199.59,2310.11,46205350,2310.11,-1.8819921679224638
3613,LT,2021-01-01,2058.45,2225.03,1912.45,2097.98,17771118,2097.98,-9.18267961265914
3614,LT,2021-02-01,2239.62,2515.53,2134.72,2250.08,25085208,2250.08,7.249830789616674
3615,LT,2021-03-01,1946.35,2069.35,1835.61,1971.58,13871553,1971.58,-12.37733769465975
3616,LT,2021-04-01,2039.08,2225.92,2021.19,2077.91,7726126,2077.91,5.393136469227722
3617,LT,2021-05-01,2124.19,2381.96,1989.54,2141.64,49165702,2141.64,3.0670240770774404
3618,LT,2021-06-01,2326.54,2399.17,2199.52,2314.84,18969883,2314.84,8.08726023047759
3619,LT,2021-07-01,2503.19,2564.83,2183.37,2465.4,45615581,2465.4,6.504121235160953
3620,LT,2021-08-01,2270.99,2530.24,2172.34,2265.64,34167786,2265.64,-8.102539141721433
3621,LT,2021-09-01,2297.56,2353.88,2209.45,2259.35,8731179,2259.35,-0.27762574813298135
3622,LT,2021-10-01,2226.43,2398.89,2154.41,2247.19,5601199,2247.19,-0.5382078916502442
3623,LT,2021-11-01,2140.04,2195.75,1941.61,2143.87,32152111,2143.87,-4.597742068983934
3624,LT,2021-12-01,2108.25,2232.38,1862.47,2084.56,40125610,2084.56,-2.766492371272511
3625,LT,2022-01-01,2131.81,2134.93,2029.11,2098.07,36889757,2098.07,0.6480983996622891
3626,LT,2022-02-01,2077.99,2163.96,1942.94,2088.75,9305945,2088.75,-0.4442177811035952
3627,LT,2022-03-01,2007.53,2205.61,1903.99,2026.03,41465054,2026.03,-3.002752842609213
3628,LT,2022-04-01,2073.12,2274.56,2029.53,2050.33,45972992,2050.33,1.1993899399317831
3629,LT,2022-05-01,2149.41,2173.66,2012.48,2108.47,35666374,2108.47,2.835641091921781
3630,LT,2022-06-01,2337.49,2453.01,2086.75,2293.51,34215258,2293.51,8.776031909394044
3631,LT,2022-07-01,2229.09,2399.9,2016.49,2243.72,1208809,2243.72,-2.170908345723388
3632,LT,2022-08-01,2156.57,2358.68,1888.29,2134.19,21503560,2134.19,-4.8816251582193715
3633,LT,2022-09-01,2208.76,2262.12,2146.45,2231.11,32173027,2231.11,4.541301383663132
3634,LT,2022-10-01,2227.0,2387.12,2002.89,2239.74,43592697,2239.74,0.3868029814755758
3635,LT,2022-11-01,2159.11,2189.21,2096.86,2119.93,37679011,2119.93,-5.349281613044365
3636,LT,2022-12-01,2190.38,2284.06,1967.61,2190.85,25203116,2190.85,3.345393479973402
3637,LT,2023-01-01,2290.95,2398.92,2057.76,2285.13,16665971,2285.13,4.303352580048858
3638,LT,2023-02-01,2170.96,2400.83,2055.2,2202.77,26327189,2202.77,-3.604171316292737
3639,LT,2023-03-01,2472.11,2816.44,2489.76,2516.0,42894800,2516.0,14.219823222578842
3640,LT,2023-04-01,2626.81,2939.43,2497.89,2636.59,40064249,2636.59,4.792925278219395
3641,LT,2023-05-01,2551.74,2667.79,2389.93,2599.79,42895113,2599.79,-1.3957422276501208
3642,LT,2023-06-01,2366.3,2381.89,2073.69,2320.18,20213469,2320.18,-10.755099450340222
3643,LT,2023-07-01,2327.43,2559.21,2251.3,2304.23,1708794,2304.23,-0.6874466636209164
3644,LT,2023-08-01,2336.5,2479.59,2210.0,2291.46,24775672,2291.46,-0.5541981486223202
3645,LT,2023-09-01,2160.8,2410.29,2042.14,2168.79,2351038,2168.79,-5.3533555026053286
3646,LT,2023-10-01,1916.99,2013.07,1880.34,1906.65,29999934,1906.65,-12.086924045204928
3647,LT,2023-11-01,2054.38,2198.03,1844.33,2035.48,43714891,2035.48,6.756877245430459
3648,LT,2023-12-01,2176.66,2345.18,2126.08,2148.38,40146074,2148.38,5.546603258199534
3649,LT,2024-01-01,2540.26,2634.39,2448.35,2518.01,38144739,2518.01,17.20505683352107
3650,LT,2024-02-01,2536.89,2834.69,2300.11,2531.68,36799316,2531.68,0.5428890274462583
3651,LT,2024-03-01,2427.07,2685.65,2290.64,2422.68,41264198,2422.68,-4.305441445996339
3652,LT,2024-04-01,2421.03,2457.34,2179.17,2376.08,19138788,2376.08,-1.9234896891046294
3653,LT,2024-05-01,2521.36,2609.81,2187.13,2477.23,11294924,2477.23,4.257011548432721
3654,LT,2024-06-01,2476.59,2526.69,2348.21,2497.93,3872519,2497.93,0.8356107426439996
3655,LT,2024-07-01,2666.02,2878.57,2616.34,2651.31,25542894,2651.31,6.140284155280584
3656,LT,2024-08-01,2724.34,2907.48,2527.93,2708.68,42313372,2708.68,2.1638359905103544
3657,LT,2024-09-01,2841.44,2919.83,2694.7,2832.0,10062436,2832.0,4.552771091454155
3658,LT,2024-10-01,2917.68,3216.88,2935.62,2966.18,1624044,2966.18,4.737994350282482
3659,LT,2024-11-01,3011.88,3262.4,2884.31,2964.81,36875281,2964.81,-0.04618735208247182
3660,LT,2024-12-01,2905.74,2995.8,2549.32,2865.38,3001836,2865.38,-3.3536719047763563
3661,LTIM,2020-01-01,1458.15,1554.34,1367.98,1484.05,47909865,1484.05,
3662,LTIM,2020-02-01,1609.44,1745.57,1456.98,1593.97,2048825,1593.97,7.406758532394475
3663,LTIM,2020-03-01,1731.7,1877.72,1620.51,1726.1,38890919,1726.1,8.289365546403005
3664,LTIM,2020-04-01,1615.48,1716.02,1582.93,1647.59,29498076,1647.59,-4.548403916343203
3665,LTIM,2020-05-01,1674.88,1851.09,1636.02,1674.36,22303836,1674.36,1.6247974313998048
3666,LTIM,2020-06-01,1803.71,1882.54,1657.34,1783.16,44767843,1783.16,6.498005207960067
3667,LTIM,2020-07-01,1851.01,2050.23,1731.51,1831.3,39314994,1831.3,2.6997016532448015
3668,LTIM,2020-08-01,1744.24,1828.9,1606.28,1744.24,36231413,1744.24,-4.753999890787963
3669,LTIM,2020-09-01,1923.42,2124.87,1764.75,1939.57,7425008,1939.57,11.19857359079026
3670,LTIM,2020-10-01,1988.37,2157.81,1857.78,2024.53,28461301,2024.53,4.380352346138583
3671,LTIM,2020-11-01,1794.01,1886.96,1635.67,1765.47,14282869,1765.47,-12.796056368638641
3672,LTIM,2020-12-01,1803.9,1855.73,1719.98,1801.12,46239771,1801.12,2.019292313095078
3673,LTIM,2021-01-01,1494.82,1500.91,1378.96,1484.74,18514584,1484.74,-17.565736874833426
3674,LTIM,2021-02-01,1456.48,1625.01,1298.35,1459.74,16441071,1459.74,-1.683796489621081
3675,LTIM,2021-03-01,1631.35,1701.05,1418.62,1606.62,35534194,1606.62,10.06206584734266
3676,LTIM,2021-04-01,1581.08,1705.32,1509.28,1598.94,8230528,1598.94,-0.4780221832169307
3677,LTIM,2021-05-01,1562.5,1754.06,1478.51,1577.25,9685672,1577.25,-1.35652369694923
3678,LTIM,2021-06-01,1444.66,1526.7,1376.26,1450.9,22057654,1450.9,-8.010778253288942
3679,LTIM,2021-07-01,1309.56,1356.18,1175.13,1331.31,12637832,1331.31,-8.242470190915995
3680,LTIM,2021-08-01,1381.57,1440.11,1327.36,1375.47,35843087,1375.47,3.317033598485719
3681,LTIM,2021-09-01,1346.5,1496.73,1248.78,1351.62,20104576,1351.62,-1.7339527579663727
3682,LTIM,2021-10-01,1415.84,1454.53,1406.82,1424.91,7011488,1424.91,5.422382030452355
3683,LTIM,2021-11-01,1415.44,1432.29,1234.47,1394.98,14690984,1394.98,-2.1004835393112598
3684,LTIM,2021-12-01,1418.18,1456.38,1242.61,1390.56,32320124,1390.56,-0.3168504207945677
3685,LTIM,2022-01-01,1326.33,1496.97,1205.81,1340.29,25609581,1340.29,-3.615090323322978
3686,LTIM,2022-02-01,1269.11,1422.5,1263.2,1278.58,40753422,1278.58,-4.604227443314512
3687,LTIM,2022-03-01,1187.72,1307.79,1157.43,1180.33,21001646,1180.33,-7.6843060269987
3688,LTIM,2022-04-01,1148.46,1186.29,1070.49,1153.74,31611805,1153.74,-2.2527598214058697
3689,LTIM,2022-05-01,1166.26,1314.42,1129.0,1177.12,27484736,1177.12,2.0264531003518993
3690,LTIM,2022-06-01,1207.08,1342.04,1132.27,1198.33,34089588,1198.33,1.8018553758325506
3691,LTIM,2022-07-01,1251.4,1394.86,1202.23,1258.37,20733215,1258.37,5.010306009196119
3692,LTIM,2022-08-01,1175.79,1293.78,1140.07,1185.68,30392193,1185.68,-5.776520419272535
3693,LTIM,2022-09-01,1222.36,1321.08,1088.19,1204.31,17267635,1204.31,1.5712502530193628
3694,LTIM,2022-10-01,1285.58,1292.53,1191.78,1272.79,24137103,1272.79,5.686243575159211
3695,LTIM,2022-11-01,1200.19,1351.05,1145.71,1215.11,5324009,1215.11,-4.53177664815092
3696,LTIM,2022-12-01,1171.31,1315.93,1059.34,1175.07,30562728,1175.07,-3.295174922435007
3697,LTIM,2023-01-01,1205.91,1300.03,1064.98,1208.58,44001780,1208.58,2.8517450024253765
3698,LTIM,2023-02-01,1232.88,1395.59,1172.34,1254.49,34741802,1254.49,3.7986728226513833
3699,LTIM,2023-03-01,1191.36,1265.22,1077.49,1206.53,7428171,1206.53,-3.823067541391323
3700,LTIM,2023-04-01,1318.39,1366.9,1278.07,1306.66,18476185,1306.66,8.299006241038365
3701,LTIM,2023-05-01,1330.6,1416.99,1316.44,1333.0,42325767,1333.0,2.0158266113602608
3702,LTIM,2023-06-01,1262.43,1406.64,1157.44,1284.29,28160582,1284.29,-3.6541635408852247
3703,LTIM,2023-07-01,1205.74,1312.34,1125.36,1205.0,37578416,1205.0,-6.173839241915768
3704,LTIM,2023-08-01,1188.02,1191.97,1123.43,1169.15,41678140,1169.15,-2.9751037344398212
3705,LTIM,2023-09-01,1266.71,1408.33,1156.25,1288.83,8294612,1288.83,10.23649660009407
3706,LTIM,2023-10-01,1331.82,1395.86,1244.81,1335.51,49895102,1335.51,3.6218896208188855
3707,LTIM,2023-11-01,1435.27,1470.13,1262.17,1423.87,27345736,1423.87,6.616199055042626
3708,LTIM,2023-12-01,1524.41,1715.15,1408.27,1531.65,44828591,1531.65,7.569511261561823
3709,LTIM,2024-01-01,1616.67,1650.78,1444.07,1625.06,1136128,1625.06,6.098651780759301
3710,LTIM,2024-02-01,1785.84,1966.82,1619.15,1801.05,30332063,1801.05,10.829753978314649
3711,LTIM,2024-03-01,1905.89,2061.99,1765.36,1882.58,14299878,1882.58,4.526803808889257
3712,LTIM,2024-04-01,1981.21,2027.45,1794.11,1967.5,9278990,1967.5,4.510830881024974
3713,LTIM,2024-05-01,2115.72,2232.91,1884.56,2115.07,45567362,2115.07,7.500381194409167
3714,LTIM,2024-06-01,2270.24,2430.3,2176.85,2304.11,9720242,2304.11,8.937765653146235
3715,LTIM,2024-07-01,2132.1,2212.18,2086.95,2133.51,26584882,2133.51,-7.404160391647963
3716,LTIM,2024-08-01,2120.67,2272.39,2060.67,2092.75,5698708,2092.75,-1.910466789469012
3717,LTIM,2024-09-01,1955.47,2060.15,1843.55,1975.81,34589739,1975.81,-5.587862859873372
3718,LTIM,2024-10-01,2055.9,2165.97,1935.92,2026.48,22492163,2026.48,2.5645178433149063
3719,LTIM,2024-11-01,2026.5,2274.5,1808.8,2036.22,267782,2036.22,0.4806363744028985
3720,LTIM,2024-12-01,2157.01,2356.56,2078.65,2189.87,23874642,2189.87,7.545844751549424
3721,M&M,2020-01-01,4279.57,4712.52,4067.37,4262.91,33244476,4262.91,
3722,M&M,2020-02-01,4245.44,4376.14,3930.12,4239.12,34825143,4239.12,-0.5580694877442838
3723,M&M,2020-03-01,4160.7,4483.91,4083.47,4160.2,4890949,4160.2,-1.8617071467663115
3724,M&M,2020-04-01,4352.37,4636.46,4045.79,4373.25,41795871,4373.25,5.121148021729738
3725,M&M,2020-05-01,4422.77,4780.73,3961.5,4389.92,32358779,4389.92,0.38118104384610163
3726,M&M,2020-06-01,4291.37,4460.71,4065.33,4297.11,34274930,4297.11,-2.11416153369538
3727,M&M,2020-07-01,4622.73,5173.59,4291.19,4629.35,19647581,4629.35,7.731708054948583
3728,M&M,2020-08-01,4184.25,4326.69,3997.27,4248.58,16501999,4248.58,-8.22512879777939
3729,M&M,2020-09-01,4312.24,4487.71,3795.67,4256.99,1312205,4256.99,0.19794849102523493
3730,M&M,2020-10-01,4259.08,4773.32,3879.74,4297.24,27010983,4297.24,0.945503747953369
3731,M&M,2020-11-01,3539.34,3746.46,3448.96,3603.77,6411898,3603.77,-16.13756736882278
3732,M&M,2020-12-01,3572.6,3915.06,3409.98,3577.21,24976453,3577.21,-0.7370059687493935
3733,M&M,2021-01-01,3018.74,3155.18,2800.92,2995.75,26472907,2995.75,-16.25456710676757
3734,M&M,2021-02-01,2989.28,3269.55,2768.73,3004.46,20735672,3004.46,0.29074522239840306
3735,M&M,2021-03-01,2641.9,2902.57,2506.28,2619.99,44942953,2619.99,-12.796642325076723
3736,M&M,2021-04-01,2889.26,3271.48,2782.64,2929.31,48181151,2929.31,11.806151931877618
3737,M&M,2021-05-01,2980.08,3329.41,2756.99,2977.51,10680963,2977.51,1.6454386869262816
3738,M&M,2021-06-01,2953.65,3134.41,2651.23,2898.56,35766990,2898.56,-2.651544411269824
3739,M&M,2021-07-01,2828.21,3006.2,2646.72,2874.16,19788183,2874.16,-0.8417973062486261
3740,M&M,2021-08-01,3055.03,3285.53,2764.0,3003.74,44003016,3003.74,4.508447685584649
3741,M&M,2021-09-01,3081.17,3228.17,2873.07,3066.13,16298773,3066.13,2.0770772437028517
3742,M&M,2021-10-01,3370.62,3506.46,3259.32,3436.93,13839708,3436.93,12.093420696447964
3743,M&M,2021-11-01,3930.61,4135.91,3474.7,3913.16,44677813,3913.16,13.856261256411972
3744,M&M,2021-12-01,4214.86,4387.81,4016.59,4290.3,24912990,4290.3,9.637735231884225
3745,M&M,2022-01-01,4621.68,5080.68,4196.7,4650.97,43128397,4650.97,8.406638230426777
3746,M&M,2022-02-01,4835.59,5366.56,4276.87,4816.87,24361813,4816.87,3.56699785206096
3747,M&M,2022-03-01,5094.98,5499.15,4495.26,5096.72,30457592,5096.72,5.809789344532867
3748,M&M,2022-04-01,4878.91,5075.02,4868.24,4919.74,44868393,4919.74,-3.472429327096649
3749,M&M,2022-05-01,4452.98,4818.47,4321.5,4399.21,18005547,4399.21,-10.58043717757442
3750,M&M,2022-06-01,4559.12,4852.65,4209.16,4557.23,46927250,4557.23,3.5920085651741873
3751,M&M,2022-07-01,5189.44,5352.24,4718.42,5152.65,46609087,5152.65,13.065392793429353
3752,M&M,2022-08-01,5182.59,5600.07,4627.97,5086.68,27235130,5086.68,-1.2803120724287353
3753,M&M,2022-09-01,4937.69,5183.98,4486.09,4862.12,8062903,4862.12,-4.414667327215405
3754,M&M,2022-10-01,4838.68,5337.73,4496.1,4770.17,38756370,4770.17,-1.8911503623933568
3755,M&M,2022-11-01,4749.14,4917.14,4249.3,4786.28,592992,4786.28,0.33772381277814567
3756,M&M,2022-12-01,4853.91,5105.84,4394.89,4848.12,3323771,4848.12,1.2920263753896544
3757,M&M,2023-01-01,5191.31,5202.84,5006.19,5146.81,47742208,5146.81,6.160944861100814
3758,M&M,2023-02-01,5093.7,5447.93,4908.43,4994.89,10532657,4994.89,-2.951731266551516
3759,M&M,2023-03-01,5293.85,5530.44,4952.57,5268.49,32730497,5268.49,5.477598105263559
3760,M&M,2023-04-01,5591.12,6096.71,4984.01,5605.92,17846856,5605.92,6.404681417256186
3761,M&M,2023-05-01,5318.88,5550.38,4982.07,5413.51,24722740,5413.51,-3.4322644632816757
3762,M&M,2023-06-01,5222.95,5896.1,5102.62,5292.2,36569503,5292.2,-2.2408751438530716
3763,M&M,2023-07-01,5639.62,6218.24,5351.59,5561.57,28830517,5561.57,5.089943690714627
3764,M&M,2023-08-01,6308.49,6585.01,5652.86,6411.51,34542643,6411.51,15.282375300499695
3765,M&M,2023-09-01,6552.81,6863.72,6265.59,6601.27,45878605,6601.27,2.9596772055257015
3766,M&M,2023-10-01,6350.78,6683.0,5764.06,6463.97,6610071,6463.97,-2.0799028065811576
3767,M&M,2023-11-01,6548.93,6768.46,6201.41,6475.17,43525058,6475.17,0.17326813088549553
3768,M&M,2023-12-01,6181.18,6640.22,5539.48,6215.28,35517387,6215.28,-4.013639796329683
3769,M&M,2024-01-01,5818.77,6472.33,5731.23,5852.76,17014644,5852.76,-5.832721936903884
3770,M&M,2024-02-01,5702.88,6100.74,5458.25,5681.66,3251145,5681.66,-2.9234070763195508
3771,M&M,2024-03-01,5986.73,6267.21,5812.85,6047.88,39891256,6047.88,6.445651446936296
3772,M&M,2024-04-01,5732.06,6324.82,5631.11,5809.28,17993085,5809.28,-3.9451840975680774
3773,M&M,2024-05-01,5930.73,6618.44,5747.5,5922.06,21848397,5922.06,1.9413765561308916
3774,M&M,2024-06-01,5671.22,5910.94,5099.84,5679.51,24155849,5679.51,-4.095703184364908
3775,M&M,2024-07-01,6067.53,6404.09,5631.89,5949.38,6488435,5949.38,4.751642307170867
3776,M&M,2024-08-01,6020.2,6591.63,5878.18,6019.69,20773590,6019.69,1.1818038182129786
3777,M&M,2024-09-01,5483.92,6054.88,5460.92,5576.19,8268920,5576.19,-7.367489023521145
3778,M&M,2024-10-01,5710.0,6182.37,5156.03,5665.64,31230740,5665.64,1.6041418961692644
3779,M&M,2024-11-01,6148.02,6485.83,5910.81,6058.7,38188348,6058.7,6.93760987284755
3780,M&M,2024-12-01,5902.29,5988.28,5364.54,5916.0,4591396,5916.0,-2.355290738937388
3781,MARUTI,2020-01-01,1854.02,2013.98,1671.81,1825.14,17044546,1825.14,
3782,MARUTI,2020-02-01,1986.48,2062.37,1886.81,1951.45,11908513,1951.45,6.920564997753598
3783,MARUTI,2020-03-01,2180.1,2190.34,2006.38,2147.71,45061821,2147.71,10.057137000691796
3784,MARUTI,2020-04-01,2195.96,2258.84,2032.45,2225.13,22221668,2225.13,3.6047697314814497
3785,MARUTI,2020-05-01,2160.49,2243.07,2039.4,2140.07,24156258,2140.07,-3.822697999667435
3786,MARUTI,2020-06-01,2212.59,2495.57,1996.98,2236.71,35507429,2236.71,4.51574013934124
3787,MARUTI,2020-07-01,2234.32,2254.03,2012.62,2199.17,17165091,2199.17,-1.6783579453751307
3788,MARUTI,2020-08-01,2187.54,2412.84,2181.5,2210.37,29993668,2210.37,0.5092830476952637
3789,MARUTI,2020-09-01,2063.09,2167.75,1977.3,2072.59,26587315,2072.59,-6.233345548482827
3790,MARUTI,2020-10-01,1919.28,2001.38,1720.66,1949.9,11019850,1949.9,-5.91964643272428
3791,MARUTI,2020-11-01,1956.78,2105.89,1782.68,1932.6,3761581,1932.6,-0.8872249858967174
3792,MARUTI,2020-12-01,1942.8,2124.75,1792.66,1978.79,44744590,1978.79,2.3900444996378
3793,MARUTI,2021-01-01,2104.54,2257.47,1891.86,2074.82,3195041,2074.82,4.852965701261902
3794,MARUTI,2021-02-01,2033.83,2090.06,1803.96,2001.0,25851484,2001.0,-3.557898998467346
3795,MARUTI,2021-03-01,1779.51,1971.05,1780.41,1805.24,11537389,1805.24,-9.783108445777112
3796,MARUTI,2021-04-01,2018.43,2234.75,1919.12,2012.53,21955502,2012.53,11.48268374288184
3797,MARUTI,2021-05-01,2144.3,2369.49,1976.62,2132.39,14741204,2132.39,5.955687617078986
3798,MARUTI,2021-06-01,2217.56,2374.1,2126.01,2248.78,21057291,2248.78,5.458194795511151
3799,MARUTI,2021-07-01,2522.35,2778.83,2364.62,2530.99,8345370,2530.99,12.549471268865764
3800,MARUTI,2021-08-01,2510.21,2751.63,2322.32,2509.49,34856886,2509.49,-0.8494699702487951
3801,MARUTI,2021-09-01,2599.88,2696.66,2480.97,2645.69,10523662,2645.69,5.427397598715289
3802,MARUTI,2021-10-01,2594.95,2737.66,2402.63,2569.79,35374354,2569.79,-2.8688168303920736
3803,MARUTI,2021-11-01,2509.12,2698.07,2358.1,2499.4,21135931,2499.4,-2.7391343261511603
3804,MARUTI,2021-12-01,2710.48,3074.94,2487.16,2759.78,45298027,2759.78,10.417700248059546
3805,MARUTI,2022-01-01,2637.82,2809.03,2328.75,2603.6,44129145,2603.6,-5.659146743581022
3806,MARUTI,2022-02-01,2505.55,2674.93,2300.78,2472.83,46654506,2472.83,-5.022660931018585
3807,MARUTI,2022-03-01,2775.94,2981.33,2626.34,2780.16,16615705,2780.16,12.428270443176448
3808,MARUTI,2022-04-01,2857.76,2859.07,2580.39,2806.88,34821842,2806.88,0.9610957642725682
3809,MARUTI,2022-05-01,2796.69,3063.9,2562.23,2845.56,34795874,2845.56,1.378042524083667
3810,MARUTI,2022-06-01,2910.07,3085.86,2825.69,2963.43,15584475,2963.43,4.1422426517100375
3811,MARUTI,2022-07-01,2864.25,2950.78,2577.3,2901.62,12662764,2901.62,-2.085758732279819
3812,MARUTI,2022-08-01,3047.02,3381.12,2826.06,3087.3,40254319,3087.3,6.3991839041638965
3813,MARUTI,2022-09-01,3446.31,3768.86,3296.43,3484.14,46248597,3484.14,12.853950053444741
3814,MARUTI,2022-10-01,3441.11,3728.64,3423.61,3503.34,3986898,3503.34,0.5510685563725914
3815,MARUTI,2022-11-01,3690.04,3815.09,3309.42,3673.35,22994235,3673.35,4.852797615989313
3816,MARUTI,2022-12-01,3487.43,3554.29,3128.51,3426.34,30716609,3426.34,-6.724379653449841
3817,MARUTI,2023-01-01,3729.28,3869.51,3352.27,3684.02,22767960,3684.02,7.520561298645201
3818,MARUTI,2023-02-01,3803.0,4102.14,3765.31,3869.24,49439721,3869.24,5.027660001845802
3819,MARUTI,2023-03-01,3636.83,4072.88,3250.67,3683.29,15858056,3683.29,-4.805853345876709
3820,MARUTI,2023-04-01,3722.12,4063.96,3483.75,3653.1,45610309,3653.1,-0.8196476519633289
3821,MARUTI,2023-05-01,3279.67,3445.69,3022.08,3341.08,35458806,3341.08,-8.541238947743013
3822,MARUTI,2023-06-01,3393.3,3423.77,3192.0,3371.01,32138651,3371.01,0.895818118692171
3823,MARUTI,2023-07-01,3709.79,3894.08,3248.78,3643.76,39875255,3643.76,8.091046896924059
3824,MARUTI,2023-08-01,3521.48,3631.31,3297.13,3572.0,24427050,3572.0,-1.96939425209125
3825,MARUTI,2023-09-01,3477.76,3859.61,3358.47,3521.12,29942486,3521.12,-1.424412094064953
3826,MARUTI,2023-10-01,3678.87,3828.64,3276.82,3701.75,12111550,3701.75,5.129901849411556
3827,MARUTI,2023-11-01,3712.99,3982.46,3382.47,3643.58,39264928,3643.58,-1.5714189234821374
3828,MARUTI,2023-12-01,3963.32,4056.03,3815.25,3913.65,31129021,3913.65,7.412215458422766
3829,MARUTI,2024-01-01,3807.03,3864.81,3314.51,3733.8,26822366,3733.8,-4.595454371239127
3830,MARUTI,2024-02-01,4232.62,4569.4,3835.84,4187.56,41377519,4187.56,12.152766618458411
3831,MARUTI,2024-03-01,4147.72,4271.62,3967.44,4101.92,46893099,4101.92,-2.0451050253608383
3832,MARUTI,2024-04-01,4301.87,4681.36,3942.51,4348.22,26334820,4348.22,6.004505207317545
3833,MARUTI,2024-05-01,4246.52,4709.82,3941.47,4275.02,41225055,4275.02,-1.6834474796583399
3834,MARUTI,2024-06-01,4713.38,4900.84,4388.21,4630.36,3607351,4630.36,8.312007897039052
3835,MARUTI,2024-07-01,4839.11,5244.68,4639.97,4757.8,26160794,4757.8,2.752269801916052
3836,MARUTI,2024-08-01,5557.43,5685.77,4988.88,5590.07,29879732,5590.07,17.49274874942199
3837,MARUTI,2024-09-01,5073.12,5245.36,4827.39,4974.17,29714462,4974.17,-11.017751119395635
3838,MARUTI,2024-10-01,4867.36,5372.6,4459.07,4899.52,13290821,4899.52,-1.5007528894267708
3839,MARUTI,2024-11-01,5102.16,5433.51,4551.2,5029.21,11035333,5029.21,2.6469939912481033
3840,MARUTI,2024-12-01,5091.55,5568.51,4562.95,5024.31,21083466,5024.31,-0.09743080921257308
3841,MOTHERSON,2020-01-01,1490.86,1612.94,1481.8,1511.62,16364982,1511.62,
3842,MOTHERSON,2020-02-01,1551.56,1716.8,1482.26,1578.0,42743829,1578.0,4.391315277649155
3843,MOTHERSON,2020-03-01,1561.41,1674.94,1369.03,1547.95,30518106,1547.95,-1.904309252217995
3844,MOTHERSON,2020-04-01,1660.01,1721.01,1480.41,1638.18,26927770,1638.18,5.828999644691368
3845,MOTHERSON,2020-05-01,1511.03,1604.36,1517.6,1541.64,18027918,1541.64,-5.8931252975863435
3846,MOTHERSON,2020-06-01,1510.04,1623.49,1417.49,1481.31,6515556,1481.31,-3.913364987934931
3847,MOTHERSON,2020-07-01,1484.87,1575.65,1466.03,1497.71,12273777,1497.71,1.1071281500833807
3848,MOTHERSON,2020-08-01,1742.69,1775.83,1671.79,1735.12,29817909,1735.12,15.851533340900437
3849,MOTHERSON,2020-09-01,1807.38,1989.67,1671.76,1818.38,40087222,1818.38,4.798515376458123
3850,MOTHERSON,2020-10-01,1740.01,1867.44,1509.32,1707.93,27603113,1707.93,-6.074087924416238
3851,MOTHERSON,2020-11-01,1627.38,1828.31,1558.01,1652.99,19316523,1652.99,-3.2167594690648893
3852,MOTHERSON,2020-12-01,1650.22,1849.67,1557.78,1660.17,14218103,1660.17,0.4343643942189557
3853,MOTHERSON,2021-01-01,1766.68,1939.74,1698.97,1743.9,23073005,1743.9,5.043459404759765
3854,MOTHERSON,2021-02-01,1589.94,1693.12,1454.69,1602.51,49172414,1602.51,-8.107689661104423
3855,MOTHERSON,2021-03-01,1646.72,1841.91,1549.56,1654.99,225835,1654.99,3.2748625593600034
3856,MOTHERSON,2021-04-01,1614.68,1654.7,1498.51,1618.64,39522335,1618.64,-2.19638789358243
3857,MOTHERSON,2021-05-01,1821.62,1931.54,1752.07,1798.48,15486936,1798.48,11.11056195324469
3858,MOTHERSON,2021-06-01,1589.62,1713.99,1459.52,1598.5,14826789,1598.5,-11.119389706863569
3859,MOTHERSON,2021-07-01,1461.04,1653.56,1403.58,1488.04,46008787,1488.04,-6.910228339067881
3860,MOTHERSON,2021-08-01,1579.11,1630.8,1373.68,1556.57,13685365,1556.57,4.605386951963664
3861,MOTHERSON,2021-09-01,1573.26,1601.45,1449.47,1565.55,41958694,1565.55,0.5769094868846247
3862,MOTHERSON,2021-10-01,1546.0,1672.75,1408.06,1533.17,47225444,1533.17,-2.0682827121458858
3863,MOTHERSON,2021-11-01,1387.55,1546.77,1313.38,1392.17,35348322,1392.17,-9.196631815128132
3864,MOTHERSON,2021-12-01,1255.2,1298.56,1204.41,1255.13,30430406,1255.13,-9.84362541930942
3865,MOTHERSON,2022-01-01,1165.72,1288.38,1155.67,1174.1,44566046,1174.1,-6.455904966019476
3866,MOTHERSON,2022-02-01,1225.4,1289.91,1185.05,1223.06,29796344,1223.06,4.170002555148633
3867,MOTHERSON,2022-03-01,1215.72,1322.8,1097.07,1240.15,3563906,1240.15,1.3973149314015831
3868,MOTHERSON,2022-04-01,1329.07,1455.76,1212.54,1310.96,23481212,1310.96,5.709793170181032
3869,MOTHERSON,2022-05-01,1418.88,1506.27,1403.86,1444.7,8374915,1444.7,10.201684261914924
3870,MOTHERSON,2022-06-01,1602.63,1641.24,1447.64,1591.77,14187321,1591.77,10.179968159479479
3871,MOTHERSON,2022-07-01,1700.56,1705.82,1498.73,1672.33,25490190,1672.33,5.06103268688316
3872,MOTHERSON,2022-08-01,1591.69,1745.83,1559.34,1580.58,32558905,1580.58,-5.486357357698546
3873,MOTHERSON,2022-09-01,1728.5,1777.84,1628.2,1732.48,19364789,1732.48,9.610396183679427
3874,MOTHERSON,2022-10-01,1868.45,2030.2,1700.31,1901.65,18038437,1901.65,9.76461488732916
3875,MOTHERSON,2022-11-01,1946.51,2101.63,1769.16,1976.89,19273103,1976.89,3.9565640364946253
3876,MOTHERSON,2022-12-01,1984.64,2023.38,1736.54,1960.59,21967551,1960.59,-0.824527414271925
3877,MOTHERSON,2023-01-01,2152.45,2258.7,2008.69,2188.53,42277580,2188.53,11.626092145731647
3878,MOTHERSON,2023-02-01,2380.94,2648.73,2238.2,2398.4,41873656,2398.4,9.589541838585713
3879,MOTHERSON,2023-03-01,2553.13,2846.44,2350.31,2596.28,48646279,2596.28,8.2505003335557
3880,MOTHERSON,2023-04-01,2547.79,2545.54,2365.34,2501.67,36164764,2501.67,-3.6440599627158954
3881,MOTHERSON,2023-05-01,2472.68,2662.62,2255.8,2473.83,21704061,2473.83,-1.1128566117833305
3882,MOTHERSON,2023-06-01,2509.25,2530.63,2322.53,2488.1,21373351,2488.1,0.5768383437827262
3883,MOTHERSON,2023-07-01,2363.89,2425.87,2132.08,2349.12,9029626,2349.12,-5.585788352558174
3884,MOTHERSON,2023-08-01,2435.39,2736.0,2326.22,2444.2,30373409,2444.2,4.047473096308396
3885,MOTHERSON,2023-09-01,2581.22,2851.35,2386.73,2553.62,14581004,2553.62,4.476720399312661
3886,MOTHERSON,2023-10-01,2500.59,2601.06,2447.83,2538.68,40965523,2538.68,-0.5850518088047596
3887,MOTHERSON,2023-11-01,2532.9,2658.06,2419.57,2563.05,21054698,2563.05,0.9599476893503933
3888,MOTHERSON,2023-12-01,2683.79,2854.73,2574.89,2701.8,3638574,2701.8,5.413472230350558
3889,MOTHERSON,2024-01-01,2668.17,2945.44,2328.89,2639.0,29539036,2639.0,-2.324376341698131
3890,MOTHERSON,2024-02-01,2738.7,2954.0,2380.54,2693.61,45330115,2693.61,2.0693444486548085
3891,MOTHERSON,2024-03-01,2618.95,2629.38,2439.95,2590.68,20528016,2590.68,-3.821265884816294
3892,MOTHERSON,2024-04-01,2999.86,3210.26,2908.14,3044.56,5160266,3044.56,17.519724551083126
3893,MOTHERSON,2024-05-01,3314.83,3593.6,3146.88,3336.23,34063134,3336.23,9.580037837979871
3894,MOTHERSON,2024-06-01,3363.69,3579.7,3118.53,3409.84,35634235,3409.84,2.206382653474126
3895,MOTHERSON,2024-07-01,3474.54,3842.9,3267.92,3450.69,39167790,3450.69,1.198003425380656
3896,MOTHERSON,2024-08-01,3412.6,3673.91,3309.2,3450.59,41222795,3450.59,-0.0028979711304111255
3897,MOTHERSON,2024-09-01,3231.89,3442.24,3174.65,3248.2,17325834,3248.2,-5.865373747677937
3898,MOTHERSON,2024-10-01,3193.84,3477.86,2949.08,3148.41,26818905,3148.41,-3.0721630441475245
3899,MOTHERSON,2024-11-01,3558.65,3628.51,3202.2,3559.38,20278372,3559.38,13.053255452752355
3900,MOTHERSON,2024-12-01,3546.24,3987.83,3525.33,3572.59,42574734,3572.59,0.37113205108754155
3901,NAUKRI,2020-01-01,3038.07,3056.18,2706.58,3020.48,41501317,3020.48,
3902,NAUKRI,2020-02-01,2915.49,3045.41,2711.92,2900.22,45266593,2900.22,-3.981486386269739
3903,NAUKRI,2020-03-01,2761.25,2881.33,2730.13,2764.36,21924416,2764.36,-4.684472212452839
3904,NAUKRI,2020-04-01,2771.15,2928.17,2687.3,2749.85,30236021,2749.85,-0.5248954550058693
3905,NAUKRI,2020-05-01,2767.16,3024.53,2676.5,2718.91,47462737,2718.91,-1.1251522810335146
3906,NAUKRI,2020-06-01,2743.52,3004.9,2610.4,2732.53,42241044,2732.53,0.5009360368677385
3907,NAUKRI,2020-07-01,2667.1,3028.0,2490.59,2711.21,43404612,2711.21,-0.7802293112975978
3908,NAUKRI,2020-08-01,2536.87,2696.58,2366.43,2576.12,2674966,2576.12,-4.982646124793
3909,NAUKRI,2020-09-01,2691.93,2716.37,2438.27,2671.03,607732,2671.03,3.684222784652902
3910,NAUKRI,2020-10-01,2601.9,2838.57,2503.48,2632.62,18781700,2632.62,-1.4380220364428764
3911,NAUKRI,2020-11-01,2756.12,2863.72,2607.6,2793.21,12510912,2793.21,6.100006837295169
3912,NAUKRI,2020-12-01,2899.81,3187.27,2744.33,2922.02,10887648,2922.02,4.611540127666736
3913,NAUKRI,2021-01-01,2920.6,3162.73,2701.86,2932.2,3977827,2932.2,0.34838912806893774
3914,NAUKRI,2021-02-01,3099.18,3379.83,2865.15,3143.04,42412733,3143.04,7.19050542254962
3915,NAUKRI,2021-03-01,2992.66,3168.44,2657.15,3004.59,13700214,3004.59,-4.404970983506407
3916,NAUKRI,2021-04-01,2979.86,3163.48,2797.91,2977.11,13822057,2977.11,-0.9146006609886848
3917,NAUKRI,2021-05-01,2697.58,2918.68,2491.2,2650.16,16680258,2650.16,-10.982126962053817
3918,NAUKRI,2021-06-01,2679.1,2969.41,2660.14,2692.22,34642470,2692.22,1.5870739879856322
3919,NAUKRI,2021-07-01,2849.56,3207.42,2722.67,2869.18,44092585,2869.18,6.573014092459006
3920,NAUKRI,2021-08-01,2734.98,2830.26,2628.82,2683.31,37867648,2683.31,-6.478157522358297
3921,NAUKRI,2021-09-01,2638.85,2847.25,2609.11,2664.93,27627172,2664.93,-0.6849749004028682
3922,NAUKRI,2021-10-01,2959.83,3101.03,2745.98,2931.25,4926319,2931.25,9.993508272262307
3923,NAUKRI,2021-11-01,2903.24,3209.54,2721.39,2921.72,42116574,2921.72,-0.3251172707889216
3924,NAUKRI,2021-12-01,2833.46,3113.89,2521.18,2791.87,2009380,2791.87,-4.444299932916229
3925,NAUKRI,2022-01-01,2685.26,3002.38,2510.89,2684.72,47558165,2684.72,-3.837929416484298
3926,NAUKRI,2022-02-01,2837.61,3009.22,2633.74,2833.79,16810276,2833.79,5.55253434250127
3927,NAUKRI,2022-03-01,2782.88,2879.04,2504.27,2771.92,43385036,2771.92,-2.183295163014898
3928,NAUKRI,2022-04-01,2844.47,3052.93,2749.44,2790.6,32237559,2790.6,0.6739011226875258
3929,NAUKRI,2022-05-01,2664.4,2802.53,2476.71,2658.02,44778540,2658.02,-4.75094961656991
3930,NAUKRI,2022-06-01,2557.85,2702.16,2493.56,2592.89,25341013,2592.89,-2.4503201631289495
3931,NAUKRI,2022-07-01,2702.44,3030.01,2595.47,2747.84,18916450,2747.84,5.975957329466364
3932,NAUKRI,2022-08-01,2771.2,2973.55,2696.45,2800.84,18077658,2800.84,1.9287877023407507
3933,NAUKRI,2022-09-01,2630.11,2740.48,2380.98,2671.19,30853203,2671.19,-4.6289684523214465
3934,NAUKRI,2022-10-01,2750.04,3038.07,2725.46,2755.15,18380774,2755.15,3.1431684006004934
3935,NAUKRI,2022-11-01,2862.24,3140.38,2511.33,2833.38,8536682,2833.38,2.8394098324955097
3936,NAUKRI,2022-12-01,2919.38,3134.6,2582.83,2886.96,25153022,2886.96,1.8910276771912038
3937,NAUKRI,2023-01-01,2967.27,3036.68,2887.86,2989.37,30829363,2989.37,3.5473300634577543
3938,NAUKRI,2023-02-01,2945.92,3226.06,2861.07,2961.59,46701558,2961.59,-0.9292927941338736
3939,NAUKRI,2023-03-01,3122.56,3363.5,3080.55,3150.02,258048,3150.02,6.362460705229278
3940,NAUKRI,2023-04-01,3508.32,3729.12,3137.6,3487.73,45402540,3487.73,10.720884311845635
3941,NAUKRI,2023-05-01,3785.48,4032.75,3583.1,3805.93,237274,3805.93,9.12341264948835
3942,NAUKRI,2023-06-01,3791.95,3918.84,3653.57,3822.26,24003445,3822.26,0.42906727133711353
3943,NAUKRI,2023-07-01,3527.9,3920.4,3124.08,3526.3,43284310,3526.3,-7.743063004609841
3944,NAUKRI,2023-08-01,3496.63,3802.84,3221.53,3527.41,48338211,3527.41,0.031477752885455956
3945,NAUKRI,2023-09-01,3569.91,4009.66,3429.89,3583.44,10514150,3583.44,1.5884175641618148
3946,NAUKRI,2023-10-01,3853.43,4020.2,3524.96,3840.48,38046776,3840.48,7.1729957805907185
3947,NAUKRI,2023-11-01,3765.34,4005.83,3391.36,3748.71,13057805,3748.71,-2.389545056867892
3948,NAUKRI,2023-12-01,3908.97,3984.62,3875.23,3927.7,45941791,3927.7,4.774709166619973
3949,NAUKRI,2024-01-01,3268.64,3626.23,3130.64,3275.6,13977751,3275.6,-16.60259184764621
3950,NAUKRI,2024-02-01,3512.2,3775.02,3519.14,3570.82,8848014,3570.82,9.012699963365488
3951,NAUKRI,2024-03-01,3627.26,3911.78,3403.72,3613.41,3565446,3613.41,1.1927232400400944
3952,NAUKRI,2024-04-01,3854.89,3930.01,3558.0,3885.34,46621399,3885.34,7.525578331825078
3953,NAUKRI,2024-05-01,4084.49,4551.23,3891.18,4161.01,44117572,4161.01,7.095131957563572
3954,NAUKRI,2024-06-01,3821.15,4263.89,3458.84,3836.36,44223513,3836.36,-7.8021922562070305
3955,NAUKRI,2024-07-01,3947.41,4105.3,3912.4,3988.23,12351317,3988.23,3.9587004347871435
3956,NAUKRI,2024-08-01,4257.47,4680.66,3795.6,4256.85,11179591,4256.85,6.735318675201785
3957,NAUKRI,2024-09-01,4304.23,4527.69,4053.84,4230.52,43043701,4230.52,-0.6185324829392602
3958,NAUKRI,2024-10-01,4269.72,4754.71,4128.02,4337.01,21737642,4337.01,2.5171846486956584
3959,NAUKRI,2024-11-01,4956.07,5441.84,4806.9,5011.53,27949611,5011.53,15.552650328221507
3960,NAUKRI,2024-12-01,5002.04,5610.36,4819.37,5037.85,11918317,5037.85,0.5251889143634836
3961,NESTLEIND,2020-01-01,736.17,744.95,668.57,733.7,31493198,733.7,
3962,NESTLEIND,2020-02-01,725.09,795.46,706.45,736.73,1049709,736.73,0.4129753305165629
3963,NESTLEIND,2020-03-01,706.77,712.5,665.07,699.7,40785290,699.7,-5.026264710273775
3964,NESTLEIND,2020-04-01,683.24,758.4,657.29,689.53,36793731,689.53,-1.453480062884105
3965,NESTLEIND,2020-05-01,671.1,745.95,660.11,667.65,39765198,667.65,-3.173175931431549
3966,NESTLEIND,2020-06-01,647.96,679.42,628.21,636.63,34811577,636.63,-4.646146933273421
3967,NESTLEIND,2020-07-01,600.17,662.4,537.88,599.99,47301800,599.99,-5.755305279361633
3968,NESTLEIND,2020-08-01,560.87,624.06,514.7,561.26,35826349,561.26,-6.455107585126418
3969,NESTLEIND,2020-09-01,578.92,635.88,544.6,569.59,12640816,569.59,1.4841606385632478
3970,NESTLEIND,2020-10-01,665.76,683.02,603.43,655.28,5195972,655.28,15.044154567320334
3971,NESTLEIND,2020-11-01,629.56,692.13,603.3,622.85,7139838,622.85,-4.949029422536921
3972,NESTLEIND,2020-12-01,597.34,662.05,529.81,596.21,41278228,596.21,-4.277113269647581
3973,NESTLEIND,2021-01-01,587.85,651.0,529.39,599.03,38159065,599.03,0.47298770567416604
3974,NESTLEIND,2021-02-01,674.68,720.59,609.46,679.75,41196356,679.75,13.475118107607308
3975,NESTLEIND,2021-03-01,585.04,651.72,555.27,595.19,39469020,595.19,-12.439867598381749
3976,NESTLEIND,2021-04-01,540.26,566.69,517.0,549.61,47359707,549.61,-7.6580587711487125
3977,NESTLEIND,2021-05-01,511.5,567.61,457.83,515.63,9901062,515.63,-6.18256581939921
3978,NESTLEIND,2021-06-01,582.71,617.74,546.99,572.54,6297744,572.54,11.03698388379264
3979,NESTLEIND,2021-07-01,629.95,664.12,562.63,622.03,42326793,622.03,8.643937541481828
3980,NESTLEIND,2021-08-01,597.3,624.55,560.04,592.8,12965502,592.8,-4.699130267028928
3981,NESTLEIND,2021-09-01,621.39,650.5,554.69,629.16,13498551,629.16,6.133603238866403
3982,NESTLEIND,2021-10-01,611.14,658.23,557.26,617.52,38183174,617.52,-1.850085828724013
3983,NESTLEIND,2021-11-01,654.15,724.13,640.93,647.41,43489351,647.41,4.840329058168158
3984,NESTLEIND,2021-12-01,705.75,757.24,692.74,719.47,47838109,719.47,11.13050462612566
3985,NESTLEIND,2022-01-01,663.77,709.69,616.91,662.41,28830852,662.41,-7.930837977956006
3986,NESTLEIND,2022-02-01,672.11,755.26,636.87,676.99,42326981,676.99,2.201053728053637
3987,NESTLEIND,2022-03-01,636.42,660.18,584.76,634.39,29965802,634.39,-6.292559712846579
3988,NESTLEIND,2022-04-01,546.36,587.45,499.71,543.93,15859991,543.93,-14.259367266192724
3989,NESTLEIND,2022-05-01,526.32,544.49,476.52,536.63,12244825,536.63,-1.3420844593973413
3990,NESTLEIND,2022-06-01,522.0,542.68,498.23,523.32,3149243,523.32,-2.480293684661672
3991,NESTLEIND,2022-07-01,551.46,568.56,482.54,543.42,49703392,543.42,3.8408621875716475
3992,NESTLEIND,2022-08-01,535.16,574.97,516.48,541.78,33594281,541.78,-0.3017923521401511
3993,NESTLEIND,2022-09-01,532.93,602.36,478.03,542.53,39147031,542.53,0.13843257410757204
3994,NESTLEIND,2022-10-01,493.03,533.31,476.88,501.89,34369287,501.89,-7.490830000184323
3995,NESTLEIND,2022-11-01,559.49,568.66,500.24,559.01,33216084,559.01,11.380979895993137
3996,NESTLEIND,2022-12-01,498.41,522.39,477.19,508.26,45643349,508.26,-9.07854957871952
3997,NESTLEIND,2023-01-01,500.46,499.78,443.34,494.48,21203040,494.48,-2.7112107976232536
3998,NESTLEIND,2023-02-01,500.2,526.29,479.69,505.57,20616716,505.57,2.2427600711858897
3999,NESTLEIND,2023-03-01,560.75,610.54,539.34,554.24,16994034,554.24,9.626757916806783
4000,NESTLEIND,2023-04-01,551.14,580.82,540.28,562.08,47424382,562.08,1.4145496535796775
4001,NESTLEIND,2023-05-01,637.51,689.92,570.72,634.58,48611945,634.58,12.898519783660678
4002,NESTLEIND,2023-06-01,600.19,627.59,538.58,610.45,39184883,610.45,-3.8025150493239623
4003,NESTLEIND,2023-07-01,631.73,672.62,597.11,624.88,19736349,624.88,2.363829961503794
4004,NESTLEIND,2023-08-01,600.37,659.42,537.02,590.25,35181127,590.25,-5.541864037895272
4005,NESTLEIND,2023-09-01,641.19,658.12,597.21,636.1,28169889,636.1,7.767894959762822
4006,NESTLEIND,2023-10-01,675.15,768.91,606.88,686.75,3355109,686.75,7.962584499292569
4007,NESTLEIND,2023-11-01,660.94,721.0,612.19,668.54,22920265,668.54,-2.651619949035322
4008,NESTLEIND,2023-12-01,693.6,764.33,653.14,691.54,47233706,691.54,3.4403326652107546
4009,NESTLEIND,2024-01-01,702.97,780.12,669.26,697.28,2559009,697.28,0.8300315238453315
4010,NESTLEIND,2024-02-01,712.47,741.81,642.31,702.91,7787633,702.91,0.8074231298760948
4011,NESTLEIND,2024-03-01,689.63,734.1,631.41,703.37,25458425,703.37,0.06544223300279928
4012,NESTLEIND,2024-04-01,692.86,726.79,684.7,696.75,15595425,696.75,-0.9411831610674382
4013,NESTLEIND,2024-05-01,820.68,892.69,731.84,812.31,43600144,812.31,16.58557588805165
4014,NESTLEIND,2024-06-01,768.24,833.86,680.83,765.37,1179870,765.37,-5.7785820684221445
4015,NESTLEIND,2024-07-01,791.25,810.53,697.98,784.29,35009862,784.29,2.4720070031488017
4016,NESTLEIND,2024-08-01,844.58,866.19,743.39,841.79,20473347,841.79,7.331471777021248
4017,NESTLEIND,2024-09-01,913.28,965.06,799.34,895.93,34160825,895.93,6.431532805093898
4018,NESTLEIND,2024-10-01,946.63,1039.96,914.62,937.23,15178290,937.23,4.609735135557469
4019,NESTLEIND,2024-11-01,957.1,1007.97,956.84,971.48,22595888,971.48,3.654385796442705
4020,NESTLEIND,2024-12-01,1015.25,1054.77,981.66,1031.99,21941711,1031.99,6.228640836661592
4021,NHPC,2020-01-01,4171.22,4636.52,3838.6,4254.48,34519795,4254.48,
4022,NHPC,2020-02-01,4441.79,4655.7,4121.71,4461.35,41778822,4461.35,4.862403866042397
4023,NHPC,2020-03-01,4618.52,5212.97,4212.91,4681.55,9338812,4681.55,4.935725733242169
4024,NHPC,2020-04-01,4735.11,5185.5,4163.71,4727.93,6446142,4727.93,0.9906975253922257
4025,NHPC,2020-05-01,4766.1,4908.35,4256.34,4676.46,25604104,4676.46,-1.088637099111034
4026,NHPC,2020-06-01,4733.03,4773.12,4294.38,4662.74,46606052,4662.74,-0.2933843120651147
4027,NHPC,2020-07-01,5158.23,5251.79,4936.14,5150.51,48645600,5150.51,10.461016483870011
4028,NHPC,2020-08-01,4960.93,5263.53,4451.74,4943.05,31726031,4943.05,-4.027950630131771
4029,NHPC,2020-09-01,4896.13,5302.48,4683.65,4953.92,10455753,4953.92,0.21990471470043627
4030,NHPC,2020-10-01,5085.22,5218.41,4806.64,5015.85,30352676,5015.85,1.2501211162069703
4031,NHPC,2020-11-01,5171.06,5701.22,4822.1,5221.82,4853577,5221.82,4.106382766629779
4032,NHPC,2020-12-01,5129.11,5792.13,4747.68,5193.6,16562057,5193.6,-0.5404246029162119
4033,NHPC,2021-01-01,5035.03,5287.04,4676.9,5052.95,21743041,5052.95,-2.7081407886629827
4034,NHPC,2021-02-01,5423.7,5710.34,5196.79,5359.75,40982323,5359.75,6.071700689696113
4035,NHPC,2021-03-01,5500.8,5557.57,4854.16,5431.41,47398352,5431.41,1.337002658706088
4036,NHPC,2021-04-01,5485.53,5847.83,5331.63,5461.36,49469295,5461.36,0.5514221905545735
4037,NHPC,2021-05-01,5937.36,6186.73,5367.33,5974.43,38003079,5974.43,9.394546413347605
4038,NHPC,2021-06-01,6373.15,6412.25,5722.62,6256.72,17995979,6256.72,4.724969578687843
4039,NHPC,2021-07-01,6534.21,7179.44,6297.06,6429.87,25648842,6429.87,2.767424465214985
4040,NHPC,2021-08-01,7270.14,7616.72,6539.53,7223.24,11710641,7223.24,12.338818669739826
4041,NHPC,2021-09-01,8234.11,8926.19,7256.75,8223.36,2796575,8223.36,13.845864182832091
4042,NHPC,2021-10-01,8341.22,8570.51,7893.57,8312.7,27654068,8312.7,1.0864172309129172
4043,NHPC,2021-11-01,8907.2,9786.49,8796.01,8886.76,41938374,8886.76,6.905818807367026
4044,NHPC,2021-12-01,8139.34,8491.79,7863.37,8234.24,46888923,8234.24,-7.342608554748864
4045,NHPC,2022-01-01,8115.32,8723.3,7393.52,7995.4,3228512,7995.4,-2.900571273122965
4046,NHPC,2022-02-01,7792.62,8419.21,7201.74,7858.55,17264750,7858.55,-1.7116091752757745
4047,NHPC,2022-03-01,6932.06,7480.71,6745.5,6989.52,33755618,6989.52,-11.058401359029336
4048,NHPC,2022-04-01,6713.97,7294.65,6640.77,6829.16,3503491,6829.16,-2.294292025775746
4049,NHPC,2022-05-01,7862.09,7988.29,7437.21,7731.19,32348542,7731.19,13.208505877736055
4050,NHPC,2022-06-01,8210.99,8423.7,7883.73,8189.6,4273790,8189.6,5.929358869721235
4051,NHPC,2022-07-01,7134.8,7959.04,6353.94,7216.45,26056952,7216.45,-11.882753736446228
4052,NHPC,2022-08-01,7825.28,8429.53,6830.94,7720.87,41594578,7720.87,6.989863437008492
4053,NHPC,2022-09-01,7735.32,8275.27,6759.02,7666.94,42413333,7666.94,-0.6984964129690074
4054,NHPC,2022-10-01,7877.39,8406.78,7556.51,7868.37,4806772,7868.37,2.627254158764769
4055,NHPC,2022-11-01,8095.87,9071.79,7485.57,8152.86,45053906,8152.86,3.615615432421193
4056,NHPC,2022-12-01,8513.28,9336.54,8227.03,8560.86,1015658,8560.86,5.004378831477552
4057,NHPC,2023-01-01,8744.41,9551.24,7854.92,8707.0,24304128,8707.0,1.7070714858086644
4058,NHPC,2023-02-01,8155.4,8478.67,7967.28,8250.77,15036889,8250.77,-5.239807051797396
4059,NHPC,2023-03-01,7261.25,8114.61,7132.99,7302.36,24219198,7302.36,-11.49480593932446
4060,NHPC,2023-04-01,8065.58,8333.38,7246.7,7968.37,27272937,7968.37,9.12047612004887
4061,NHPC,2023-05-01,7592.07,8059.16,6733.73,7586.5,35093822,7586.5,-4.792322645660274
4062,NHPC,2023-06-01,7272.9,7871.69,6751.11,7394.02,45243204,7394.02,-2.5371383378369416
4063,NHPC,2023-07-01,7425.14,8111.09,7036.05,7327.96,5298119,7327.96,-0.8934246864357953
4064,NHPC,2023-08-01,7859.83,8482.21,6907.11,7817.42,6771763,7817.42,6.679348686401121
4065,NHPC,2023-09-01,8489.15,9218.93,8062.11,8463.73,38335321,8463.73,8.267561420519808
4066,NHPC,2023-10-01,8906.08,9300.27,8778.03,8953.87,1008880,8953.87,5.791063750852188
4067,NHPC,2023-11-01,8927.35,8875.96,7776.26,8764.38,32467004,8764.38,-2.1162916146872934
4068,NHPC,2023-12-01,9615.67,10396.73,9086.23,9710.17,15984428,9710.17,10.791293850791517
4069,NHPC,2024-01-01,9160.22,9179.47,8633.37,9002.94,44741551,9002.94,-7.28339462645865
4070,NHPC,2024-02-01,8827.46,9666.59,7943.3,8967.32,37069045,8967.32,-0.3956485325904757
4071,NHPC,2024-03-01,9731.12,10524.08,9508.82,9656.5,36933499,9656.5,7.685462323191317
4072,NHPC,2024-04-01,10309.64,10538.88,9959.91,10145.32,9059239,10145.32,5.062082535080004
4073,NHPC,2024-05-01,9683.74,10763.5,8606.17,9776.69,41621207,9776.69,-3.63349800696281
4074,NHPC,2024-06-01,9593.03,10680.09,9221.22,9644.99,33342548,9644.99,-1.3470816810188357
4075,NHPC,2024-07-01,9357.87,10216.29,8858.68,9494.35,10013165,9494.35,-1.5618471351447671
4076,NHPC,2024-08-01,9133.67,9173.79,8737.97,8962.66,1674821,8962.66,-5.600067408511378
4077,NHPC,2024-09-01,9074.49,9606.43,7953.84,8948.98,30162417,8948.98,-0.15263325842997943
4078,NHPC,2024-10-01,8836.65,9095.46,8671.86,8958.67,19784424,8958.67,0.10828049677169549
4079,NHPC,2024-11-01,8747.87,9286.46,8488.54,8751.8,36337519,8751.8,-2.3091597301831746
4080,NHPC,2024-12-01,8989.99,9794.66,7920.46,8867.11,45506058,8867.11,1.3175575310222065
4081,NTPC,2020-01-01,442.67,476.33,424.88,445.25,28073843,445.25,
4082,NTPC,2020-02-01,460.96,498.78,422.4,465.03,22069930,465.03,4.442448062886006
4083,NTPC,2020-03-01,453.56,507.2,423.65,459.53,37425382,459.53,-1.1827193944476733
4084,NTPC,2020-04-01,444.98,468.0,395.34,442.9,7017191,442.9,-3.618914978347443
4085,NTPC,2020-05-01,404.53,438.12,402.14,412.47,8792655,412.47,-6.870625423346121
4086,NTPC,2020-06-01,430.64,463.8,379.84,428.76,48999017,428.76,3.9493781365917524
4087,NTPC,2020-07-01,369.86,394.89,327.52,368.01,46507951,368.01,-14.168765743073052
4088,NTPC,2020-08-01,341.37,358.61,327.86,348.08,6749499,348.08,-5.4156137061492915
4089,NTPC,2020-09-01,375.01,410.12,343.68,381.79,30211149,381.79,9.684555274649508
4090,NTPC,2020-10-01,421.3,446.68,390.25,414.74,32797216,414.74,8.630398910395765
4091,NTPC,2020-11-01,415.6,416.75,399.0,410.43,24533827,410.43,-1.0392052852389422
4092,NTPC,2020-12-01,425.98,437.63,387.07,419.02,35039317,419.02,2.0929269302926157
4093,NTPC,2021-01-01,406.6,426.94,360.22,406.97,885456,406.97,-2.8757577203952
4094,NTPC,2021-02-01,437.33,445.04,393.07,436.1,42353683,436.1,7.157775757426843
4095,NTPC,2021-03-01,417.34,452.09,400.49,410.56,26214046,410.56,-5.856454941527178
4096,NTPC,2021-04-01,419.97,470.62,409.82,426.7,36730388,426.7,3.93121590023382
4097,NTPC,2021-05-01,420.13,429.2,381.0,424.55,44036310,424.55,-0.5038668853995731
4098,NTPC,2021-06-01,425.37,475.07,402.32,425.41,11939198,425.41,0.20256742433164554
4099,NTPC,2021-07-01,425.63,438.67,410.57,430.47,32381642,430.47,1.1894407747819802
4100,NTPC,2021-08-01,427.86,477.19,388.22,436.41,24523314,436.41,1.3798871001463597
4101,NTPC,2021-09-01,434.86,440.88,413.71,429.01,3038926,429.01,-1.6956531701840083
4102,NTPC,2021-10-01,406.1,454.8,389.77,408.39,10726975,408.39,-4.806414768886502
4103,NTPC,2021-11-01,479.3,511.35,444.06,471.92,17630564,471.92,15.55620852616373
4104,NTPC,2021-12-01,453.58,470.44,429.97,461.69,38800685,461.69,-2.167740294965248
4105,NTPC,2022-01-01,487.63,531.31,432.54,490.73,9088837,490.73,6.289934804739117
4106,NTPC,2022-02-01,508.15,530.61,505.09,512.31,32614536,512.31,4.397530210095146
4107,NTPC,2022-03-01,530.96,542.66,480.32,521.14,10051500,521.14,1.7235658097636275
4108,NTPC,2022-04-01,540.76,568.73,521.64,533.07,17390338,533.07,2.289212111908512
4109,NTPC,2022-05-01,526.73,581.37,511.05,530.83,45072614,530.83,-0.4202074774419917
4110,NTPC,2022-06-01,556.47,593.06,544.97,558.85,38951114,558.85,5.27852608179642
4111,NTPC,2022-07-01,542.94,565.0,506.83,542.5,22541751,542.5,-2.925650890220999
4112,NTPC,2022-08-01,574.52,608.16,520.93,568.41,8843852,568.41,4.776036866359434
4113,NTPC,2022-09-01,568.61,626.0,567.59,579.14,35406886,579.14,1.8877218908886162
4114,NTPC,2022-10-01,506.3,547.78,491.41,496.97,23677002,496.97,-14.18827917256621
4115,NTPC,2022-11-01,439.01,466.78,424.79,446.05,11568038,446.05,-10.246091313358964
4116,NTPC,2022-12-01,510.36,515.92,464.56,509.3,19848964,509.3,14.18002466091246
4117,NTPC,2023-01-01,500.33,509.8,453.55,499.14,2511773,499.14,-1.9948949538582395
4118,NTPC,2023-02-01,442.68,493.21,406.95,451.4,18458755,451.4,-9.564450855471417
4119,NTPC,2023-03-01,466.21,476.17,430.84,468.23,47768802,468.23,3.7284005316792213
4120,NTPC,2023-04-01,497.75,521.56,448.88,488.41,29846956,488.41,4.309847724408944
4121,NTPC,2023-05-01,487.92,512.99,483.25,488.91,35417239,488.91,0.10237300628570534
4122,NTPC,2023-06-01,418.91,423.27,392.27,418.53,49198017,418.53,-14.395287476222629
4123,NTPC,2023-07-01,440.28,491.8,432.22,439.26,36498057,439.26,4.953049960576306
4124,NTPC,2023-08-01,436.2,470.43,411.05,437.62,35381760,437.62,-0.37335518827118497
4125,NTPC,2023-09-01,421.89,437.75,409.42,421.23,45197071,421.23,-3.7452584433983804
4126,NTPC,2023-10-01,432.89,440.24,426.55,434.38,35133006,434.38,3.121809937563791
4127,NTPC,2023-11-01,396.25,427.27,393.6,402.64,8138103,402.64,-7.306966250748193
4128,NTPC,2023-12-01,448.44,458.19,414.77,453.52,7455946,453.52,12.636598450228487
4129,NTPC,2024-01-01,456.09,489.29,428.27,454.36,4942085,454.36,0.1852178514729408
4130,NTPC,2024-02-01,462.99,512.43,450.21,457.58,233282,457.58,0.7086891451712152
4131,NTPC,2024-03-01,450.06,466.21,409.34,447.18,26209887,447.18,-2.2728266095546124
4132,NTPC,2024-04-01,443.31,488.01,405.21,446.74,16156351,446.74,-0.0983943825752509
4133,NTPC,2024-05-01,435.32,452.4,401.21,429.68,20901802,429.68,-3.818776021847159
4134,NTPC,2024-06-01,483.39,505.78,434.93,476.63,38765527,476.63,10.9267361757587
4135,NTPC,2024-07-01,522.79,541.6,499.92,532.83,2344558,532.83,11.791116799194356
4136,NTPC,2024-08-01,518.99,550.45,466.63,510.89,37152604,510.89,-4.117636018992932
4137,NTPC,2024-09-01,531.4,564.32,472.12,529.09,32614471,529.09,3.5624106950615575
4138,NTPC,2024-10-01,522.67,546.82,503.34,512.62,26101876,512.62,-3.112891946549745
4139,NTPC,2024-11-01,489.94,516.21,437.6,486.19,29896960,486.19,-5.155865943583937
4140,NTPC,2024-12-01,483.53,522.03,438.04,491.77,23485205,491.77,1.1476994590592149
4141,ONGC,2020-01-01,5307.02,5905.94,4744.23,5292.72,26667774,5292.72,
4142,ONGC,2020-02-01,5538.88,6172.03,5269.82,5553.02,7360931,5553.02,4.918076149881356
4143,ONGC,2020-03-01,5937.03,6677.81,5438.38,6043.61,47581953,6043.61,8.83465213523451
4144,ONGC,2020-04-01,6530.74,7234.75,6304.0,6469.92,33047611,6469.92,7.053896594915954
4145,ONGC,2020-05-01,6003.14,6590.9,5543.21,5966.65,34805972,5966.65,-7.778612409427021
4146,ONGC,2020-06-01,6186.08,6389.77,5543.44,6113.53,17188568,6113.53,2.4616828538627233
4147,ONGC,2020-07-01,5602.91,6178.04,4976.43,5616.59,34989250,5616.59,-8.128528035357629
4148,ONGC,2020-08-01,5838.65,6381.52,5747.02,5852.24,37526701,5852.24,4.195606230826887
4149,ONGC,2020-09-01,5986.4,6402.95,5362.27,6036.66,35980864,6036.66,3.1512719915792964
4150,ONGC,2020-10-01,5896.95,6040.55,5825.94,5949.07,24206744,5949.07,-1.4509679193461356
4151,ONGC,2020-11-01,6154.1,6288.82,5950.29,6226.34,38373883,6226.34,4.660728483611742
4152,ONGC,2020-12-01,6505.59,6826.16,5709.46,6416.42,37362819,6416.42,3.0528368190622324
4153,ONGC,2021-01-01,6233.24,6755.26,5474.25,6220.7,46596702,6220.7,-3.050299076432028
4154,ONGC,2021-02-01,6825.9,7256.39,6414.32,6729.86,28112313,6729.86,8.184930956323244
4155,ONGC,2021-03-01,7169.46,7644.86,6397.6,7117.74,45686771,7117.74,5.763567147013471
4156,ONGC,2021-04-01,7259.35,7912.9,7195.71,7280.14,3852308,7280.14,2.2816230994669784
4157,ONGC,2021-05-01,7727.18,8394.13,7535.0,7639.71,22784345,7639.71,4.939053369852764
4158,ONGC,2021-06-01,7144.82,7902.91,6795.17,7114.13,12212354,7114.13,-6.879580507637073
4159,ONGC,2021-07-01,7427.06,7778.5,6836.6,7537.03,47649091,7537.03,5.944507620749118
4160,ONGC,2021-08-01,7781.67,7989.89,7178.05,7749.49,29520255,7749.49,2.8188822387598345
4161,ONGC,2021-09-01,8102.11,8926.4,7419.19,8037.01,21771159,8037.01,3.710179637627764
4162,ONGC,2021-10-01,7960.97,8673.89,7385.32,8009.65,20770788,8009.65,-0.3404251083425347
4163,ONGC,2021-11-01,7931.18,8652.71,7665.16,7971.12,38965795,7971.12,-0.4810447397826323
4164,ONGC,2021-12-01,7390.4,7991.95,6433.22,7304.52,23904791,7304.52,-8.362689308403326
4165,ONGC,2022-01-01,7266.15,7761.0,7034.76,7180.05,28362451,7180.05,-1.704013405398308
4166,ONGC,2022-02-01,8073.13,9194.91,7876.65,8225.3,28708955,8225.3,14.557698066169444
4167,ONGC,2022-03-01,8739.63,9681.81,8186.78,8820.15,48006907,8820.15,7.231955065468743
4168,ONGC,2022-04-01,7949.1,8575.87,7273.6,7854.07,24350825,7854.07,-10.953101704619538
4169,ONGC,2022-05-01,7808.27,8179.97,7190.76,7664.69,39878671,7664.69,-2.4112339207570055
4170,ONGC,2022-06-01,7757.04,7731.56,7191.33,7609.18,34095798,7609.18,-0.7242302037003379
4171,ONGC,2022-07-01,7765.06,8260.27,6947.56,7738.71,19270410,7738.71,1.7022859230561016
4172,ONGC,2022-08-01,7906.84,8641.14,7532.0,7929.31,35734727,7929.31,2.462942790206646
4173,ONGC,2022-09-01,7549.92,7894.33,6896.11,7680.17,44554161,7680.17,-3.1420136178305635
4174,ONGC,2022-10-01,8092.67,8741.65,7209.52,7960.23,23474654,7960.23,3.6465338657868163
4175,ONGC,2022-11-01,7416.0,7695.14,7251.71,7390.29,21414481,7390.29,-7.159843371359864
4176,ONGC,2022-12-01,7699.89,8106.07,7043.97,7642.96,11241628,7642.96,3.418945670602924
4177,ONGC,2023-01-01,7171.03,7973.17,7080.53,7269.54,46041687,7269.54,-4.885803406010236
4178,ONGC,2023-02-01,7602.98,8093.95,7560.32,7757.05,10007156,7757.05,6.706201492804231
4179,ONGC,2023-03-01,7608.57,8083.99,7115.24,7658.23,42428902,7658.23,-1.273937901650768
4180,ONGC,2023-04-01,8050.35,8983.67,7684.23,8106.9,26411607,8106.9,5.8586644694661905
4181,ONGC,2023-05-01,8510.03,9009.22,8337.23,8506.02,24632771,8506.02,4.923213558820283
4182,ONGC,2023-06-01,7828.78,8342.91,7639.5,7901.68,21299475,7901.68,-7.104850447095112
4183,ONGC,2023-07-01,8051.6,8721.21,7683.85,8112.25,35970103,8112.25,2.664876330096888
4184,ONGC,2023-08-01,8775.53,8817.71,8430.14,8698.35,6532362,8698.35,7.224875959197519
4185,ONGC,2023-09-01,8560.73,8821.62,8132.07,8674.74,32691475,8674.74,-0.2714307885978484
4186,ONGC,2023-10-01,8493.58,8819.0,8243.7,8392.02,22175216,8392.02,-3.25911785252353
4187,ONGC,2023-11-01,8162.07,9288.04,8068.49,8323.49,41875061,8323.49,-0.8166091119897301
4188,ONGC,2023-12-01,8590.34,9740.99,8435.95,8736.58,38421578,8736.58,4.962942227358957
4189,ONGC,2024-01-01,7465.44,8270.97,6674.5,7502.74,20905406,7502.74,-14.12268874090319
4190,ONGC,2024-02-01,7486.05,7953.05,6931.79,7585.29,10582740,7585.29,1.100264703295073
4191,ONGC,2024-03-01,8068.63,8488.85,7268.87,7963.47,8042093,7963.47,4.98570259014488
4192,ONGC,2024-04-01,8182.44,9101.73,7484.43,8149.36,14618426,8149.36,2.334283923967817
4193,ONGC,2024-05-01,8002.71,8754.69,7777.37,8111.39,48033555,8111.39,-0.4659261586185792
4194,ONGC,2024-06-01,8952.45,9995.21,8240.47,8926.59,36187687,8926.59,10.050065401860842
4195,ONGC,2024-07-01,10051.85,10580.68,8977.2,10043.05,24495779,10043.05,12.507127581752941
4196,ONGC,2024-08-01,10029.15,10389.9,9893.75,10065.69,11451034,10065.69,0.22542952589104104
4197,ONGC,2024-09-01,10058.9,10690.7,9563.91,10241.7,11308384,10241.7,1.748613358845752
4198,ONGC,2024-10-01,9431.21,10524.41,9129.8,9605.06,17102893,9605.06,-6.216155521056088
4199,ONGC,2024-11-01,9699.84,10686.58,8959.87,9606.94,17085296,9606.94,0.019573016722440606
4200,ONGC,2024-12-01,9781.07,10851.3,9030.34,9807.29,20426453,9807.29,2.0854715445292715
4201,PFC,2020-01-01,3926.44,4111.54,3568.92,3963.92,11595346,3963.92,
4202,PFC,2020-02-01,4103.04,4267.19,3925.57,4121.61,5885082,4121.61,3.9781327574723857
4203,PFC,2020-03-01,3854.03,3868.27,3380.82,3802.94,6385742,3802.94,-7.731687374593898
4204,PFC,2020-04-01,4003.75,4372.24,3583.45,4039.52,19614337,4039.52,6.220976402467571
4205,PFC,2020-05-01,4304.5,4531.43,3899.08,4263.17,6976208,4263.17,5.536548896898652
4206,PFC,2020-06-01,5015.27,5498.07,4887.41,4967.6,3025086,4967.6,16.52361974774641
4207,PFC,2020-07-01,5327.18,5354.86,5003.99,5270.48,17607306,5270.48,6.097109268056999
4208,PFC,2020-08-01,4971.83,5579.07,4645.83,5049.1,26326746,5049.1,-4.2003764363018
4209,PFC,2020-09-01,4572.16,4684.54,4449.21,4547.46,7489583,4547.46,-9.935235982650381
4210,PFC,2020-10-01,4240.45,4759.72,4211.54,4296.1,39682661,4296.1,-5.527481275261348
4211,PFC,2020-11-01,4120.22,4656.77,4013.79,4189.77,39284851,4189.77,-2.4750354973115174
4212,PFC,2020-12-01,4354.83,4767.43,4306.8,4438.51,43093358,4438.51,5.936841401795312
4213,PFC,2021-01-01,4870.14,4999.41,4331.43,4892.71,39267116,4892.71,10.233163832006674
4214,PFC,2021-02-01,5227.36,5322.62,5021.07,5209.15,42473237,5209.15,6.467581360840913
4215,PFC,2021-03-01,5322.31,5844.32,5238.39,5403.47,21767966,5403.47,3.7303590796963215
4216,PFC,2021-04-01,6153.19,6734.2,5685.31,6048.33,30803176,6048.33,11.93418303423539
4217,PFC,2021-05-01,6129.96,6415.43,6089.01,6152.49,34072772,6152.49,1.7221282568907537
4218,PFC,2021-06-01,6475.44,6943.82,5998.78,6479.97,44426427,6479.97,5.322722995080054
4219,PFC,2021-07-01,6656.07,7359.38,6415.05,6686.23,42758398,6686.23,3.183039427651657
4220,PFC,2021-08-01,6789.19,7047.76,6703.56,6891.92,24958603,6891.92,3.076322531531228
4221,PFC,2021-09-01,7392.15,7543.4,7110.43,7306.52,14136610,7306.52,6.015740171098916
4222,PFC,2021-10-01,7768.01,8314.2,7506.84,7815.79,19131244,7815.79,6.970076041672368
4223,PFC,2021-11-01,7918.87,8370.08,7511.46,7914.42,6224773,7914.42,1.2619325749540389
4224,PFC,2021-12-01,8039.0,9013.94,7301.36,8059.96,36141677,8059.96,1.8389218666686968
4225,PFC,2022-01-01,7632.46,8059.79,7498.5,7591.03,9844828,7591.03,-5.81801894798486
4226,PFC,2022-02-01,7935.03,8516.03,7475.36,7934.32,30794652,7934.32,4.52231120151021
4227,PFC,2022-03-01,7964.88,8257.6,7548.0,7823.7,49005109,7823.7,-1.3941963520503364
4228,PFC,2022-04-01,8212.37,8971.14,7260.05,8089.91,45732307,8089.91,3.4026100182777963
4229,PFC,2022-05-01,7357.09,7954.65,7141.55,7500.21,13115697,7500.21,-7.289327075332109
4230,PFC,2022-06-01,6922.4,7024.83,6359.55,6849.92,14171928,6849.92,-8.670290565197503
4231,PFC,2022-07-01,6671.66,7107.38,6007.62,6716.51,49386189,6716.51,-1.947613986732688
4232,PFC,2022-08-01,6974.96,7417.97,6667.79,6904.38,46038742,6904.38,2.7971372036965647
4233,PFC,2022-09-01,6824.15,7334.0,6065.32,6812.22,44207734,6812.22,-1.3348048630000053
4234,PFC,2022-10-01,7809.71,7807.18,7551.47,7696.24,24516168,7696.24,12.976973732498355
4235,PFC,2022-11-01,8033.62,8039.91,7173.43,7907.42,43789838,7907.42,2.743937299252619
4236,PFC,2022-12-01,8294.93,8634.07,7559.41,8142.37,8839517,8142.37,2.9712599052535538
4237,PFC,2023-01-01,7773.09,8583.7,7188.59,7928.19,46944703,7928.19,-2.6304380665580163
4238,PFC,2023-02-01,7636.1,7822.63,7241.36,7740.33,24454316,7740.33,-2.3695193985007856
4239,PFC,2023-03-01,6630.68,7309.99,5812.82,6597.85,48815863,6597.85,-14.76009420786969
4240,PFC,2023-04-01,6529.33,6775.54,5841.34,6599.32,26951472,6599.32,0.022279985146655967
4241,PFC,2023-05-01,6259.58,6762.68,5883.32,6252.94,3990923,6252.94,-5.24872259566137
4242,PFC,2023-06-01,6029.48,6593.87,5343.06,6010.65,44497974,6010.65,-3.874817285948684
4243,PFC,2023-07-01,6191.89,6374.04,6189.97,6294.72,32235324,6294.72,4.72611115270396
4244,PFC,2023-08-01,7427.41,7484.67,6547.75,7393.69,30508848,7393.69,17.45860022367951
4245,PFC,2023-09-01,6545.08,7054.75,6185.21,6602.53,1068836,6602.53,-10.700475675880384
4246,PFC,2023-10-01,6799.54,6772.9,6527.33,6667.23,36288635,6667.23,0.9799273914696371
4247,PFC,2023-11-01,7082.34,7550.97,6523.26,7015.44,11206398,7015.44,5.22270868111645
4248,PFC,2023-12-01,6985.15,7689.36,6278.46,6930.75,8851977,6930.75,-1.2071944168861815
4249,PFC,2024-01-01,6768.66,7097.23,6567.47,6744.65,38591401,6744.65,-2.6851350863903667
4250,PFC,2024-02-01,6258.8,6390.43,6039.85,6143.19,32700429,6143.19,-8.917586531547228
4251,PFC,2024-03-01,6536.52,7326.62,6111.55,6663.95,48204634,6663.95,8.477029035403438
4252,PFC,2024-04-01,6895.48,7503.06,6760.35,6854.87,17011519,6854.87,2.864967474245761
4253,PFC,2024-05-01,7497.12,8349.11,7148.46,7553.84,40813638,7553.84,10.196692278628184
4254,PFC,2024-06-01,7697.17,8068.62,7228.58,7794.68,33919056,7794.68,3.1883121697044103
4255,PFC,2024-07-01,7474.98,8155.02,6568.9,7430.45,33432333,7430.45,-4.672802475534599
4256,PFC,2024-08-01,8355.64,9155.85,7881.09,8222.57,39835464,8222.57,10.660457980337657
4257,PFC,2024-09-01,7780.85,8531.25,7424.47,7715.87,21279436,7715.87,-6.162306918639793
4258,PFC,2024-10-01,8196.36,9124.38,8149.38,8254.03,47622340,8254.03,6.974715748191729
4259,PFC,2024-11-01,7911.27,8166.43,7692.74,7873.3,18106411,7873.3,-4.612655878401217
4260,PFC,2024-12-01,7802.02,8518.09,7596.07,7863.42,9221721,7863.42,-0.12548740680528025
4261,PIDILITIND,2020-01-01,928.84,1023.04,889.2,914.96,24036369,914.96,
4262,PIDILITIND,2020-02-01,890.05,922.93,850.91,880.46,11261412,880.46,-3.7706566407274655
4263,PIDILITIND,2020-03-01,823.94,871.83,774.76,838.25,37489716,838.25,-4.794084910160601
4264,PIDILITIND,2020-04-01,850.02,910.69,806.56,841.25,32730676,841.25,0.357888458097233
4265,PIDILITIND,2020-05-01,874.65,964.82,820.69,866.45,30605683,866.45,2.995542347696878
4266,PIDILITIND,2020-06-01,795.35,849.07,776.39,811.23,45820068,811.23,-6.3731317444745805
4267,PIDILITIND,2020-07-01,816.05,851.78,782.37,803.45,41213215,803.45,-0.959037510940175
4268,PIDILITIND,2020-08-01,828.54,926.59,773.25,832.18,32852554,832.18,3.5758292364179267
4269,PIDILITIND,2020-09-01,804.42,869.69,744.95,796.61,40721577,796.61,-4.274315652863558
4270,PIDILITIND,2020-10-01,711.64,721.61,676.75,712.87,21884899,712.87,-10.512044789796759
4271,PIDILITIND,2020-11-01,735.81,806.64,698.1,728.4,27686716,728.4,2.1785178223238333
4272,PIDILITIND,2020-12-01,791.06,804.32,700.24,793.04,4259131,793.04,8.874244920373409
4273,PIDILITIND,2021-01-01,904.33,933.69,821.29,897.2,16839549,897.2,13.134268132754979
4274,PIDILITIND,2021-02-01,944.56,992.55,875.59,934.51,29640948,934.51,4.158493089612114
4275,PIDILITIND,2021-03-01,947.06,1018.9,906.4,950.51,16444833,950.51,1.7121272110517838
4276,PIDILITIND,2021-04-01,968.86,983.66,938.34,950.01,24900448,950.01,-0.05260333925997118
4277,PIDILITIND,2021-05-01,884.0,930.33,771.93,872.87,45248013,872.87,-8.1199145272155
4278,PIDILITIND,2021-06-01,896.16,957.64,832.2,878.7,29033728,878.7,0.667911601956761
4279,PIDILITIND,2021-07-01,954.06,1004.58,923.57,935.41,41407378,935.41,6.453852281779904
4280,PIDILITIND,2021-08-01,911.91,971.83,816.1,904.27,25233983,904.27,-3.329021498594198
4281,PIDILITIND,2021-09-01,819.08,914.66,741.51,826.82,33356166,826.82,-8.564919769537848
4282,PIDILITIND,2021-10-01,823.04,877.76,822.75,836.59,12098361,836.59,1.1816356643525872
4283,PIDILITIND,2021-11-01,830.53,913.5,774.36,845.37,34543961,845.37,1.0494985596289697
4284,PIDILITIND,2021-12-01,828.88,899.63,790.07,814.65,49276263,814.65,-3.633911778274601
4285,PIDILITIND,2022-01-01,753.75,835.89,684.86,765.43,15769334,765.43,-6.041858466826245
4286,PIDILITIND,2022-02-01,682.93,737.91,654.85,696.12,10636907,696.12,-9.055040957370364
4287,PIDILITIND,2022-03-01,681.07,682.66,625.84,671.54,25886355,671.54,-3.5310004022295116
4288,PIDILITIND,2022-04-01,749.0,823.02,670.7,754.68,10537217,754.68,12.380498555558873
4289,PIDILITIND,2022-05-01,762.62,846.62,709.09,757.08,37119920,757.08,0.31801558276356445
4290,PIDILITIND,2022-06-01,729.69,793.11,649.53,718.73,37715930,718.73,-5.0655148729328525
4291,PIDILITIND,2022-07-01,707.04,787.55,681.18,705.24,14201282,705.24,-1.8769217926064008
4292,PIDILITIND,2022-08-01,662.88,705.22,624.58,668.79,17822792,668.79,-5.168453292496178
4293,PIDILITIND,2022-09-01,712.43,795.85,645.44,719.48,41160490,719.48,7.579359739230562
4294,PIDILITIND,2022-10-01,747.22,799.5,740.62,756.38,22779729,756.38,5.128704064046263
4295,PIDILITIND,2022-11-01,770.96,830.82,751.68,759.5,39391690,759.5,0.4124910759142342
4296,PIDILITIND,2022-12-01,723.16,776.53,695.65,710.94,3907047,710.94,-6.393680052666218
4297,PIDILITIND,2023-01-01,764.07,762.91,718.22,749.18,36810868,749.18,5.3787942723717785
4298,PIDILITIND,2023-02-01,744.61,819.41,690.28,748.61,27906702,748.61,-0.07608318428147243
4299,PIDILITIND,2023-03-01,740.24,753.29,684.8,728.22,45317415,728.22,-2.723714617758244
4300,PIDILITIND,2023-04-01,695.85,713.99,624.58,702.73,12331440,702.73,-3.500315838620194
4301,PIDILITIND,2023-05-01,695.9,752.71,660.92,700.42,27217141,700.42,-0.3287179998007872
4302,PIDILITIND,2023-06-01,662.47,732.72,654.04,673.63,17379085,673.63,-3.824847948373833
4303,PIDILITIND,2023-07-01,642.87,690.05,583.26,650.13,23195953,650.13,-3.488561970221038
4304,PIDILITIND,2023-08-01,631.77,698.66,565.35,640.24,27781840,640.24,-1.5212342146955216
4305,PIDILITIND,2023-09-01,618.53,672.07,587.82,620.54,23720498,620.54,-3.0769711358240692
4306,PIDILITIND,2023-10-01,633.2,706.15,578.25,637.56,19975671,637.56,2.742772424017792
4307,PIDILITIND,2023-11-01,654.04,716.07,628.0,648.92,49340818,648.92,1.7817930861409037
4308,PIDILITIND,2023-12-01,662.25,719.73,650.89,658.72,448840,658.72,1.5102015656783596
4309,PIDILITIND,2024-01-01,679.7,751.46,660.1,678.69,47294984,678.69,3.031637114403707
4310,PIDILITIND,2024-02-01,691.57,700.82,611.0,693.36,27277488,693.36,2.1615170401803496
4311,PIDILITIND,2024-03-01,618.39,676.11,559.6,608.58,42825724,608.58,-12.227414330218068
4312,PIDILITIND,2024-04-01,580.05,612.63,534.52,575.27,38074928,575.27,-5.473397088303933
4313,PIDILITIND,2024-05-01,551.64,578.74,498.14,556.95,14807140,556.95,-3.1845915830827187
4314,PIDILITIND,2024-06-01,561.89,596.74,544.18,552.47,34318612,552.47,-0.8043810036807653
4315,PIDILITIND,2024-07-01,590.76,613.63,532.35,581.34,42329240,581.34,5.225623110757138
4316,PIDILITIND,2024-08-01,612.47,654.67,544.26,617.78,39647299,617.78,6.268276739945633
4317,PIDILITIND,2024-09-01,691.51,774.49,655.18,697.35,25209384,697.35,12.87998964032504
4318,PIDILITIND,2024-10-01,702.53,743.14,689.06,712.11,22506559,712.11,2.116584211658412
4319,PIDILITIND,2024-11-01,706.42,760.46,682.16,716.64,23606267,716.64,0.6361376753591497
4320,PIDILITIND,2024-12-01,689.94,729.83,670.87,684.74,8056126,684.74,-4.4513284215226605
4321,PNB,2020-01-01,86.19,87.27,83.61,85.01,31086224,85.01,
4322,PNB,2020-02-01,88.36,92.02,85.3,88.73,39073432,88.73,4.375955769909412
4323,PNB,2020-03-01,96.7,99.9,94.09,97.92,2240049,97.92,10.357263608700551
4324,PNB,2020-04-01,93.51,99.81,82.09,92.16,48594920,92.16,-5.882352941176472
4325,PNB,2020-05-01,98.17,110.08,90.3,99.39,42485638,99.39,7.845052083333348
4326,PNB,2020-06-01,101.14,108.79,97.04,103.07,35723159,103.07,3.7025857732166045
4327,PNB,2020-07-01,107.88,114.41,105.25,109.04,32617442,109.04,5.792180071795872
4328,PNB,2020-08-01,98.73,102.66,94.97,100.06,22578319,100.06,-8.235509904622162
4329,PNB,2020-09-01,94.11,95.88,88.21,93.83,38206066,93.83,-6.226264241455127
4330,PNB,2020-10-01,89.18,97.75,79.38,88.79,21837031,88.79,-5.37141639134604
4331,PNB,2020-11-01,96.78,104.69,91.38,96.03,4801981,96.03,8.154071404437424
4332,PNB,2020-12-01,103.93,112.41,102.05,103.16,34698785,103.16,7.424763094866194
4333,PNB,2021-01-01,109.16,124.31,107.22,111.03,30663768,111.03,7.628925940286946
4334,PNB,2021-02-01,110.75,122.55,107.71,112.44,38800850,112.44,1.2699270467441126
4335,PNB,2021-03-01,103.87,114.54,94.93,104.73,34230535,104.73,-6.85699039487726
4336,PNB,2021-04-01,112.68,113.2,106.33,111.97,5752127,111.97,6.913014418027297
4337,PNB,2021-05-01,115.73,123.49,115.27,117.73,39395729,117.73,5.144235062963309
4338,PNB,2021-06-01,114.33,121.02,105.23,114.74,39280532,114.74,-2.539709504799126
4339,PNB,2021-07-01,123.18,136.41,120.03,122.09,21442205,122.09,6.4057869966881675
4340,PNB,2021-08-01,134.14,148.89,132.35,135.21,3499899,135.21,10.746170857564085
4341,PNB,2021-09-01,131.1,134.86,122.53,131.11,33194394,131.11,-3.032320094667551
4342,PNB,2021-10-01,120.01,127.75,104.65,117.94,43811767,117.94,-10.04500038135917
4343,PNB,2021-11-01,125.07,128.6,121.48,125.53,6045494,125.53,6.435475665592683
4344,PNB,2021-12-01,129.6,134.78,121.73,128.9,15145575,128.9,2.6846172229745946
4345,PNB,2022-01-01,139.54,148.6,124.37,137.63,16872858,137.63,6.772692009309544
4346,PNB,2022-02-01,135.26,143.23,127.78,136.08,32482202,136.08,-1.1262079488483456
4347,PNB,2022-03-01,134.56,140.18,123.58,135.62,3197716,135.62,-0.3380364491475607
4348,PNB,2022-04-01,123.22,127.34,120.09,121.82,29527468,121.82,-10.175490340657733
4349,PNB,2022-05-01,128.12,130.3,116.85,126.39,26979757,126.39,3.751436545723208
4350,PNB,2022-06-01,139.09,138.76,129.07,136.49,35880092,136.49,7.9911385394414225
4351,PNB,2022-07-01,134.5,144.49,128.01,132.8,36513801,132.8,-2.703494761520986
4352,PNB,2022-08-01,142.54,156.29,125.49,140.87,5327716,140.87,6.076807228915659
4353,PNB,2022-09-01,150.13,156.16,145.48,152.51,280431,152.51,8.262937460069564
4354,PNB,2022-10-01,152.81,157.94,133.93,150.62,42310493,150.62,-1.2392629991475834
4355,PNB,2022-11-01,144.95,154.64,130.41,144.86,14135794,144.86,-3.824193334218562
4356,PNB,2022-12-01,155.86,167.16,136.45,153.24,14905165,153.24,5.784895761424824
4357,PNB,2023-01-01,162.87,180.16,151.0,161.0,14473396,161.0,5.063951970764813
4358,PNB,2023-02-01,161.12,166.0,146.64,161.55,39265507,161.55,0.34161490683231044
4359,PNB,2023-03-01,166.84,184.01,150.79,168.72,13921314,168.72,4.438254410399245
4360,PNB,2023-04-01,159.99,167.19,153.23,158.96,35714034,158.96,-5.784732100521572
4361,PNB,2023-05-01,155.09,157.56,142.05,153.55,3851511,153.55,-3.4033719174635158
4362,PNB,2023-06-01,149.18,161.08,138.54,146.89,4576273,146.89,-4.337349397590373
4363,PNB,2023-07-01,155.64,166.35,142.43,155.56,23980079,155.56,5.902375927564862
4364,PNB,2023-08-01,160.01,170.42,158.82,161.68,37219767,161.68,3.9341733093340325
4365,PNB,2023-09-01,180.37,184.46,165.39,179.88,45286859,179.88,11.256803562592776
4366,PNB,2023-10-01,190.41,196.49,169.81,190.05,25959521,190.05,5.653769179452972
4367,PNB,2023-11-01,201.47,208.67,183.73,205.07,27359063,205.07,7.903183372796629
4368,PNB,2023-12-01,188.33,209.37,169.41,189.15,33728601,189.15,-7.763202808796987
4369,PNB,2024-01-01,207.82,220.49,198.73,207.05,25309042,207.05,9.463388844832155
4370,PNB,2024-02-01,204.83,221.46,191.72,202.49,30819193,202.49,-2.2023665781212287
4371,PNB,2024-03-01,202.08,217.7,180.39,202.8,18004313,202.8,0.1530939799496256
4372,PNB,2024-04-01,207.02,232.59,197.67,211.08,36580212,211.08,4.082840236686391
4373,PNB,2024-05-01,226.76,232.72,198.71,224.92,21727095,224.92,6.556755732423714
4374,PNB,2024-06-01,223.84,239.62,210.37,226.06,33523271,226.06,0.506846878890288
4375,PNB,2024-07-01,222.27,231.47,209.2,219.71,41435613,219.71,-2.8089887640449396
4376,PNB,2024-08-01,225.4,248.36,209.63,227.99,6202985,227.99,3.7686040690000366
4377,PNB,2024-09-01,257.69,282.0,246.41,259.15,38523568,259.15,13.667266108162623
4378,PNB,2024-10-01,268.26,277.9,243.56,269.87,697736,269.87,4.136600424464598
4379,PNB,2024-11-01,265.51,289.38,262.37,268.17,41996312,268.17,-0.6299329306703183
4380,PNB,2024-12-01,261.35,267.29,235.08,260.84,48552233,260.84,-2.7333407912891183
4381,POWERGRID,2020-01-01,4204.95,4448.79,4133.94,4222.99,13107788,4222.99,
4382,POWERGRID,2020-02-01,4185.59,4446.7,4082.15,4173.18,43450995,4173.18,-1.1794960442719327
4383,POWERGRID,2020-03-01,4087.16,4575.84,3877.72,4095.37,39076777,4095.37,-1.8645253739354772
4384,POWERGRID,2020-04-01,3852.01,4058.89,3522.01,3798.6,35175757,3798.6,-7.246475898392579
4385,POWERGRID,2020-05-01,3053.65,3222.2,2767.06,3076.28,46968461,3076.28,-19.015426736165953
4386,POWERGRID,2020-06-01,3402.45,3671.99,3205.88,3344.02,39566788,3344.02,8.703369004121853
4387,POWERGRID,2020-07-01,3508.81,3641.89,3360.34,3541.16,38636553,3541.16,5.895299669260345
4388,POWERGRID,2020-08-01,3603.14,3962.42,3505.54,3630.31,41576279,3630.31,2.517536626416206
4389,POWERGRID,2020-09-01,3402.18,3725.32,3177.88,3413.67,29917464,3413.67,-5.967534452980594
4390,POWERGRID,2020-10-01,3685.8,3770.52,3300.1,3668.47,3970688,3668.47,7.464107544080112
4391,POWERGRID,2020-11-01,3649.69,4025.51,3310.53,3689.24,13655400,3689.24,0.5661760897594847
4392,POWERGRID,2020-12-01,3595.42,3754.87,3223.49,3562.85,17694674,3562.85,-3.425908859277249
4393,POWERGRID,2021-01-01,3413.07,3717.97,3209.66,3442.08,46734822,3442.08,-3.3897020643585907
4394,POWERGRID,2021-02-01,3573.27,3832.61,3377.28,3516.55,11152888,3516.55,2.163517408078852
4395,POWERGRID,2021-03-01,3949.97,4082.39,3614.15,3978.77,29346745,3978.77,13.144132743740311
4396,POWERGRID,2021-04-01,3992.69,4254.27,3679.72,3994.74,32063634,3994.74,0.4013803260806581
4397,POWERGRID,2021-05-01,3658.29,3668.87,3251.35,3595.67,11266237,3595.67,-9.98988670101182
4398,POWERGRID,2021-06-01,3379.35,3635.13,3040.66,3437.22,7026952,3437.22,-4.406689156680121
4399,POWERGRID,2021-07-01,3188.77,3420.09,2957.16,3211.83,40213431,3211.83,-6.557334124670511
4400,POWERGRID,2021-08-01,3351.64,3512.91,3178.09,3312.79,21724225,3312.79,3.1433793195779325
4401,POWERGRID,2021-09-01,3204.97,3360.26,3110.96,3153.88,33114413,3153.88,-4.796863067082424
4402,POWERGRID,2021-10-01,3490.85,3620.09,3280.79,3515.8,45442217,3515.8,11.475389044605366
4403,POWERGRID,2021-11-01,3457.7,3588.91,3443.09,3525.06,12671816,3525.06,0.2633824449627342
4404,POWERGRID,2021-12-01,3692.86,3844.7,3572.99,3751.16,48892793,3751.16,6.414075221414661
4405,POWERGRID,2022-01-01,3449.36,3812.84,3118.1,3491.76,12068103,3491.76,-6.91519423325051
4406,POWERGRID,2022-02-01,3432.01,3741.03,3410.08,3493.75,25603401,3493.75,0.05699131669987256
4407,POWERGRID,2022-03-01,3855.32,3911.42,3390.15,3817.74,9471608,3817.74,9.273416815742387
4408,POWERGRID,2022-04-01,3896.89,4217.79,3685.73,3923.22,12549046,3923.22,2.7628911345455753
4409,POWERGRID,2022-05-01,3990.73,4098.11,3729.13,4003.77,47432580,4003.77,2.053160414149602
4410,POWERGRID,2022-06-01,4312.64,4700.69,3863.63,4254.13,28589015,4254.13,6.25310644717354
4411,POWERGRID,2022-07-01,4251.56,4634.26,3776.2,4289.53,12735843,4289.53,0.8321325394381462
4412,POWERGRID,2022-08-01,4631.12,4638.09,4140.23,4545.88,16123989,4545.88,5.976179208444754
4413,POWERGRID,2022-09-01,4397.94,4891.15,3921.25,4372.22,23854954,4372.22,-3.8201624327962924
4414,POWERGRID,2022-10-01,4825.69,4975.03,4694.76,4896.14,5083380,4896.14,11.982928580903973
4415,POWERGRID,2022-11-01,5251.51,5645.2,4807.75,5270.45,31082396,5270.45,7.645001981152499
4416,POWERGRID,2022-12-01,5665.06,5885.15,5482.82,5736.03,6566150,5736.03,8.833780796706158
4417,POWERGRID,2023-01-01,6019.58,6448.52,5532.05,5974.12,19874397,5974.12,4.150780243478502
4418,POWERGRID,2023-02-01,6524.12,6992.96,5998.05,6407.33,48466535,6407.33,7.251444564220333
4419,POWERGRID,2023-03-01,6965.94,7429.89,6502.92,6945.39,2842706,6945.39,8.397569658500515
4420,POWERGRID,2023-04-01,6781.0,7624.27,6639.5,6874.51,39337225,6874.51,-1.020533044220695
4421,POWERGRID,2023-05-01,6441.45,6713.41,6064.39,6425.85,18302712,6425.85,-6.526428792743044
4422,POWERGRID,2023-06-01,6331.21,6596.52,5682.02,6233.51,4860631,6233.51,-2.9932226864928357
4423,POWERGRID,2023-07-01,6431.82,6634.0,5644.88,6403.14,1140987,6403.14,2.721259771781881
4424,POWERGRID,2023-08-01,7035.12,7062.84,6901.67,6976.32,9250853,6976.32,8.95154564791647
4425,POWERGRID,2023-09-01,6986.84,7238.48,6851.14,7104.44,29287562,7104.44,1.8364983257648682
4426,POWERGRID,2023-10-01,6775.26,7352.91,6265.5,6664.2,46087456,6664.2,-6.196688268181583
4427,POWERGRID,2023-11-01,6170.97,6665.21,5535.18,6088.83,36388062,6088.83,-8.633744485459616
4428,POWERGRID,2023-12-01,6100.69,6711.28,5571.85,6121.93,20140766,6121.93,0.54361839630932
4429,POWERGRID,2024-01-01,5787.63,6056.07,5349.84,5714.5,26632278,5714.5,-6.655254143709588
4430,POWERGRID,2024-02-01,5828.67,6145.57,5215.18,5760.17,33190124,5760.17,0.7991950301863726
4431,POWERGRID,2024-03-01,6299.59,6359.77,5687.01,6197.62,45470274,6197.62,7.594393915457354
4432,POWERGRID,2024-04-01,5857.05,6173.06,5505.72,5751.55,42715369,5751.55,-7.1974403077310285
4433,POWERGRID,2024-05-01,6870.5,7169.98,6030.34,6791.55,21197893,6791.55,18.082082221314245
4434,POWERGRID,2024-06-01,6676.16,7326.06,6523.28,6668.92,2668188,6668.92,-1.8056261089147596
4435,POWERGRID,2024-07-01,6564.26,7409.02,6244.07,6680.67,37951391,6680.67,0.17619044762871017
4436,POWERGRID,2024-08-01,6628.78,7048.11,6369.33,6675.29,6756983,6675.29,-0.08053084496015828
4437,POWERGRID,2024-09-01,6911.22,7613.19,6619.11,6816.98,48733693,6816.98,2.122604411194118
4438,POWERGRID,2024-10-01,6639.96,7358.58,6288.31,6664.95,25960790,6664.95,-2.2301664373373553
4439,POWERGRID,2024-11-01,6672.46,6653.54,6444.57,6547.57,288531,6547.57,-1.7611534970254805
4440,POWERGRID,2024-12-01,6880.31,7406.56,6224.16,6793.93,34921210,6793.93,3.762617276333069
4441,RECLTD,2020-01-01,3708.92,4122.97,3405.89,3753.34,2192125,3753.34,
4442,RECLTD,2020-02-01,3605.57,3739.15,3214.2,3622.96,36327768,3622.96,-3.4737060857796043
4443,RECLTD,2020-03-01,3592.38,3803.66,3410.45,3588.85,43885500,3588.85,-0.9414953518669833
4444,RECLTD,2020-04-01,3670.01,3923.51,3640.88,3732.81,15581296,3732.81,4.011312816083157
4445,RECLTD,2020-05-01,4164.6,4149.22,3866.96,4094.41,29763756,4094.41,9.687072205657387
4446,RECLTD,2020-06-01,4043.51,4235.61,3703.51,4066.79,22080134,4066.79,-0.6745782664657418
4447,RECLTD,2020-07-01,4289.3,4703.27,4173.03,4301.19,46156758,4301.19,5.76375962368354
4448,RECLTD,2020-08-01,4692.2,5240.23,4234.68,4685.82,35746821,4685.82,8.942408961240966
4449,RECLTD,2020-09-01,4756.96,5157.78,4621.81,4705.0,36641483,4705.0,0.40932003363338687
4450,RECLTD,2020-10-01,5170.84,5220.41,4631.13,5131.18,48717756,5131.18,9.05802337938364
4451,RECLTD,2020-11-01,4510.55,4631.13,4200.92,4563.22,24995752,4563.22,-11.068798989706075
4452,RECLTD,2020-12-01,4812.66,5004.51,4551.65,4863.25,29336621,4863.25,6.574962416889818
4453,RECLTD,2021-01-01,5082.01,5486.81,5033.54,5166.25,46370845,5166.25,6.230401480491432
4454,RECLTD,2021-02-01,5261.25,5385.27,4919.99,5276.89,29446311,5276.89,2.141592063876119
4455,RECLTD,2021-03-01,5782.74,5746.03,5610.99,5687.84,11680746,5687.84,7.787731030967104
4456,RECLTD,2021-04-01,5374.08,5385.38,4775.17,5269.5,11820197,5269.5,-7.35498888857633
4457,RECLTD,2021-05-01,5428.36,5714.34,5363.35,5442.74,44686685,5442.74,3.287598443875117
4458,RECLTD,2021-06-01,5752.79,6185.53,5686.12,5764.35,49129762,5764.35,5.9089723190892895
4459,RECLTD,2021-07-01,5695.53,5948.11,5083.43,5660.01,10538311,5660.01,-1.8100913372713356
4460,RECLTD,2021-08-01,5965.2,6392.44,5428.57,5995.61,20205189,5995.61,5.929318146080997
4461,RECLTD,2021-09-01,6299.97,6629.51,6033.31,6327.74,48335834,6327.74,5.539553106356143
4462,RECLTD,2021-10-01,6332.0,6848.55,5761.18,6313.27,13388984,6313.27,-0.22867564090811587
4463,RECLTD,2021-11-01,6337.12,7081.91,6238.55,6362.1,12762754,6362.1,0.7734502088458051
4464,RECLTD,2021-12-01,6702.86,7103.92,6158.85,6573.06,4888330,6573.06,3.3158862639694364
4465,RECLTD,2022-01-01,6597.94,6992.08,5770.31,6486.17,24815552,6486.17,-1.3219109516724337
4466,RECLTD,2022-02-01,7218.27,7939.68,6568.11,7161.73,26615256,7161.73,10.415391517644457
4467,RECLTD,2022-03-01,6898.17,7471.54,6634.23,7011.59,391495,7011.59,-2.096420836864832
4468,RECLTD,2022-04-01,6944.14,7231.56,6429.73,7001.88,27098456,7001.88,-0.13848499413114945
4469,RECLTD,2022-05-01,7383.66,7537.62,6865.71,7346.92,47645953,7346.92,4.9278193856507
4470,RECLTD,2022-06-01,7287.88,7889.6,6719.76,7245.52,1094615,7245.52,-1.3801701937682709
4471,RECLTD,2022-07-01,6943.24,7377.13,6819.75,6954.06,10333733,6954.06,-4.022623635018608
4472,RECLTD,2022-08-01,7215.95,7575.55,6921.8,7141.88,41246335,7141.88,2.7008682697589492
4473,RECLTD,2022-09-01,7073.23,7280.46,6630.04,6944.07,35167054,6944.07,-2.7697188975451925
4474,RECLTD,2022-10-01,6834.34,7346.39,6581.65,6931.21,27005624,6931.21,-0.18519398565970402
4475,RECLTD,2022-11-01,7932.31,8826.28,7287.93,7918.91,49006945,7918.91,14.250037150800509
4476,RECLTD,2022-12-01,7076.79,7350.14,6388.8,7090.13,7170576,7090.13,-10.46583431305571
4477,RECLTD,2023-01-01,7033.18,7989.96,6811.43,7142.03,38013327,7142.03,0.7320035034618533
4478,RECLTD,2023-02-01,6957.03,7484.06,6423.1,7046.86,44715466,7046.86,-1.3325343074728102
4479,RECLTD,2023-03-01,8057.42,8635.95,7864.96,8097.13,11649513,8097.13,14.904084939959073
4480,RECLTD,2023-04-01,7506.44,8393.52,7176.79,7650.44,20165657,7650.44,-5.516646021491567
4481,RECLTD,2023-05-01,8240.99,8738.34,7416.59,8190.73,820661,8190.73,7.062208186718677
4482,RECLTD,2023-06-01,8604.9,8982.37,8153.45,8440.16,34764652,8440.16,3.045271911050662
4483,RECLTD,2023-07-01,7005.63,7432.69,6654.23,7136.25,43656286,7136.25,-15.44887774639343
4484,RECLTD,2023-08-01,7324.14,8240.77,7294.66,7373.83,29931286,7373.83,3.3291995095463323
4485,RECLTD,2023-09-01,7185.79,7234.04,6641.01,7123.54,2960481,7123.54,-3.394301197613725
4486,RECLTD,2023-10-01,6935.9,7153.46,6139.35,6806.9,27288192,6806.9,-4.444981006634352
4487,RECLTD,2023-11-01,6760.68,7494.6,6575.52,6841.5,44597599,6841.5,0.5083077465513064
4488,RECLTD,2023-12-01,7637.72,8510.21,7035.71,7705.2,47055846,7705.2,12.624424468318352
4489,RECLTD,2024-01-01,8003.67,8357.29,7389.39,7856.5,34751804,7856.5,1.9636089913305232
4490,RECLTD,2024-02-01,7798.93,8688.78,7170.77,7926.5,15219247,7926.5,0.8909819894354909
4491,RECLTD,2024-03-01,7509.05,7776.02,7322.02,7489.08,16405108,7489.08,-5.51845076641645
4492,RECLTD,2024-04-01,7756.22,8203.15,6914.06,7784.85,18206905,7784.85,3.9493502539697856
4493,RECLTD,2024-05-01,7810.98,8118.08,7457.36,7718.88,37971936,7718.88,-0.8474151717759559
4494,RECLTD,2024-06-01,8221.89,9050.32,7853.77,8117.5,20439649,8117.5,5.164220715958789
4495,RECLTD,2024-07-01,7230.3,7639.94,6624.29,7322.71,7335148,7322.71,-9.791068678780412
4496,RECLTD,2024-08-01,7452.55,7552.66,7261.38,7426.78,46557289,7426.78,1.4211951586229565
4497,RECLTD,2024-09-01,7231.91,8138.28,6865.4,7337.18,3451533,7337.18,-1.2064447849538973
4498,RECLTD,2024-10-01,7451.24,7918.38,6710.92,7584.75,15533739,7584.75,3.3741846322429048
4499,RECLTD,2024-11-01,7358.62,8176.0,6616.81,7304.04,12035403,7304.04,-3.7009789380005986
4500,RECLTD,2024-12-01,6945.59,7720.98,6449.08,6990.29,43793339,6990.29,-4.295567932267619
4501,RELIANCE,2020-01-01,3527.91,3840.07,3281.57,3565.43,33677400,3565.43,
4502,RELIANCE,2020-02-01,3384.01,3670.31,3100.1,3376.21,22847831,3376.21,-5.3070737610891205
4503,RELIANCE,2020-03-01,3250.84,3515.49,3060.72,3190.23,11781486,3190.23,-5.508543603626547
4504,RELIANCE,2020-04-01,3374.6,3650.27,3133.43,3370.12,7960613,3370.12,5.638778395288102
4505,RELIANCE,2020-05-01,3395.8,3536.89,3215.82,3352.63,9699920,3352.63,-0.518972618185698
4506,RELIANCE,2020-06-01,3159.82,3288.29,2920.32,3144.05,38639814,3144.05,-6.221384405675545
4507,RELIANCE,2020-07-01,3029.81,3133.73,2838.83,3002.7,16697964,3002.7,-4.495793641958635
4508,RELIANCE,2020-08-01,2723.65,2957.54,2467.96,2754.34,15582404,2754.34,-8.27122256635694
4509,RELIANCE,2020-09-01,2891.11,3027.12,2735.28,2840.38,9539675,2840.38,3.1237973525418017
4510,RELIANCE,2020-10-01,2484.81,2571.93,2241.31,2454.81,34290411,2454.81,-13.574592132038676
4511,RELIANCE,2020-11-01,2718.75,2971.33,2587.94,2683.61,1806404,2683.61,9.320476941188938
4512,RELIANCE,2020-12-01,2650.39,2848.07,2479.91,2600.52,38025118,2600.52,-3.0962025033443807
4513,RELIANCE,2021-01-01,2523.34,2667.24,2225.7,2514.61,14783095,2514.61,-3.303570055219718
4514,RELIANCE,2021-02-01,2514.5,2633.67,2410.01,2522.53,41117117,2522.53,0.3149593773984938
4515,RELIANCE,2021-03-01,2629.75,2715.37,2371.06,2597.4,15324239,2597.4,2.9680519161318086
4516,RELIANCE,2021-04-01,2637.63,2947.88,2452.2,2676.28,29670258,2676.28,3.0368830368830313
4517,RELIANCE,2021-05-01,2761.12,2784.39,2667.21,2709.94,41230310,2709.94,1.2577159340577238
4518,RELIANCE,2021-06-01,2761.2,2818.02,2472.48,2736.6,941672,2736.6,0.9837856188697813
4519,RELIANCE,2021-07-01,2578.89,2837.9,2361.61,2586.9,6836278,2586.9,-5.4702916027186905
4520,RELIANCE,2021-08-01,2725.52,2741.46,2442.99,2687.69,18629534,2687.69,3.8961691599984416
4521,RELIANCE,2021-09-01,2694.15,2909.53,2516.63,2670.02,17108008,2670.02,-0.6574418924801595
4522,RELIANCE,2021-10-01,2944.25,3171.84,2771.16,2922.86,30935980,2922.86,9.469591988074999
4523,RELIANCE,2021-11-01,3074.94,3208.71,3050.67,3121.76,17179863,3121.76,6.804978685260332
4524,RELIANCE,2021-12-01,3087.71,3331.61,2852.79,3096.29,40793436,3096.29,-0.8158859105120264
4525,RELIANCE,2022-01-01,2916.66,2994.23,2674.37,2898.47,30379710,2898.47,-6.388936436832471
4526,RELIANCE,2022-02-01,3169.51,3345.05,3080.48,3115.73,34585400,3115.73,7.495678754653334
4527,RELIANCE,2022-03-01,3028.19,3202.23,2810.11,2998.77,28794853,2998.77,-3.753855436767628
4528,RELIANCE,2022-04-01,2935.54,3299.86,2885.51,2954.62,6006525,2954.62,-1.4722702974886426
4529,RELIANCE,2022-05-01,2878.54,3053.93,2685.54,2854.35,11439516,2854.35,-3.3936682212941105
4530,RELIANCE,2022-06-01,2831.65,3040.8,2460.0,2788.14,19848309,2788.14,-2.3196174260339486
4531,RELIANCE,2022-07-01,2487.01,2548.94,2226.89,2455.85,5078424,2455.85,-11.91798116306929
4532,RELIANCE,2022-08-01,2551.11,2571.99,2301.1,2522.71,2379219,2522.71,2.722478978764986
4533,RELIANCE,2022-09-01,2519.89,2728.53,2352.18,2542.75,14185326,2542.75,0.7943838174027107
4534,RELIANCE,2022-10-01,2508.51,2805.45,2522.75,2555.62,17467249,2555.62,0.5061449218365821
4535,RELIANCE,2022-11-01,2837.24,3048.15,2748.31,2804.89,44302632,2804.89,9.753797512932284
4536,RELIANCE,2022-12-01,2878.52,3057.52,2630.45,2878.28,25400636,2878.28,2.616501894904988
4537,RELIANCE,2023-01-01,2670.97,2920.73,2510.76,2699.09,31048221,2699.09,-6.2255930625234495
4538,RELIANCE,2023-02-01,2793.25,2956.07,2523.86,2794.59,43777727,2794.59,3.5382295514414075
4539,RELIANCE,2023-03-01,2658.59,2955.93,2479.99,2641.92,14519952,2641.92,-5.463055403476003
4540,RELIANCE,2023-04-01,2827.67,2885.2,2690.93,2773.5,15480978,2773.5,4.98046875
4541,RELIANCE,2023-05-01,3002.1,3037.33,2739.88,2983.6,36900605,2983.6,7.575265909500617
4542,RELIANCE,2023-06-01,3087.26,3169.73,2824.95,3073.33,13245826,3073.33,3.0074406756937844
4543,RELIANCE,2023-07-01,2916.3,2957.27,2648.55,2863.32,9855579,2863.32,-6.83330459143664
4544,RELIANCE,2023-08-01,2696.15,2782.53,2656.45,2709.39,21480807,2709.39,-5.375927245295675
4545,RELIANCE,2023-09-01,2888.48,3083.56,2646.13,2840.92,2879774,2840.92,4.854598267506716
4546,RELIANCE,2023-10-01,2647.32,2965.16,2460.05,2652.59,30721674,2652.59,-6.629190543908303
4547,RELIANCE,2023-11-01,2601.48,2748.98,2515.23,2592.97,949869,2592.97,-2.2476145955462545
4548,RELIANCE,2023-12-01,2611.54,2859.53,2335.22,2583.41,9244467,2583.41,-0.36868918653126803
4549,RELIANCE,2024-01-01,2502.3,2618.95,2299.16,2490.5,43717643,2490.5,-3.596409396882405
4550,RELIANCE,2024-02-01,2386.87,2556.88,2275.96,2424.38,47702865,2424.38,-2.6548885765910413
4551,RELIANCE,2024-03-01,2370.32,2450.3,2297.25,2412.97,3967051,2412.97,-0.4706357914188497
4552,RELIANCE,2024-04-01,2264.47,2421.87,2244.19,2277.54,21397117,2277.54,-5.612585320165597
4553,RELIANCE,2024-05-01,2302.24,2419.1,2122.65,2301.11,9828478,2301.11,1.0348885200698987
4554,RELIANCE,2024-06-01,2318.92,2472.72,2125.78,2336.56,8110950,2336.56,1.540560859758977
4555,RELIANCE,2024-07-01,2221.78,2322.12,2225.64,2261.27,27188482,2261.27,-3.222258362721264
4556,RELIANCE,2024-08-01,2308.61,2482.88,2027.01,2285.76,36969823,2285.76,1.0830197190074609
4557,RELIANCE,2024-09-01,2469.33,2534.19,2385.74,2485.29,6920747,2485.29,8.729262914741698
4558,RELIANCE,2024-10-01,2591.79,2934.74,2464.67,2635.12,48374578,2635.12,6.028672710226979
4559,RELIANCE,2024-11-01,2522.17,2748.76,2263.18,2546.74,8850853,2546.74,-3.3539269558881646
4560,RELIANCE,2024-12-01,2528.73,2803.57,2304.83,2566.52,42346939,2566.52,0.7766792055726279
4561,SBILIFE,2020-01-01,3923.04,4341.31,3465.07,3884.01,5175750,3884.01,
4562,SBILIFE,2020-02-01,3816.91,3992.52,3665.89,3823.01,10080528,3823.01,-1.5705417854227965
4563,SBILIFE,2020-03-01,3846.48,4139.43,3644.86,3781.68,25837037,3781.68,-1.0810853228215511
4564,SBILIFE,2020-04-01,3455.07,3572.54,3116.67,3438.38,30728939,3438.38,-9.077975926043447
4565,SBILIFE,2020-05-01,3505.35,3677.11,3365.89,3498.05,40424472,3498.05,1.7354102804227667
4566,SBILIFE,2020-06-01,3390.42,3459.7,3253.57,3424.81,37469175,3424.81,-2.0937379397092726
4567,SBILIFE,2020-07-01,3574.41,3718.63,3225.64,3566.03,10621654,3566.03,4.123440424432312
4568,SBILIFE,2020-08-01,3613.15,4004.57,3402.63,3593.23,15235823,3593.23,0.762752977400627
4569,SBILIFE,2020-09-01,3837.59,4020.69,3716.52,3912.94,21565206,3912.94,8.897565699941289
4570,SBILIFE,2020-10-01,4431.11,4651.88,4301.46,4350.1,17552005,4350.1,11.172162108286866
4571,SBILIFE,2020-11-01,4479.36,4563.55,4061.56,4462.8,28584957,4462.8,2.590745040343889
4572,SBILIFE,2020-12-01,4456.42,4801.8,4154.75,4384.11,29721373,4384.11,-1.7632428072062445
4573,SBILIFE,2021-01-01,3958.14,4143.99,3725.49,4031.92,35666362,4031.92,-8.033329455693394
4574,SBILIFE,2021-02-01,3967.58,4105.81,3574.55,4008.81,29303982,4008.81,-0.5731760550804599
4575,SBILIFE,2021-03-01,4060.61,4513.83,3782.51,4126.95,28952409,4126.95,2.9470092122100944
4576,SBILIFE,2021-04-01,3953.42,4317.0,3557.41,3879.16,49875534,3879.16,-6.00419195774119
4577,SBILIFE,2021-05-01,3734.81,4122.04,3595.45,3718.69,48619784,3718.69,-4.136720320894205
4578,SBILIFE,2021-06-01,3771.25,4030.62,3538.42,3775.98,19383773,3775.98,1.5405962852509836
4579,SBILIFE,2021-07-01,3951.62,4246.96,3847.1,3948.65,43152717,3948.65,4.572852610448153
4580,SBILIFE,2021-08-01,3964.75,4226.71,3832.07,4032.26,22349279,4032.26,2.1174325402352645
4581,SBILIFE,2021-09-01,4130.41,4516.41,3897.15,4096.4,28530436,4096.4,1.590671236477803
4582,SBILIFE,2021-10-01,4070.77,4315.42,3633.03,4081.82,48122350,4081.82,-0.3559222732154921
4583,SBILIFE,2021-11-01,4158.51,4285.25,4153.61,4217.71,39647607,4217.71,3.3291521919143863
4584,SBILIFE,2021-12-01,4800.05,5342.57,4592.67,4778.76,23668850,4778.76,13.302242212006043
4585,SBILIFE,2022-01-01,4941.08,4956.29,4575.76,4868.17,27679514,4868.17,1.870987452812023
4586,SBILIFE,2022-02-01,4654.46,5057.41,4211.35,4640.86,44432464,4640.86,-4.66931105528362
4587,SBILIFE,2022-03-01,4444.7,4823.49,4290.85,4367.7,38772033,4367.7,-5.885978029934103
4588,SBILIFE,2022-04-01,4447.43,4703.02,4394.08,4508.03,24495767,4508.03,3.212903816654067
4589,SBILIFE,2022-05-01,4865.71,5088.34,4313.83,4885.29,10072378,4885.29,8.368622214137877
4590,SBILIFE,2022-06-01,5361.41,5413.85,4744.83,5264.18,19630394,5264.18,7.755732003627225
4591,SBILIFE,2022-07-01,5072.46,5661.33,4830.14,5078.9,22826937,5078.9,-3.519636486594313
4592,SBILIFE,2022-08-01,5472.29,5767.83,4950.35,5466.2,19392946,5466.2,7.625666975132406
4593,SBILIFE,2022-09-01,6154.91,6342.21,5794.57,6043.27,28946782,6043.27,10.557059749002985
4594,SBILIFE,2022-10-01,6199.5,6488.51,6036.9,6165.55,41050063,6165.55,2.0234078570045666
4595,SBILIFE,2022-11-01,5945.62,6671.89,5338.37,5986.31,28205342,5986.31,-2.907121019211578
4596,SBILIFE,2022-12-01,6122.77,6484.51,5808.86,6133.18,45451683,6133.18,2.453431245625426
4597,SBILIFE,2023-01-01,6094.47,6377.74,5591.06,6206.08,35833940,6206.08,1.188616671938525
4598,SBILIFE,2023-02-01,6392.89,6727.35,5673.26,6329.61,21717609,6329.61,1.9904674126018262
4599,SBILIFE,2023-03-01,5943.01,6146.4,5451.73,5923.03,3571103,5923.03,-6.423460529163727
4600,SBILIFE,2023-04-01,5908.06,6383.92,5257.57,5928.45,20175334,5928.45,0.09150721843380616
4601,SBILIFE,2023-05-01,6142.21,6525.58,5764.4,6226.37,39896425,6226.37,5.025259553508921
4602,SBILIFE,2023-06-01,5617.98,6002.13,5208.86,5567.31,15323074,5567.31,-10.584979691216546
4603,SBILIFE,2023-07-01,5250.14,5658.95,5057.29,5223.12,48636172,5223.12,-6.182339406284187
4604,SBILIFE,2023-08-01,6053.69,6773.84,5389.49,6123.59,26558761,6123.59,17.240078726891216
4605,SBILIFE,2023-09-01,6208.44,6783.35,5747.35,6211.0,33538361,6211.0,1.427430641176164
4606,SBILIFE,2023-10-01,5900.5,6280.94,5413.36,5936.17,19191416,5936.17,-4.424891321848334
4607,SBILIFE,2023-11-01,5684.63,5815.64,5430.35,5700.55,27360273,5700.55,-3.9692259487177695
4608,SBILIFE,2023-12-01,5956.81,6022.41,5426.75,5865.4,39507614,5865.4,2.8918262272938478
4609,SBILIFE,2024-01-01,5739.81,6297.1,5267.27,5810.5,15831037,5810.5,-0.9359975449244606
4610,SBILIFE,2024-02-01,5960.16,6484.79,5632.34,5920.39,30630569,5920.39,1.891231391446535
4611,SBILIFE,2024-03-01,5814.53,6331.62,5571.4,5864.47,39613407,5864.47,-0.9445323703337172
4612,SBILIFE,2024-04-01,5371.34,5890.64,4995.71,5380.88,33541617,5380.88,-8.24609896546491
4613,SBILIFE,2024-05-01,5610.54,5853.45,5047.17,5688.49,39977305,5688.49,5.716722915210881
4614,SBILIFE,2024-06-01,6295.42,6552.93,6280.21,6358.89,35891316,6358.89,11.785201345172446
4615,SBILIFE,2024-07-01,6687.42,7461.61,6496.4,6765.49,41602884,6765.49,6.394197729477935
4616,SBILIFE,2024-08-01,7872.84,8433.97,6903.98,7806.17,3540136,7806.17,15.38218222183463
4617,SBILIFE,2024-09-01,7981.41,8724.43,7294.81,7913.71,2337537,7913.71,1.3776282094804415
4618,SBILIFE,2024-10-01,7730.26,8691.97,7493.38,7814.65,28964517,7814.65,-1.2517517068479922
4619,SBILIFE,2024-11-01,8232.5,8640.58,7639.74,8141.5,37721433,8141.5,4.182528968027999
4620,SBILIFE,2024-12-01,8171.84,8676.15,7893.68,8028.33,49116691,8028.33,-1.390038690658968
4621,SBIN,2020-01-01,425.86,470.49,387.27,434.45,13647068,434.45,
4622,SBIN,2020-02-01,468.84,473.01,428.35,461.42,7412173,461.42,6.2078490044884305
4623,SBIN,2020-03-01,495.15,533.67,478.12,485.89,49877633,485.89,5.303194486584895
4624,SBIN,2020-04-01,470.49,500.44,430.44,474.3,37944668,474.3,-2.3853135483339782
4625,SBIN,2020-05-01,484.64,530.45,440.06,483.4,25450563,483.4,1.9186169091292449
4626,SBIN,2020-06-01,534.77,588.42,480.42,528.33,46840743,528.33,9.294580057923053
4627,SBIN,2020-07-01,569.15,603.89,508.68,560.93,9555798,560.93,6.17038593303425
4628,SBIN,2020-08-01,588.64,642.83,532.93,589.88,30793158,589.88,5.161071791489147
4629,SBIN,2020-09-01,601.98,624.39,534.19,599.82,23401219,599.82,1.68508849257476
4630,SBIN,2020-10-01,551.24,570.31,519.22,561.79,12957329,561.79,-6.34023540395453
4631,SBIN,2020-11-01,579.51,618.32,523.58,584.24,5104818,584.24,3.9961551469410272
4632,SBIN,2020-12-01,569.59,627.69,526.09,571.78,8078878,571.78,-2.1326851978638928
4633,SBIN,2021-01-01,565.55,606.04,518.66,561.65,585321,561.65,-1.7716604288362636
4634,SBIN,2021-02-01,569.77,619.38,540.17,569.1,17162317,569.1,1.326448856049156
4635,SBIN,2021-03-01,631.91,673.75,557.59,627.21,32190368,627.21,10.210859251449666
4636,SBIN,2021-04-01,593.18,631.5,586.76,600.99,42166416,600.99,-4.180418041804179
4637,SBIN,2021-05-01,599.87,656.28,583.97,602.31,25305109,602.31,0.21963759796335136
4638,SBIN,2021-06-01,636.92,711.37,579.87,640.47,12922806,640.47,6.335607909548258
4639,SBIN,2021-07-01,651.56,690.19,655.88,664.67,29910653,664.67,3.778475182287999
4640,SBIN,2021-08-01,664.14,666.14,588.91,657.11,9459900,657.11,-1.1374065325650218
4641,SBIN,2021-09-01,729.99,743.94,703.81,719.5,33423947,719.5,9.49460516504086
4642,SBIN,2021-10-01,779.26,858.62,688.16,769.91,4919702,769.91,7.006254343293961
4643,SBIN,2021-11-01,780.38,828.27,750.61,788.63,15352637,788.63,2.4314530269771817
4644,SBIN,2021-12-01,861.31,899.74,764.47,845.87,24236810,845.87,7.258156549966399
4645,SBIN,2022-01-01,833.28,909.38,811.93,827.22,47357085,827.22,-2.2048305295139903
4646,SBIN,2022-02-01,908.0,921.04,788.33,891.4,7445291,891.4,7.758516476874333
4647,SBIN,2022-03-01,952.42,1020.88,916.53,962.05,1304624,962.05,7.925734799192274
4648,SBIN,2022-04-01,974.76,1020.49,915.72,964.55,8658907,964.55,0.25986175354710817
4649,SBIN,2022-05-01,1051.27,1060.58,992.0,1038.99,14737083,1038.99,7.717588512777995
4650,SBIN,2022-06-01,1000.02,1074.87,971.84,1019.57,46721832,1019.57,-1.8691228981992047
4651,SBIN,2022-07-01,944.58,1008.45,838.12,947.45,9703035,947.45,-7.0735702305874
4652,SBIN,2022-08-01,1026.13,1113.88,943.04,1011.01,29359488,1011.01,6.7085334318433665
4653,SBIN,2022-09-01,1109.49,1202.66,982.22,1088.59,17888260,1088.59,7.673514604207665
4654,SBIN,2022-10-01,1020.84,1152.01,931.94,1030.28,3415647,1030.28,-5.356470296438509
4655,SBIN,2022-11-01,979.89,1041.8,946.01,966.36,16584365,966.36,-6.204138680746974
4656,SBIN,2022-12-01,840.28,872.69,756.64,855.34,25251854,855.34,-11.488472204975364
4657,SBIN,2023-01-01,891.21,940.92,869.3,907.74,15188033,907.74,6.126218813571205
4658,SBIN,2023-02-01,908.45,968.62,878.74,904.21,20532475,904.21,-0.388877872518556
4659,SBIN,2023-03-01,929.35,949.13,884.1,920.3,25144461,920.3,1.779453887924265
4660,SBIN,2023-04-01,939.11,999.9,839.9,939.41,28538481,939.41,2.07649679452353
4661,SBIN,2023-05-01,1008.59,1117.28,937.31,1007.98,22841028,1007.98,7.299262302934828
4662,SBIN,2023-06-01,1011.97,1089.63,1005.28,1021.06,32505083,1021.06,1.2976447945395764
4663,SBIN,2023-07-01,1147.08,1262.83,1103.87,1168.88,8969034,1168.88,14.477112020841098
4664,SBIN,2023-08-01,1234.99,1277.14,1130.62,1219.62,3184031,1219.62,4.340907535418492
4665,SBIN,2023-09-01,1263.97,1314.42,1134.32,1279.89,24167573,1279.89,4.941703153441246
4666,SBIN,2023-10-01,1295.41,1417.74,1122.27,1273.67,20689721,1273.67,-0.48597926384298384
4667,SBIN,2023-11-01,1224.64,1279.4,1146.3,1226.28,9339069,1226.28,-3.7207439917718133
4668,SBIN,2023-12-01,1205.52,1346.75,1192.75,1222.1,2558110,1222.1,-0.34086831718694866
4669,SBIN,2024-01-01,1262.14,1346.4,1247.81,1282.64,35861926,1282.64,4.953768104083145
4670,SBIN,2024-02-01,1160.19,1267.83,1048.9,1175.33,12826279,1175.33,-8.366338177508903
4671,SBIN,2024-03-01,1211.87,1303.19,1093.33,1215.67,49509622,1215.67,3.4322275446045047
4672,SBIN,2024-04-01,1166.71,1168.45,1022.59,1144.78,29236296,1144.78,-5.8313522584254045
4673,SBIN,2024-05-01,1207.45,1268.5,1111.67,1197.99,25050367,1197.99,4.648054648054645
4674,SBIN,2024-06-01,1214.04,1278.36,1186.59,1216.98,1561141,1216.98,1.5851551348508686
4675,SBIN,2024-07-01,1419.74,1466.09,1306.37,1409.21,24278433,1409.21,15.795658104488153
4676,SBIN,2024-08-01,1473.57,1582.09,1388.6,1444.71,17144994,1444.71,2.5191419305852225
4677,SBIN,2024-09-01,1438.95,1463.68,1297.77,1419.04,22672008,1419.04,-1.7768271833101479
4678,SBIN,2024-10-01,1496.05,1633.0,1451.19,1490.48,13670660,1490.48,5.0343894463863
4679,SBIN,2024-11-01,1461.64,1576.93,1301.54,1453.04,33418118,1453.04,-2.511942461488925
4680,SBIN,2024-12-01,1468.03,1581.96,1288.67,1439.29,39195659,1439.29,-0.9462919121290492
4681,SHREECEM,2020-01-01,1908.39,2048.11,1752.21,1891.43,36551958,1891.43,
4682,SHREECEM,2020-02-01,1950.84,2138.26,1916.65,1980.85,22493318,1980.85,4.727639933806693
4683,SHREECEM,2020-03-01,1826.72,1898.78,1591.35,1804.43,19201250,1804.43,-8.906277608097524
4684,SHREECEM,2020-04-01,1851.83,1997.57,1645.34,1867.41,23545206,1867.41,3.4902988755451947
4685,SHREECEM,2020-05-01,1630.14,1788.44,1421.94,1607.57,34211041,1607.57,-13.914459063622886
4686,SHREECEM,2020-06-01,1538.55,1748.2,1409.73,1567.17,26612109,1567.17,-2.5131098490267845
4687,SHREECEM,2020-07-01,1483.01,1633.14,1322.5,1481.76,25713089,1481.76,-5.449951185895596
4688,SHREECEM,2020-08-01,1480.85,1671.26,1424.61,1496.36,14463230,1496.36,0.9853147608249513
4689,SHREECEM,2020-09-01,1560.08,1676.59,1462.16,1543.85,2137938,1543.85,3.17370151567804
4690,SHREECEM,2020-10-01,1498.82,1632.43,1489.56,1510.66,29401386,1510.66,-2.149820254558399
4691,SHREECEM,2020-11-01,1402.68,1549.42,1362.17,1422.11,10112435,1422.11,-5.861676353381973
4692,SHREECEM,2020-12-01,1391.93,1426.53,1373.09,1400.66,11730184,1400.66,-1.5083221410439274
4693,SHREECEM,2021-01-01,1371.47,1481.86,1328.33,1361.32,9211677,1361.32,-2.808675909928182
4694,SHREECEM,2021-02-01,1218.67,1303.82,1228.08,1243.17,15016066,1243.17,-8.67907619075602
4695,SHREECEM,2021-03-01,1164.63,1183.84,1116.09,1166.47,36639738,1166.47,-6.169711302557179
4696,SHREECEM,2021-04-01,1186.45,1281.69,1110.02,1181.88,31527075,1181.88,1.3210798391728895
4697,SHREECEM,2021-05-01,1129.77,1161.71,1037.48,1117.5,22361787,1117.5,-5.447253528276996
4698,SHREECEM,2021-06-01,1155.12,1227.35,1049.12,1168.45,12648151,1168.45,4.559284116331108
4699,SHREECEM,2021-07-01,1187.12,1267.02,1078.17,1164.6,44497806,1164.6,-0.32949634130686745
4700,SHREECEM,2021-08-01,1319.74,1405.74,1264.78,1297.18,25445870,1297.18,11.384166237334714
4701,SHREECEM,2021-09-01,1432.48,1508.57,1281.22,1410.25,17802283,1410.25,8.716600625973259
4702,SHREECEM,2021-10-01,1465.66,1496.11,1391.44,1472.33,18686953,1472.33,4.402056372983498
4703,SHREECEM,2021-11-01,1329.8,1435.45,1249.8,1351.27,17745539,1351.27,-8.222341458776217
4704,SHREECEM,2021-12-01,1408.76,1517.99,1295.85,1419.02,33074316,1419.02,5.013801830870213
4705,SHREECEM,2022-01-01,1382.55,1544.78,1291.71,1380.28,1309455,1380.28,-2.730053135262367
4706,SHREECEM,2022-02-01,1366.17,1532.73,1337.62,1386.16,35075243,1386.16,0.42600052163330737
4707,SHREECEM,2022-03-01,1483.67,1608.52,1466.46,1499.14,13921790,1499.14,8.150574248283027
4708,SHREECEM,2022-04-01,1568.35,1744.3,1496.84,1577.62,172216,1577.62,5.235001400803108
4709,SHREECEM,2022-05-01,1827.86,1943.5,1684.04,1857.11,40779570,1857.11,17.715926522229687
4710,SHREECEM,2022-06-01,1986.63,2111.35,1885.39,1985.08,5273646,1985.08,6.890814222097785
4711,SHREECEM,2022-07-01,2233.69,2269.86,1999.08,2191.34,28519105,2191.34,10.390513228686004
4712,SHREECEM,2022-08-01,2308.76,2356.35,2252.71,2279.04,35745692,2279.04,4.002117425867269
4713,SHREECEM,2022-09-01,2229.89,2302.71,2086.38,2265.66,49066354,2265.66,-0.5870893007582145
4714,SHREECEM,2022-10-01,2187.57,2373.52,1950.15,2214.39,35662872,2214.39,-2.2629167659754756
4715,SHREECEM,2022-11-01,2144.32,2394.71,1950.49,2187.32,11568965,2187.32,-1.2224585551777079
4716,SHREECEM,2022-12-01,2111.42,2343.26,1983.56,2098.71,36022991,2098.71,-4.051076202841841
4717,SHREECEM,2023-01-01,2160.72,2208.36,1992.11,2155.64,28491260,2155.64,2.712618703870473
4718,SHREECEM,2023-02-01,2057.31,2085.98,1801.94,2038.88,39931892,2038.88,-5.416488838581568
4719,SHREECEM,2023-03-01,2067.94,2339.89,1897.57,2089.97,24441369,2089.97,2.505787491171607
4720,SHREECEM,2023-04-01,2119.84,2326.1,1925.34,2156.77,6449434,2156.77,3.196218127532946
4721,SHREECEM,2023-05-01,2167.3,2339.83,2120.1,2170.63,37042391,2170.63,0.6426276329882352
4722,SHREECEM,2023-06-01,2494.08,2735.18,2275.13,2445.88,5711288,2445.88,12.680650318110409
4723,SHREECEM,2023-07-01,2450.8,2585.51,2316.54,2476.54,27979776,2476.54,1.2535365594387171
4724,SHREECEM,2023-08-01,2429.87,2615.2,2351.34,2441.25,13398840,2441.25,-1.4249719366535518
4725,SHREECEM,2023-09-01,2536.56,2812.18,2518.21,2580.58,8585489,2580.58,5.707322068612397
4726,SHREECEM,2023-10-01,2566.01,2576.82,2260.95,2518.57,26700824,2518.57,-2.4029481744413994
4727,SHREECEM,2023-11-01,2644.65,2638.67,2554.78,2601.72,9139515,2601.72,3.301476631580602
4728,SHREECEM,2023-12-01,2588.51,2651.32,2568.14,2609.09,10119833,2609.09,0.28327414172164556
4729,SHREECEM,2024-01-01,2281.86,2450.52,2232.94,2261.82,30360681,2261.82,-13.310004637632279
4730,SHREECEM,2024-02-01,2294.74,2304.34,2144.74,2259.86,22747103,2259.86,-0.08665587889399307
4731,SHREECEM,2024-03-01,2476.45,2583.61,2267.7,2496.01,18868509,2496.01,10.449762374660377
4732,SHREECEM,2024-04-01,2332.67,2464.08,2102.13,2374.04,41853641,2374.04,-4.886599012023196
4733,SHREECEM,2024-05-01,2391.94,2569.94,2253.35,2412.48,28767765,2412.48,1.619180805715148
4734,SHREECEM,2024-06-01,2363.99,2527.02,2182.46,2333.52,16803699,2333.52,-3.2729805013927638
4735,SHREECEM,2024-07-01,2232.81,2491.73,2216.16,2258.56,26889626,2258.56,-3.2123144434159534
4736,SHREECEM,2024-08-01,2467.64,2759.94,2238.4,2484.78,2516318,2484.78,10.016116463587421
4737,SHREECEM,2024-09-01,2517.31,2767.58,2523.14,2562.33,4709304,2562.33,3.1210006519691857
4738,SHREECEM,2024-10-01,2570.15,2817.21,2581.18,2617.1,25185793,2617.1,2.1375076590447017
4739,SHREECEM,2024-11-01,2532.67,2650.47,2239.5,2531.09,45254145,2531.09,-3.286462114554267
4740,SHREECEM,2024-12-01,2446.33,2642.19,2163.36,2437.89,2800361,2437.89,-3.6822080605589003
4741,SHRIRAMFIN,2020-01-01,625.01,699.95,613.07,632.55,3885103,632.55,
4742,SHRIRAMFIN,2020-02-01,674.72,732.67,628.72,676.93,14605920,676.93,7.016046162358713
4743,SHRIRAMFIN,2020-03-01,724.33,734.0,654.51,718.63,26924484,718.63,6.1601642710472415
4744,SHRIRAMFIN,2020-04-01,722.52,778.09,709.03,720.87,39800885,720.87,0.311704214964581
4745,SHRIRAMFIN,2020-05-01,720.25,779.11,697.27,717.23,47990837,717.23,-0.5049454131812903
4746,SHRIRAMFIN,2020-06-01,652.6,706.67,583.59,661.7,3697743,661.7,-7.742286295888345
4747,SHRIRAMFIN,2020-07-01,665.64,694.29,630.01,663.09,26829688,663.09,0.21006498413178587
4748,SHRIRAMFIN,2020-08-01,635.5,686.2,588.39,646.19,47645983,646.19,-2.548673634046661
4749,SHRIRAMFIN,2020-09-01,644.3,689.01,576.32,646.12,3639460,646.12,-0.010832727216458782
4750,SHRIRAMFIN,2020-10-01,661.86,728.93,607.42,667.77,28161159,667.77,3.350770754658572
4751,SHRIRAMFIN,2020-11-01,697.73,779.97,661.73,706.4,11981470,706.4,5.784925947556796
4752,SHRIRAMFIN,2020-12-01,700.51,785.15,635.4,704.2,40427598,704.2,-0.3114382785956882
4753,SHRIRAMFIN,2021-01-01,773.65,854.51,756.18,765.85,35389586,765.85,8.754615166145975
4754,SHRIRAMFIN,2021-02-01,708.97,760.42,683.21,709.36,43003004,709.36,-7.376118038780444
4755,SHRIRAMFIN,2021-03-01,737.49,799.83,729.72,746.2,17845279,746.2,5.193413781436784
4756,SHRIRAMFIN,2021-04-01,867.96,905.59,771.22,854.17,24970181,854.17,14.469311176628242
4757,SHRIRAMFIN,2021-05-01,897.94,940.96,895.95,915.08,30129179,915.08,7.1308990013697615
4758,SHRIRAMFIN,2021-06-01,945.87,1017.85,928.3,942.76,4050433,942.76,3.0248721423263403
4759,SHRIRAMFIN,2021-07-01,937.09,972.39,880.41,927.7,2729834,927.7,-1.5974373117230156
4760,SHRIRAMFIN,2021-08-01,1057.46,1073.84,971.04,1062.69,25247536,1062.69,14.55104020696345
4761,SHRIRAMFIN,2021-09-01,1147.65,1257.82,1103.28,1130.28,26169322,1130.28,6.360274397990007
4762,SHRIRAMFIN,2021-10-01,1088.55,1229.45,1023.37,1106.33,14243948,1106.33,-2.118943978483212
4763,SHRIRAMFIN,2021-11-01,1145.31,1245.18,1107.77,1161.87,5732902,1161.87,5.020201928900048
4764,SHRIRAMFIN,2021-12-01,1188.99,1242.86,1153.31,1171.3,18103153,1171.3,0.8116226428085849
4765,SHRIRAMFIN,2022-01-01,1187.94,1294.36,1172.29,1202.86,265503,1202.86,2.69444207291043
4766,SHRIRAMFIN,2022-02-01,1127.48,1188.01,1130.95,1148.76,7769313,1148.76,-4.497614019919183
4767,SHRIRAMFIN,2022-03-01,1319.2,1430.27,1276.63,1296.89,26973417,1296.89,12.894773494898848
4768,SHRIRAMFIN,2022-04-01,1506.04,1630.31,1360.03,1496.02,46428193,1496.02,15.354424816291278
4769,SHRIRAMFIN,2022-05-01,1687.84,1756.46,1487.22,1666.24,35977039,1666.24,11.378190131147981
4770,SHRIRAMFIN,2022-06-01,1570.09,1744.8,1448.76,1600.48,47836087,1600.48,-3.9466103322450596
4771,SHRIRAMFIN,2022-07-01,1524.11,1524.1,1388.0,1501.14,31193430,1501.14,-6.2068879336199085
4772,SHRIRAMFIN,2022-08-01,1453.59,1611.95,1395.88,1440.7,23487157,1440.7,-4.026273365575495
4773,SHRIRAMFIN,2022-09-01,1446.05,1583.73,1347.89,1444.54,19386149,1444.54,0.266537100020825
4774,SHRIRAMFIN,2022-10-01,1568.35,1695.8,1501.27,1563.89,17901139,1563.89,8.262145734974457
4775,SHRIRAMFIN,2022-11-01,1508.03,1645.44,1404.45,1517.32,1308694,1517.32,-2.9778309216121457
4776,SHRIRAMFIN,2022-12-01,1477.28,1624.93,1431.15,1478.9,24784788,1478.9,-2.532096064113032
4777,SHRIRAMFIN,2023-01-01,1359.35,1461.19,1205.79,1368.32,23830421,1368.32,-7.477178984380295
4778,SHRIRAMFIN,2023-02-01,1386.99,1534.06,1344.44,1414.87,19103710,1414.87,3.4019819925163564
4779,SHRIRAMFIN,2023-03-01,1505.29,1516.81,1328.88,1490.05,32387047,1490.05,5.313562376755465
4780,SHRIRAMFIN,2023-04-01,1410.25,1448.42,1293.92,1385.55,47290997,1385.55,-7.013187476930305
4781,SHRIRAMFIN,2023-05-01,1494.93,1590.08,1459.91,1478.68,23932917,1478.68,6.7215185305474545
4782,SHRIRAMFIN,2023-06-01,1427.16,1577.09,1346.87,1440.93,39801942,1440.93,-2.552952633429817
4783,SHRIRAMFIN,2023-07-01,1445.31,1601.83,1344.81,1438.17,31799431,1438.17,-0.19154296183714337
4784,SHRIRAMFIN,2023-08-01,1391.83,1399.62,1260.77,1366.04,35376254,1366.04,-5.015401517205897
4785,SHRIRAMFIN,2023-09-01,1355.78,1381.27,1227.24,1353.58,18900291,1353.58,-0.9121255600128886
4786,SHRIRAMFIN,2023-10-01,1294.68,1316.11,1150.44,1271.16,38913715,1271.16,-6.089037958598665
4787,SHRIRAMFIN,2023-11-01,1391.05,1427.17,1349.77,1374.41,33677827,1374.41,8.122502281380783
4788,SHRIRAMFIN,2023-12-01,1285.57,1316.3,1226.09,1296.3,26427855,1296.3,-5.6831658675359
4789,SHRIRAMFIN,2024-01-01,1332.72,1468.98,1193.39,1350.53,28413338,1350.53,4.183445190156609
4790,SHRIRAMFIN,2024-02-01,1233.49,1267.87,1172.79,1236.42,15612418,1236.42,-8.449275469630436
4791,SHRIRAMFIN,2024-03-01,1363.94,1434.32,1332.01,1350.95,17683899,1350.95,9.263033596997783
4792,SHRIRAMFIN,2024-04-01,1250.49,1307.32,1178.47,1259.1,27673230,1259.1,-6.798919279025883
4793,SHRIRAMFIN,2024-05-01,1149.16,1148.96,1027.38,1136.84,35033202,1136.84,-9.71011039631483
4794,SHRIRAMFIN,2024-06-01,1120.73,1178.88,1047.56,1132.64,1964546,1132.64,-0.369445128602075
4795,SHRIRAMFIN,2024-07-01,1164.88,1217.05,1070.54,1178.59,40858420,1178.59,4.056893629043623
4796,SHRIRAMFIN,2024-08-01,1283.28,1345.39,1224.99,1285.29,28099508,1285.29,9.053190676995392
4797,SHRIRAMFIN,2024-09-01,1303.51,1402.07,1152.81,1284.47,30825118,1284.47,-0.06379883139213671
4798,SHRIRAMFIN,2024-10-01,1297.64,1396.3,1263.7,1316.81,41037628,1316.81,2.517769975164841
4799,SHRIRAMFIN,2024-11-01,1353.58,1467.03,1230.69,1366.71,6434432,1366.71,3.7894608941305252
4800,SHRIRAMFIN,2024-12-01,1383.59,1428.99,1310.19,1399.07,3578263,1399.07,2.3677298036891337
4801,SIEMENS,2020-01-01,4002.84,4365.04,3898.59,4071.13,2456709,4071.13,
4802,SIEMENS,2020-02-01,3507.15,3530.95,3217.87,3472.97,2188212,3472.97,-14.692726589423577
4803,SIEMENS,2020-03-01,2959.02,3187.19,2787.54,2908.4,30404721,2908.4,-16.25611508305571
4804,SIEMENS,2020-04-01,2848.38,2968.99,2723.05,2810.35,19066637,2810.35,-3.371269426488799
4805,SIEMENS,2020-05-01,2668.92,2917.34,2430.03,2689.87,11534793,2689.87,-4.28701051470457
4806,SIEMENS,2020-06-01,2587.95,2770.77,2497.83,2554.46,33760925,2554.46,-5.034072278585944
4807,SIEMENS,2020-07-01,2437.03,2516.46,2319.12,2464.57,16457268,2464.57,-3.51894333831807
4808,SIEMENS,2020-08-01,2530.73,2653.72,2383.74,2500.47,19311098,2500.47,1.456643552424941
4809,SIEMENS,2020-09-01,2696.64,2973.56,2426.12,2658.83,32271806,2658.83,6.3332093566409675
4810,SIEMENS,2020-10-01,2839.63,3038.05,2735.58,2829.39,20781164,2829.39,6.414851645272535
4811,SIEMENS,2020-11-01,2959.36,3168.74,2626.49,2916.81,1648319,2916.81,3.0897119167028864
4812,SIEMENS,2020-12-01,2986.09,3156.12,2723.04,2995.56,28127480,2995.56,2.69986732080596
4813,SIEMENS,2021-01-01,2963.54,3242.59,2905.95,2983.9,9858294,2983.9,-0.38924274593064023
4814,SIEMENS,2021-02-01,3385.51,3599.16,3353.47,3401.69,18330147,3401.69,14.001474580247319
4815,SIEMENS,2021-03-01,3258.8,3611.45,3170.02,3240.03,25719098,3240.03,-4.752343687990379
4816,SIEMENS,2021-04-01,3606.01,3685.85,3468.79,3626.43,35389323,3626.43,11.925815501708303
4817,SIEMENS,2021-05-01,4052.06,4125.99,3767.31,4070.36,40881214,4070.36,12.241515760679246
4818,SIEMENS,2021-06-01,3959.46,4190.08,3515.59,3892.87,20884629,3892.87,-4.360547961359684
4819,SIEMENS,2021-07-01,4058.13,4592.62,4073.55,4140.4,44780043,4140.4,6.3585478066310985
4820,SIEMENS,2021-08-01,4143.46,4694.08,3776.05,4218.48,2092319,4218.48,1.8858081344797606
4821,SIEMENS,2021-09-01,4558.16,4816.6,4033.33,4568.73,23876483,4568.73,8.302753598452517
4822,SIEMENS,2021-10-01,4156.17,4588.54,3822.58,4197.15,10954805,4197.15,-8.133113578609375
4823,SIEMENS,2021-11-01,4422.03,4719.99,4076.31,4444.98,18778276,4444.98,5.904721060719775
4824,SIEMENS,2021-12-01,4091.73,4532.57,3674.99,4057.94,40921271,4057.94,-8.707350764232903
4825,SIEMENS,2022-01-01,4210.87,4524.79,4037.75,4290.59,12738217,4290.59,5.7332045323489345
4826,SIEMENS,2022-02-01,4671.97,5089.89,4520.15,4618.93,8207284,4618.93,7.652560603553371
4827,SIEMENS,2022-03-01,4518.19,4709.42,4130.34,4457.98,38022216,4457.98,-3.4845732669687712
4828,SIEMENS,2022-04-01,4705.72,4747.49,4382.28,4652.46,38111249,4652.46,4.362513963723491
4829,SIEMENS,2022-05-01,4780.3,5215.54,4321.54,4722.8,21313333,4722.8,1.5118883343435474
4830,SIEMENS,2022-06-01,4347.94,4524.36,4323.48,4436.41,15626720,4436.41,-6.063987465063104
4831,SIEMENS,2022-07-01,4491.08,4503.32,4221.02,4414.32,10777419,4414.32,-0.4979251241431726
4832,SIEMENS,2022-08-01,4449.65,4710.64,4109.24,4415.64,21770747,4415.64,0.029902680367555057
4833,SIEMENS,2022-09-01,4182.1,4623.4,3872.78,4177.19,3792828,4177.19,-5.400123198449169
4834,SIEMENS,2022-10-01,4213.02,4524.43,3809.3,4184.6,40036986,4184.6,0.1773919788183198
4835,SIEMENS,2022-11-01,3952.94,4444.68,3625.5,3983.36,28927504,3983.36,-4.809061798021319
4836,SIEMENS,2022-12-01,4518.08,4872.82,3950.54,4462.59,2390104,4462.59,12.030798120179952
4837,SIEMENS,2023-01-01,3945.63,4302.91,3824.92,3995.91,10139947,3995.91,-10.457604216385564
4838,SIEMENS,2023-02-01,3892.76,4290.24,3634.31,3846.38,19566812,3846.38,-3.7420762729891255
4839,SIEMENS,2023-03-01,3451.25,3627.89,3244.68,3512.88,43008803,3512.88,-8.670490175177703
4840,SIEMENS,2023-04-01,3599.66,3702.98,3503.19,3581.09,6174554,3581.09,1.9417116440072046
4841,SIEMENS,2023-05-01,3748.72,3915.52,3316.52,3721.48,29165505,3721.48,3.9203147644990777
4842,SIEMENS,2023-06-01,3467.3,3758.5,3291.62,3464.6,25061216,3464.6,-6.902630136397347
4843,SIEMENS,2023-07-01,3750.59,4105.8,3584.16,3794.51,7876365,3794.51,9.522311377936866
4844,SIEMENS,2023-08-01,4071.6,4219.94,3986.47,4063.0,37993815,4063.0,7.075748910926571
4845,SIEMENS,2023-09-01,4034.47,4421.12,3900.13,3987.07,5623710,3987.07,-1.8688161457051433
4846,SIEMENS,2023-10-01,3972.14,4187.86,3620.48,3954.06,36981316,3954.06,-0.827926271673185
4847,SIEMENS,2023-11-01,3711.4,3891.79,3478.91,3719.67,14222388,3719.67,-5.927831140650364
4848,SIEMENS,2023-12-01,3519.64,3674.64,3361.3,3498.14,30214689,3498.14,-5.955635849416751
4849,SIEMENS,2024-01-01,3338.41,3439.35,3030.27,3397.47,13326206,3397.47,-2.8778150674358405
4850,SIEMENS,2024-02-01,3254.21,3458.04,3180.13,3212.92,5130679,3212.92,-5.43198321103644
4851,SIEMENS,2024-03-01,3287.33,3579.2,3243.22,3311.78,5785886,3311.78,3.0769518070789204
4852,SIEMENS,2024-04-01,3226.52,3254.36,2950.7,3190.59,45588499,3190.59,-3.6593614310129308
4853,SIEMENS,2024-05-01,3316.79,3623.37,3041.68,3272.6,7569314,3272.6,2.570370997213667
4854,SIEMENS,2024-06-01,3668.07,3801.0,3235.43,3652.14,6389297,3652.14,11.597506569699934
4855,SIEMENS,2024-07-01,3379.0,3670.61,3250.04,3367.56,46033081,3367.56,-7.792143784192285
4856,SIEMENS,2024-08-01,3506.62,3871.72,3402.14,3533.44,12964671,3533.44,4.925821663162644
4857,SIEMENS,2024-09-01,3434.28,3635.31,3249.76,3486.4,5492657,3486.4,-1.3312805651150117
4858,SIEMENS,2024-10-01,3524.14,3732.04,3378.35,3517.62,41704071,3517.62,0.895479577787972
4859,SIEMENS,2024-11-01,3053.6,3153.36,2740.23,3057.88,39615632,3057.88,-13.06963230820839
4860,SIEMENS,2024-12-01,2995.81,3284.85,2867.15,2994.57,9775406,2994.57,-2.0703886352636425
4861,SUNPHARMA,2020-01-01,2820.27,2968.85,2742.22,2775.45,40663739,2775.45,
4862,SUNPHARMA,2020-02-01,2524.38,2582.31,2282.03,2548.51,4329706,2548.51,-8.176692067952928
4863,SUNPHARMA,2020-03-01,2842.83,3069.18,2822.11,2881.61,46998812,2881.61,13.070382301815563
4864,SUNPHARMA,2020-04-01,2799.7,3055.54,2582.66,2768.15,22721140,2768.15,-3.9373822272965486
4865,SUNPHARMA,2020-05-01,2889.51,3278.22,2744.02,2928.57,4753783,2928.57,5.795206184635959
4866,SUNPHARMA,2020-06-01,2997.25,3159.59,2693.6,3021.8,40785557,3021.8,3.183464967543892
4867,SUNPHARMA,2020-07-01,2977.85,3220.96,2835.0,3034.76,26830989,3034.76,0.4288834469521552
4868,SUNPHARMA,2020-08-01,2864.49,3070.65,2640.95,2828.81,39569173,2828.81,-6.78636860904982
4869,SUNPHARMA,2020-09-01,2570.34,2648.4,2350.33,2578.19,16463185,2578.19,-8.859555784941364
4870,SUNPHARMA,2020-10-01,2534.65,2756.7,2318.4,2547.56,2643740,2547.56,-1.1880427741942978
4871,SUNPHARMA,2020-11-01,2540.66,2870.91,2406.04,2572.21,13867350,2572.21,0.9675925199013946
4872,SUNPHARMA,2020-12-01,2806.45,3018.12,2608.64,2778.1,30239546,2778.1,8.004400884842223
4873,SUNPHARMA,2021-01-01,2791.43,2981.42,2658.78,2831.12,30661327,2831.12,1.9084986141607585
4874,SUNPHARMA,2021-02-01,3046.8,3270.62,2840.08,3097.43,17585406,3097.43,9.406524626296298
4875,SUNPHARMA,2021-03-01,3064.68,3231.98,3008.55,3074.99,10380765,3074.99,-0.7244715780501898
4876,SUNPHARMA,2021-04-01,3015.34,3187.54,2950.48,3052.39,2601308,3052.39,-0.7349617397129693
4877,SUNPHARMA,2021-05-01,2918.12,2999.02,2591.01,2883.84,6317768,2883.84,-5.52190250918132
4878,SUNPHARMA,2021-06-01,2955.88,3139.89,2800.4,2949.54,16629437,2949.54,2.2782123834886647
4879,SUNPHARMA,2021-07-01,2866.56,3057.8,2534.27,2826.73,30899370,2826.73,-4.163700102388845
4880,SUNPHARMA,2021-08-01,2654.51,2732.73,2613.82,2670.65,4064339,2670.65,-5.521574398686823
4881,SUNPHARMA,2021-09-01,2839.13,2935.05,2783.43,2875.8,48660349,2875.8,7.681650534514062
4882,SUNPHARMA,2021-10-01,3219.69,3615.75,3070.31,3261.95,46803095,3261.95,13.42756798108351
4883,SUNPHARMA,2021-11-01,3375.65,3532.31,3028.79,3361.77,40845001,3361.77,3.060132742684596
4884,SUNPHARMA,2021-12-01,3524.92,3723.91,3295.26,3547.78,41344478,3547.78,5.533097148228472
4885,SUNPHARMA,2022-01-01,3263.85,3351.55,3177.01,3246.1,10953516,3246.1,-8.503345754246327
4886,SUNPHARMA,2022-02-01,3038.43,3375.26,2695.13,3049.34,41456706,3049.34,-6.061427559224908
4887,SUNPHARMA,2022-03-01,2912.83,3109.12,2598.23,2861.58,1194334,2861.58,-6.157397994320091
4888,SUNPHARMA,2022-04-01,3130.22,3180.87,3051.5,3143.77,8539965,3143.77,9.861335346207344
4889,SUNPHARMA,2022-05-01,3101.5,3405.74,2880.42,3081.48,18371057,3081.48,-1.9813790449046853
4890,SUNPHARMA,2022-06-01,3188.61,3365.84,2950.22,3213.05,36702966,3213.05,4.269701571971907
4891,SUNPHARMA,2022-07-01,3379.5,3683.8,3134.36,3353.2,26380115,3353.2,4.361899130110003
4892,SUNPHARMA,2022-08-01,3230.89,3493.43,3034.17,3277.08,49745220,3277.08,-2.27007038053203
4893,SUNPHARMA,2022-09-01,3461.78,3792.68,3412.95,3493.65,16883102,3493.65,6.608627192500638
4894,SUNPHARMA,2022-10-01,3525.29,3946.25,3301.6,3575.67,35513147,3575.67,2.3476879481344692
4895,SUNPHARMA,2022-11-01,3604.8,3821.98,3435.38,3676.58,34877486,3676.58,2.8221284402643487
4896,SUNPHARMA,2022-12-01,4104.37,4388.81,3817.73,4063.25,11092279,4063.25,10.517111010776325
4897,SUNPHARMA,2023-01-01,3785.02,4077.56,3664.91,3840.11,46449414,3840.11,-5.491663077585674
4898,SUNPHARMA,2023-02-01,3651.29,3855.11,3246.83,3658.94,37951682,3658.94,-4.7178336037248965
4899,SUNPHARMA,2023-03-01,3414.31,3830.08,3260.39,3472.82,47186030,3472.82,-5.0867191044400855
4900,SUNPHARMA,2023-04-01,3681.97,4003.43,3619.59,3753.56,30047617,3753.56,8.083920272285926
4901,SUNPHARMA,2023-05-01,3760.7,4032.26,3635.14,3769.75,19724355,3769.75,0.43132386321251825
4902,SUNPHARMA,2023-06-01,3480.89,3668.99,3169.66,3432.67,45735949,3432.67,-8.941707009748656
4903,SUNPHARMA,2023-07-01,3400.43,3438.96,3233.7,3339.51,29017121,3339.51,-2.7139223985993333
4904,SUNPHARMA,2023-08-01,3324.61,3398.12,3063.25,3281.75,48873675,3281.75,-1.729595060353173
4905,SUNPHARMA,2023-09-01,3166.93,3451.56,2895.33,3153.16,26573791,3153.16,-3.91833625352328
4906,SUNPHARMA,2023-10-01,3241.73,3552.78,3166.47,3298.69,33118934,3298.69,4.615369978053763
4907,SUNPHARMA,2023-11-01,3718.01,3888.91,3410.99,3730.15,6315920,3730.15,13.079737714062256
4908,SUNPHARMA,2023-12-01,3685.79,4083.02,3326.81,3650.28,26618700,3650.28,-2.141200756001771
4909,SUNPHARMA,2024-01-01,3875.5,3955.31,3494.14,3899.61,16194219,3899.61,6.830434925539963
4910,SUNPHARMA,2024-02-01,3811.67,4268.19,3409.24,3868.72,32091477,3868.72,-0.7921304951007957
4911,SUNPHARMA,2024-03-01,3972.7,4289.88,3638.95,4028.08,31761320,4028.08,4.119191877416828
4912,SUNPHARMA,2024-04-01,4280.07,4344.38,3998.96,4214.15,49562299,4214.15,4.619322357053468
4913,SUNPHARMA,2024-05-01,4574.79,5040.38,4231.95,4501.06,21063814,4501.06,6.808253147135268
4914,SUNPHARMA,2024-06-01,5093.99,5362.85,4611.92,5177.7,31741092,5177.7,15.032903360541727
4915,SUNPHARMA,2024-07-01,4851.57,5218.22,4822.57,4875.8,11126987,4875.8,-5.830774282017104
4916,SUNPHARMA,2024-08-01,4368.59,4479.04,4139.32,4371.73,36410891,4371.73,-10.338200910619811
4917,SUNPHARMA,2024-09-01,4574.37,4904.12,4122.27,4586.25,20343526,4586.25,4.906981904188967
4918,SUNPHARMA,2024-10-01,4321.54,4757.87,4142.26,4255.37,36745102,4255.37,-7.214608885254837
4919,SUNPHARMA,2024-11-01,4427.67,4483.58,4104.8,4412.97,37370226,4412.97,3.7035557425088905
4920,SUNPHARMA,2024-12-01,4483.53,4659.23,4153.08,4526.74,15956941,4526.74,2.57808233457284
4921,TATACONSUM,2020-01-01,1751.82,1904.84,1659.13,1725.34,41778960,1725.34,
4922,TATACONSUM,2020-02-01,1547.29,1605.94,1396.47,1521.1,2975406,1521.1,-11.837666778721879
4923,TATACONSUM,2020-03-01,1563.13,1623.22,1519.45,1543.58,21038140,1543.58,1.4778778515547986
4924,TATACONSUM,2020-04-01,1576.52,1609.25,1411.1,1545.73,29816418,1545.73,0.1392865935034182
4925,TATACONSUM,2020-05-01,1622.01,1786.62,1576.52,1629.4,21854403,1629.4,5.4129763930311325
4926,TATACONSUM,2020-06-01,1664.88,1699.88,1625.57,1648.59,47973741,1648.59,1.1777341352644966
4927,TATACONSUM,2020-07-01,1555.08,1749.86,1387.87,1564.12,42193858,1564.12,-5.123772435839113
4928,TATACONSUM,2020-08-01,1494.41,1587.47,1460.36,1503.18,4621090,1503.18,-3.896120502263245
4929,TATACONSUM,2020-09-01,1508.13,1668.26,1470.28,1526.25,3122447,1526.25,1.534746337763937
4930,TATACONSUM,2020-10-01,1577.62,1659.97,1436.03,1560.06,20604523,1560.06,2.2152334152334197
4931,TATACONSUM,2020-11-01,1664.1,1725.95,1583.06,1682.3,33957410,1682.3,7.83559606681794
4932,TATACONSUM,2020-12-01,1645.32,1778.88,1635.25,1668.19,25660203,1668.19,-0.8387326873922518
4933,TATACONSUM,2021-01-01,1784.37,1834.18,1611.47,1810.71,7923389,1810.71,8.543391340314944
4934,TATACONSUM,2021-02-01,2049.7,2095.95,1876.8,2018.17,18648643,2018.17,11.457384120041315
4935,TATACONSUM,2021-03-01,2180.27,2298.86,1915.51,2152.54,23218043,2152.54,6.658011961331289
4936,TATACONSUM,2021-04-01,2200.54,2279.66,1967.3,2210.37,16538793,2210.37,2.6865935127802443
4937,TATACONSUM,2021-05-01,2141.36,2210.14,2034.32,2130.06,19357832,2130.06,-3.6333283567909436
4938,TATACONSUM,2021-06-01,2100.76,2243.76,1973.84,2098.95,12502622,2098.95,-1.4605222388101802
4939,TATACONSUM,2021-07-01,2089.25,2267.18,1901.7,2112.96,12902269,2112.96,0.667476595440597
4940,TATACONSUM,2021-08-01,2072.86,2122.08,1914.62,2085.04,48950391,2085.04,-1.3213690746630369
4941,TATACONSUM,2021-09-01,2393.7,2558.31,2329.18,2365.88,42892450,2365.88,13.469285960940812
4942,TATACONSUM,2021-10-01,2349.32,2578.8,2094.6,2313.49,30891004,2313.49,-2.2143980252591122
4943,TATACONSUM,2021-11-01,2356.44,2417.66,2198.13,2367.84,48870409,2367.84,2.349264531076445
4944,TATACONSUM,2021-12-01,2441.55,2619.06,2119.88,2399.83,34772372,2399.83,1.3510203392121056
4945,TATACONSUM,2022-01-01,2352.68,2421.53,2337.99,2390.28,36153553,2390.28,-0.3979448544271791
4946,TATACONSUM,2022-02-01,2369.48,2444.51,2330.29,2406.0,40512045,2406.0,0.6576635373261697
4947,TATACONSUM,2022-03-01,2592.76,2749.08,2536.5,2574.54,24105026,2574.54,7.004987531172069
4948,TATACONSUM,2022-04-01,2463.79,2655.28,2450.17,2490.71,19993088,2490.71,-3.2561156556122572
4949,TATACONSUM,2022-05-01,2608.36,2818.66,2432.68,2647.19,27258575,2647.19,6.282545940715689
4950,TATACONSUM,2022-06-01,2627.0,2632.52,2372.75,2604.94,30289785,2604.94,-1.5960320188577293
4951,TATACONSUM,2022-07-01,2865.26,2923.46,2544.79,2871.16,6327419,2871.16,10.219813124294607
4952,TATACONSUM,2022-08-01,2787.28,2896.32,2555.24,2803.14,32429220,2803.14,-2.3690773067331694
4953,TATACONSUM,2022-09-01,2435.47,2550.21,2202.0,2479.33,11887951,2479.33,-11.551688463651477
4954,TATACONSUM,2022-10-01,2695.72,2919.29,2620.01,2707.94,17053064,2707.94,9.220636220269185
4955,TATACONSUM,2022-11-01,2656.47,2707.06,2474.26,2645.92,32344889,2645.92,-2.290301853069121
4956,TATACONSUM,2022-12-01,2742.64,3016.98,2456.33,2771.62,21467260,2771.62,4.7507105279071205
4957,TATACONSUM,2023-01-01,2838.54,3002.32,2568.33,2884.22,12746055,2884.22,4.062605984947432
4958,TATACONSUM,2023-02-01,2962.5,3109.71,2793.63,2974.47,48686679,2974.47,3.1290955613649363
4959,TATACONSUM,2023-03-01,2851.44,2986.67,2615.61,2902.4,38137124,2902.4,-2.4229526604739537
4960,TATACONSUM,2023-04-01,2831.73,3188.9,2669.95,2847.96,27259167,2847.96,-1.87568908489526
4961,TATACONSUM,2023-05-01,2803.25,2957.47,2570.1,2826.88,46289995,2826.88,-0.740178935097402
4962,TATACONSUM,2023-06-01,3143.02,3367.63,2923.71,3183.01,4400323,3183.01,12.597987887706585
4963,TATACONSUM,2023-07-01,3286.77,3509.88,3214.68,3327.77,35476651,3327.77,4.547896487915515
4964,TATACONSUM,2023-08-01,3184.42,3399.85,3050.32,3171.74,31688841,3171.74,-4.688725482830847
4965,TATACONSUM,2023-09-01,3025.66,3248.78,2745.36,3028.02,41956996,3028.02,-4.531266749481356
4966,TATACONSUM,2023-10-01,3258.76,3489.43,3123.36,3228.79,44776231,3228.79,6.630405347388724
4967,TATACONSUM,2023-11-01,3240.16,3528.48,3099.7,3273.04,46074893,3273.04,1.3704824407905214
4968,TATACONSUM,2023-12-01,3286.8,3413.5,3084.44,3293.75,37568067,3293.75,0.632745093246645
4969,TATACONSUM,2024-01-01,3203.36,3423.72,3084.59,3178.52,9105787,3178.52,-3.4984440227703972
4970,TATACONSUM,2024-02-01,3543.26,3962.7,3357.66,3613.57,16229355,3613.57,13.687187747756813
4971,TATACONSUM,2024-03-01,3544.95,3689.84,3224.46,3516.47,24987092,3516.47,-2.687093373035543
4972,TATACONSUM,2024-04-01,3808.85,4133.83,3485.49,3775.52,33188791,3775.52,7.3667626909941
4973,TATACONSUM,2024-05-01,3619.17,4083.59,3516.48,3684.17,32440709,3684.17,-2.4195342628300143
4974,TATACONSUM,2024-06-01,3727.02,4023.23,3446.42,3657.59,42409432,3657.59,-0.7214650789730048
4975,TATACONSUM,2024-07-01,3845.95,3914.5,3723.99,3859.74,5674135,3859.74,5.526863317102237
4976,TATACONSUM,2024-08-01,3535.62,3904.04,3394.95,3549.38,401530,3549.38,-8.040956126578468
4977,TATACONSUM,2024-09-01,3585.62,4026.97,3433.68,3606.51,11296184,3606.51,1.60957688385015
4978,TATACONSUM,2024-10-01,3570.28,4005.49,3242.75,3584.55,28120300,3584.55,-0.6088989078083862
4979,TATACONSUM,2024-11-01,3694.12,3904.16,3550.65,3727.15,27497480,3727.15,3.978184151427655
4980,TATACONSUM,2024-12-01,3893.3,3998.98,3611.88,3845.49,7784743,3845.49,3.175080155078258
4981,TATAMOTORS,2020-01-01,356.96,372.46,323.95,350.6,36118308,350.6,
4982,TATAMOTORS,2020-02-01,345.6,379.34,312.3,347.1,46782512,347.1,-0.998288648031942
4983,TATAMOTORS,2020-03-01,298.41,309.63,291.06,297.47,16678719,297.47,-14.298473062518003
4984,TATAMOTORS,2020-04-01,283.14,295.86,276.25,285.47,38732513,285.47,-4.034020237334857
4985,TATAMOTORS,2020-05-01,303.07,330.38,291.6,308.22,28765286,308.22,7.969313763267594
4986,TATAMOTORS,2020-06-01,335.2,358.11,307.86,330.44,21979018,330.44,7.209136331192001
4987,TATAMOTORS,2020-07-01,348.23,359.23,332.26,351.15,49225626,351.15,6.26740104103618
4988,TATAMOTORS,2020-08-01,326.2,362.65,325.33,328.7,29468849,328.7,-6.393279225402249
4989,TATAMOTORS,2020-09-01,346.88,360.0,325.34,349.91,16027466,349.91,6.452692424703388
4990,TATAMOTORS,2020-10-01,364.51,401.01,336.28,363.01,17019909,363.01,3.7438198393872524
4991,TATAMOTORS,2020-11-01,345.27,375.17,325.18,351.54,14819620,351.54,-3.159692570452599
4992,TATAMOTORS,2020-12-01,336.27,362.73,329.61,339.86,42583722,339.86,-3.322523752631279
4993,TATAMOTORS,2021-01-01,360.6,384.91,358.48,364.85,45158628,364.85,7.353027717295357
4994,TATAMOTORS,2021-02-01,381.11,389.43,337.44,374.99,9883112,374.99,2.7792243387693594
4995,TATAMOTORS,2021-03-01,404.34,431.45,389.05,409.74,47373654,409.74,9.266913784367592
4996,TATAMOTORS,2021-04-01,460.2,473.97,409.32,463.21,18255282,463.21,13.049738858788483
4997,TATAMOTORS,2021-05-01,477.74,515.6,435.33,471.57,16597594,471.57,1.80479696034197
4998,TATAMOTORS,2021-06-01,401.98,437.88,359.36,396.82,15802123,396.82,-15.851305214496259
4999,TATAMOTORS,2021-07-01,394.02,418.65,355.91,395.21,9077718,395.21,-0.40572551786705047
5000,TATAMOTORS,2021-08-01,379.16,421.61,375.1,385.74,48963831,385.74,-2.3961944282786307
5001,TATAMOTORS,2021-09-01,402.13,433.88,371.64,405.7,10358924,405.7,5.174469850158125
5002,TATAMOTORS,2021-10-01,384.92,413.43,351.75,391.06,48214875,391.06,-3.6085777668227736
5003,TATAMOTORS,2021-11-01,432.2,468.21,390.28,431.98,17019597,431.98,10.463867437221918
5004,TATAMOTORS,2021-12-01,422.23,457.12,397.69,423.2,23702074,423.2,-2.0325015046993022
5005,TATAMOTORS,2022-01-01,358.26,379.8,347.17,355.1,31678182,355.1,-16.091682419659726
5006,TATAMOTORS,2022-02-01,350.29,384.08,339.46,357.05,28959656,357.05,0.5491410870177349
5007,TATAMOTORS,2022-03-01,346.13,349.07,330.82,342.01,21353696,342.01,-4.212295196751159
5008,TATAMOTORS,2022-04-01,342.28,354.32,309.42,340.69,12636445,340.69,-0.38595362708692127
5009,TATAMOTORS,2022-05-01,339.81,357.57,335.6,339.99,5926026,339.99,-0.20546537908362472
5010,TATAMOTORS,2022-06-01,363.48,390.82,330.01,370.47,13483198,370.47,8.964969557928182
5011,TATAMOTORS,2022-07-01,383.26,418.09,356.39,380.2,30015540,380.2,2.6263935001484384
5012,TATAMOTORS,2022-08-01,409.03,450.21,361.05,405.63,16614324,405.63,6.688584955286703
5013,TATAMOTORS,2022-09-01,377.06,390.54,375.64,381.72,21752991,381.72,-5.8945344279269225
5014,TATAMOTORS,2022-10-01,399.39,442.2,354.28,397.4,36505597,397.4,4.107722938279346
5015,TATAMOTORS,2022-11-01,387.48,405.79,374.16,395.31,23907940,395.31,-0.5259184700553532
5016,TATAMOTORS,2022-12-01,379.59,428.89,352.55,383.85,12984399,383.85,-2.8989906655536135
5017,TATAMOTORS,2023-01-01,376.39,409.7,352.18,370.48,18497851,370.48,-3.4831314315487805
5018,TATAMOTORS,2023-02-01,343.89,369.45,306.07,338.17,32222575,338.17,-8.721118548909523
5019,TATAMOTORS,2023-03-01,373.1,420.99,360.34,376.95,5211690,376.95,11.467605050714136
5020,TATAMOTORS,2023-04-01,378.68,408.81,346.03,380.12,47881331,380.12,0.8409603395675758
5021,TATAMOTORS,2023-05-01,427.57,454.75,392.72,425.93,3924229,425.93,12.051457434494361
5022,TATAMOTORS,2023-06-01,413.95,464.51,401.48,420.2,19136601,420.2,-1.3452914798206317
5023,TATAMOTORS,2023-07-01,453.95,487.11,431.75,461.64,41840171,461.64,9.861970490242733
5024,TATAMOTORS,2023-08-01,448.85,476.76,403.25,446.27,17056316,446.27,-3.32943419114462
5025,TATAMOTORS,2023-09-01,457.0,471.37,431.74,452.73,7164909,452.73,1.4475541712416273
5026,TATAMOTORS,2023-10-01,443.17,483.27,441.16,447.05,45570644,447.05,-1.2546109159984997
5027,TATAMOTORS,2023-11-01,454.22,487.24,399.73,452.69,6221608,452.69,1.2616038474443592
5028,TATAMOTORS,2023-12-01,451.51,503.64,444.41,453.61,7659104,453.61,0.20322958315845963
5029,TATAMOTORS,2024-01-01,449.67,499.49,441.93,457.06,24999574,457.06,0.7605652432706389
5030,TATAMOTORS,2024-02-01,442.18,468.53,437.61,445.39,11557666,445.39,-2.553275281144707
5031,TATAMOTORS,2024-03-01,472.05,524.83,436.13,472.67,25778476,472.67,6.1249691281798135
5032,TATAMOTORS,2024-04-01,495.62,559.36,485.2,503.0,41588944,503.0,6.416738951065226
5033,TATAMOTORS,2024-05-01,495.8,504.62,441.85,498.35,33927606,498.35,-0.9244532803180827
5034,TATAMOTORS,2024-06-01,549.15,602.57,523.69,545.07,1181832,545.07,9.37493729306713
5035,TATAMOTORS,2024-07-01,546.42,582.25,526.8,539.76,22859284,539.76,-0.9741868016952093
5036,TATAMOTORS,2024-08-01,506.82,551.12,465.38,502.79,25098910,502.79,-6.849340447606334
5037,TATAMOTORS,2024-09-01,481.7,542.31,436.47,485.11,45712925,485.11,-3.5163786073708736
5038,TATAMOTORS,2024-10-01,506.48,561.79,477.7,513.55,36849722,513.55,5.8625878666694
5039,TATAMOTORS,2024-11-01,510.08,556.59,459.6,503.63,34754363,503.63,-1.9316522247103451
5040,TATAMOTORS,2024-12-01,494.1,554.75,445.98,500.16,44661445,500.16,-0.688997875424413
5041,TATAPOWER,2020-01-01,1685.46,1709.35,1529.0,1690.86,24646234,1690.86,
5042,TATAPOWER,2020-02-01,1799.13,2002.16,1657.12,1802.05,46855487,1802.05,6.575943602663736
5043,TATAPOWER,2020-03-01,1672.05,1776.25,1615.88,1703.45,36338662,1703.45,-5.471546294497931
5044,TATAPOWER,2020-04-01,1747.11,1866.57,1646.05,1747.06,4033517,1747.06,2.5600986233819567
5045,TATAPOWER,2020-05-01,1726.48,1909.67,1647.36,1746.18,41678037,1746.18,-0.050370336450944464
5046,TATAPOWER,2020-06-01,1751.11,1952.6,1578.16,1772.42,20251101,1772.42,1.5027087700008046
5047,TATAPOWER,2020-07-01,1804.09,1853.61,1612.5,1830.21,14633337,1830.21,3.260513873686821
5048,TATAPOWER,2020-08-01,1959.21,2077.09,1834.0,1924.42,47103350,1924.42,5.147496735347312
5049,TATAPOWER,2020-09-01,1998.05,2095.45,1862.2,1967.73,48031518,1967.73,2.250548217125159
5050,TATAPOWER,2020-10-01,1745.7,1761.22,1566.96,1723.34,41672159,1723.34,-12.419895005920534
5051,TATAPOWER,2020-11-01,1867.46,1993.19,1713.99,1838.87,10152602,1838.87,6.703842538326743
5052,TATAPOWER,2020-12-01,1772.03,1903.5,1577.1,1755.08,35269637,1755.08,-4.556602696221046
5053,TATAPOWER,2021-01-01,1756.35,1952.67,1565.39,1745.38,30074375,1745.38,-0.5526813592542701
5054,TATAPOWER,2021-02-01,1811.13,1901.66,1678.68,1800.67,44556413,1800.67,3.167791541097076
5055,TATAPOWER,2021-03-01,1718.96,1719.38,1520.26,1700.99,47813609,1700.99,-5.535717260797368
5056,TATAPOWER,2021-04-01,1685.81,1916.95,1517.8,1717.11,34042998,1717.11,0.9476834078977481
5057,TATAPOWER,2021-05-01,1688.87,1712.62,1581.64,1678.16,14077997,1678.16,-2.2683462329145976
5058,TATAPOWER,2021-06-01,1816.61,1975.25,1747.42,1824.88,49624007,1824.88,8.742908900224066
5059,TATAPOWER,2021-07-01,1959.51,2142.2,1764.04,1995.3,42169618,1995.3,9.338696243040623
5060,TATAPOWER,2021-08-01,1958.43,2053.78,1779.17,1996.31,3988563,1996.31,0.050618954543169004
5061,TATAPOWER,2021-09-01,1984.18,2082.02,1793.34,2006.16,32969406,2006.16,0.4934103420811464
5062,TATAPOWER,2021-10-01,1933.52,1971.19,1803.58,1947.65,15590606,1947.65,-2.916517127248075
5063,TATAPOWER,2021-11-01,2190.95,2364.03,2156.29,2193.36,25934061,2193.36,12.615716376145603
5064,TATAPOWER,2021-12-01,2131.99,2204.14,2054.03,2132.74,7124711,2132.74,-2.7637961848488324
5065,TATAPOWER,2022-01-01,2365.01,2652.65,2349.86,2387.76,8473183,2387.76,11.95738814857885
5066,TATAPOWER,2022-02-01,2300.82,2508.12,2137.89,2281.6,22706424,2281.6,-4.446007974000754
5067,TATAPOWER,2022-03-01,2385.28,2531.12,2194.23,2356.2,27186586,2356.2,3.2696353436185044
5068,TATAPOWER,2022-04-01,2402.67,2576.42,2274.58,2391.34,48574800,2391.34,1.491384432560916
5069,TATAPOWER,2022-05-01,2657.79,2849.48,2320.36,2632.22,23419731,2632.22,10.073013456890267
5070,TATAPOWER,2022-06-01,2557.62,2671.94,2423.19,2509.11,22599096,2509.11,-4.677040672892074
5071,TATAPOWER,2022-07-01,2428.83,2594.76,2305.87,2454.13,17519777,2454.13,-2.191215211768316
5072,TATAPOWER,2022-08-01,2466.13,2643.6,2247.41,2438.91,31605289,2438.91,-0.620179045119873
5073,TATAPOWER,2022-09-01,2405.87,2541.71,2202.79,2369.97,43553182,2369.97,-2.826672570943578
5074,TATAPOWER,2022-10-01,2569.76,2707.03,2299.56,2583.51,8462365,2583.51,9.010240635957434
5075,TATAPOWER,2022-11-01,2925.43,3042.82,2772.32,2907.75,46893225,2907.75,12.550367523253247
5076,TATAPOWER,2022-12-01,3120.05,3158.84,2901.57,3074.47,27140586,3074.47,5.733642851001619
5077,TATAPOWER,2023-01-01,2875.2,3151.23,2746.53,2929.05,35978927,2929.05,-4.729920929460995
5078,TATAPOWER,2023-02-01,2649.31,2821.78,2351.65,2632.29,15828928,2632.29,-10.131612638910237
5079,TATAPOWER,2023-03-01,2590.8,2808.37,2457.78,2582.81,4642879,2582.81,-1.8797320963875541
5080,TATAPOWER,2023-04-01,2436.66,2540.19,2246.99,2475.34,23014642,2475.34,-4.160971964643156
5081,TATAPOWER,2023-05-01,2632.79,2894.15,2397.12,2585.47,43717316,2585.47,4.449085782155171
5082,TATAPOWER,2023-06-01,2700.36,2765.36,2506.62,2687.38,3094539,2687.38,3.941643105508885
5083,TATAPOWER,2023-07-01,2449.72,2741.13,2207.6,2497.0,40330743,2497.0,-7.084223295551806
5084,TATAPOWER,2023-08-01,2600.39,2789.52,2290.54,2577.51,12636153,2577.51,3.224269122947554
5085,TATAPOWER,2023-09-01,2572.02,2907.24,2317.72,2617.53,40572881,2617.53,1.5526612893839387
5086,TATAPOWER,2023-10-01,2329.2,2415.88,2107.22,2359.38,49705703,2359.38,-9.862351147837845
5087,TATAPOWER,2023-11-01,2593.03,2848.73,2400.22,2599.92,8174525,2599.92,10.195051242275511
5088,TATAPOWER,2023-12-01,2382.53,2643.01,2331.56,2413.91,11603885,2413.91,-7.154450906181742
5089,TATAPOWER,2024-01-01,2390.66,2524.32,2167.96,2374.99,20915093,2374.99,-1.6123219175528503
5090,TATAPOWER,2024-02-01,2382.86,2447.62,2177.96,2369.24,39149868,2369.24,-0.24210628255276756
5091,TATAPOWER,2024-03-01,2509.53,2801.9,2420.32,2560.72,12050891,2560.72,8.081916563961444
5092,TATAPOWER,2024-04-01,2354.02,2630.0,2323.91,2394.58,34910464,2394.58,-6.488018994657752
5093,TATAPOWER,2024-05-01,2630.04,2733.39,2341.16,2596.15,29422602,2596.15,8.417760108244465
5094,TATAPOWER,2024-06-01,2684.18,2714.34,2527.99,2673.24,32194372,2673.24,2.9693969916992247
5095,TATAPOWER,2024-07-01,2846.58,2973.24,2629.28,2902.58,30987800,2902.58,8.57910251230718
5096,TATAPOWER,2024-08-01,3195.33,3436.9,3033.86,3182.84,12034820,3182.84,9.65554782297129
5097,TATAPOWER,2024-09-01,2907.33,3068.52,2834.63,2892.3,21387478,2892.3,-9.128325646278167
5098,TATAPOWER,2024-10-01,2995.93,3004.11,2632.76,2962.96,4157272,2962.96,2.443038412336196
5099,TATAPOWER,2024-11-01,2770.09,3033.89,2496.37,2777.77,12399977,2777.77,-6.25016875016875
5100,TATAPOWER,2024-12-01,2683.29,2820.03,2544.98,2694.83,16958246,2694.83,-2.9858483603754093
5101,TATASTEEL,2020-01-01,1716.26,1820.19,1613.88,1696.88,27902941,1696.88,
5102,TATASTEEL,2020-02-01,1750.85,1855.14,1546.03,1732.79,40498048,1732.79,2.116236858233922
5103,TATASTEEL,2020-03-01,1676.09,1768.83,1552.22,1701.0,25453218,1701.0,-1.8346135423219168
5104,TATASTEEL,2020-04-01,1782.49,1860.52,1591.17,1767.9,13311659,1767.9,3.932980599647262
5105,TATASTEEL,2020-05-01,1753.84,1765.65,1658.57,1732.08,36806844,1732.08,-2.0261326998133433
5106,TATASTEEL,2020-06-01,1739.26,1866.06,1712.19,1756.85,8425230,1756.85,1.4300725139716475
5107,TATASTEEL,2020-07-01,1776.22,1870.3,1620.87,1806.78,31193223,1806.78,2.8420183851780134
5108,TATASTEEL,2020-08-01,1798.02,1810.61,1590.83,1783.96,112020,1783.96,-1.263020400934256
5109,TATASTEEL,2020-09-01,1663.71,1709.41,1599.77,1650.6,25140823,1650.6,-7.475503935065819
5110,TATASTEEL,2020-10-01,1701.57,1798.61,1537.84,1697.12,48523099,1697.12,2.818369077911065
5111,TATASTEEL,2020-11-01,1713.59,1765.9,1525.08,1687.88,46678655,1687.88,-0.5444517771282964
5112,TATASTEEL,2020-12-01,1583.63,1653.43,1472.1,1602.31,38139538,1602.31,-5.069673199516567
5113,TATASTEEL,2021-01-01,1809.84,1922.39,1701.66,1776.81,35364309,1776.81,10.890526801929724
5114,TATASTEEL,2021-02-01,1859.23,1965.34,1831.32,1875.12,1188172,1875.12,5.532949499383721
5115,TATASTEEL,2021-03-01,1873.73,1949.99,1858.21,1909.72,32364925,1909.72,1.8452152395580068
5116,TATASTEEL,2021-04-01,1845.31,2047.29,1833.27,1880.62,33089938,1880.62,-1.5237835913118225
5117,TATASTEEL,2021-05-01,1976.95,2048.93,1784.97,1948.34,24043027,1948.34,3.6009401154938336
5118,TATASTEEL,2021-06-01,2007.07,2123.02,1823.06,2045.84,43245355,2045.84,5.004260036749231
5119,TATASTEEL,2021-07-01,2054.25,2167.97,1819.46,2033.93,45122522,2033.93,-0.5821569624212986
5120,TATASTEEL,2021-08-01,2106.08,2359.33,2027.18,2122.36,9316219,2122.36,4.347740581042614
5121,TATASTEEL,2021-09-01,2501.76,2731.36,2265.43,2456.46,35183293,2456.46,15.741909949301714
5122,TATASTEEL,2021-10-01,2459.27,2501.83,2375.46,2436.62,21093232,2436.62,-0.8076663165693776
5123,TATASTEEL,2021-11-01,2277.36,2345.02,2284.53,2314.96,40691283,2314.96,-4.992982081736175
5124,TATASTEEL,2021-12-01,2128.04,2425.33,2049.84,2165.58,42701059,2165.58,-6.45281127967654
5125,TATASTEEL,2022-01-01,2367.04,2446.21,2235.69,2394.24,22189625,2394.24,10.558834122960125
5126,TATASTEEL,2022-02-01,2243.04,2366.69,2238.15,2269.05,14503559,2269.05,-5.2287991178828985
5127,TATASTEEL,2022-03-01,2553.96,2795.08,2469.87,2564.86,1937941,2564.86,13.036733434697334
5128,TATASTEEL,2022-04-01,2608.33,2908.56,2601.54,2655.89,30149786,2655.89,3.5491215894824624
5129,TATASTEEL,2022-05-01,2561.36,2807.2,2279.46,2569.9,9367980,2569.9,-3.2377093930847978
5130,TATASTEEL,2022-06-01,2591.07,2725.6,2375.73,2569.16,23223492,2569.16,-0.028794894743000565
5131,TATASTEEL,2022-07-01,2713.43,2832.19,2494.32,2714.46,30728568,2714.46,5.655545003036022
5132,TATASTEEL,2022-08-01,2390.18,2610.09,2255.84,2395.61,40198346,2395.61,-11.74635102377637
5133,TATASTEEL,2022-09-01,2666.35,2810.88,2506.82,2717.56,31279578,2717.56,13.43916580745612
5134,TATASTEEL,2022-10-01,2768.03,2885.25,2579.31,2726.91,48372039,2726.91,0.34405864083957294
5135,TATASTEEL,2022-11-01,2722.29,2808.73,2505.46,2763.94,38765307,2763.94,1.357947273654081
5136,TATASTEEL,2022-12-01,2518.78,2586.21,2450.46,2490.7,41210404,2490.7,-9.885887537356098
5137,TATASTEEL,2023-01-01,2555.54,2634.9,2412.31,2574.99,22267771,2574.99,3.3841891837635973
5138,TATASTEEL,2023-02-01,2666.2,2964.15,2504.93,2690.42,3108850,2690.42,4.482735855284892
5139,TATASTEEL,2023-03-01,2796.25,3005.31,2617.35,2779.56,25381797,2779.56,3.313237338408115
5140,TATASTEEL,2023-04-01,2815.01,3019.32,2599.3,2762.32,46920442,2762.32,-0.6202420526989827
5141,TATASTEEL,2023-05-01,2801.68,3054.19,2709.81,2765.09,45216609,2765.09,0.10027802716556788
5142,TATASTEEL,2023-06-01,2936.49,3064.42,2607.56,2905.42,16764422,2905.42,5.075060847928992
5143,TATASTEEL,2023-07-01,2930.97,3122.39,2756.13,2912.15,46792704,2912.15,0.23163604573521734
5144,TATASTEEL,2023-08-01,2641.01,2923.49,2516.92,2666.22,41695657,2666.22,-8.444963343234392
5145,TATASTEEL,2023-09-01,2821.75,3041.17,2640.13,2865.23,27828990,2865.23,7.464125240977881
5146,TATASTEEL,2023-10-01,3119.54,3289.05,2885.9,3102.82,26962991,3102.82,8.292178987376243
5147,TATASTEEL,2023-11-01,3102.06,3494.77,2970.76,3156.38,31383701,3156.38,1.726171676088195
5148,TATASTEEL,2023-12-01,3295.74,3337.12,3073.66,3256.81,19846072,3256.81,3.1818095413099767
5149,TATASTEEL,2024-01-01,3511.21,3896.16,3126.26,3488.19,19801904,3488.19,7.104497959659906
5150,TATASTEEL,2024-02-01,3615.28,3701.79,3225.66,3547.13,40705554,3547.13,1.6897015357534961
5151,TATASTEEL,2024-03-01,3611.38,3822.84,3392.0,3610.97,23195701,3610.97,1.7997648803398825
5152,TATASTEEL,2024-04-01,4009.87,4109.95,3899.08,3981.05,37751296,3981.05,10.24876972115527
5153,TATASTEEL,2024-05-01,4023.83,4087.17,3894.42,4011.24,49921006,4011.24,0.7583426482962841
5154,TATASTEEL,2024-06-01,4078.09,4138.62,3932.53,4071.57,3780077,4071.57,1.5040236934214857
5155,TATASTEEL,2024-07-01,4198.75,4469.32,4128.46,4217.75,15024146,4217.75,3.5902612505740894
5156,TATASTEEL,2024-08-01,4182.63,4681.09,3790.24,4201.36,28967207,4201.36,-0.38859581530437115
5157,TATASTEEL,2024-09-01,4055.08,4367.79,3949.99,4127.98,20410110,4127.98,-1.7465772987794503
5158,TATASTEEL,2024-10-01,4272.28,4625.53,3978.16,4253.11,664303,4253.11,3.0312646863599246
5159,TATASTEEL,2024-11-01,4749.91,4778.73,4143.48,4695.22,23263373,4695.22,10.394981554674132
5160,TATASTEEL,2024-12-01,4884.08,5053.18,4779.55,4917.08,32863205,4917.08,4.725231192574575
5161,TCS,2020-01-01,3759.74,3943.95,3566.81,3814.98,31261879,3814.98,
5162,TCS,2020-02-01,3791.53,3914.3,3400.1,3857.26,16302173,3857.26,1.1082626907611637
5163,TCS,2020-03-01,3855.15,3921.29,3464.08,3871.61,16213835,3871.61,0.37202573847756604
5164,TCS,2020-04-01,3713.61,4177.16,3464.94,3751.8,24864255,3751.8,-3.094578224562905
5165,TCS,2020-05-01,3895.82,4314.66,3448.97,3852.6,21254759,3852.6,2.6867103790180646
5166,TCS,2020-06-01,3623.78,3711.97,3500.78,3662.38,4110629,3662.38,-4.9374448424440605
5167,TCS,2020-07-01,3323.33,3490.7,2956.05,3309.89,37436901,3309.89,-9.624615687066884
5168,TCS,2020-08-01,3582.81,3720.71,3184.99,3543.32,29713241,3543.32,7.0525002341467635
5169,TCS,2020-09-01,3656.25,4163.55,3280.35,3721.44,15377062,3721.44,5.026923901877334
5170,TCS,2020-10-01,3464.83,3681.82,3258.43,3523.95,46051018,3523.95,-5.306816716109896
5171,TCS,2020-11-01,3512.85,3793.75,3232.01,3451.25,2060173,3451.25,-2.063025865860746
5172,TCS,2020-12-01,3702.9,3838.14,3561.87,3766.21,43895621,3766.21,9.125968851865274
5173,TCS,2021-01-01,4125.25,4577.53,3927.55,4092.58,13988885,4092.58,8.665740890709749
5174,TCS,2021-02-01,4116.56,4552.44,4005.64,4185.64,42727595,4185.64,2.2738712499206004
5175,TCS,2021-03-01,4375.62,4794.48,4004.59,4300.27,48032078,4300.27,2.7386492866084966
5176,TCS,2021-04-01,4187.98,4587.12,4052.71,4135.07,44926107,4135.07,-3.8416192471635635
5177,TCS,2021-05-01,4174.0,4422.33,4096.02,4234.62,24469637,4234.62,2.4074562220228524
5178,TCS,2021-06-01,4392.58,4904.97,4063.14,4429.69,34973075,4429.69,4.606552654075213
5179,TCS,2021-07-01,4840.32,4965.45,4773.31,4833.75,3603774,4833.75,9.121631536292618
5180,TCS,2021-08-01,4812.65,5422.94,4804.19,4882.17,11682237,4882.17,1.001706749418152
5181,TCS,2021-09-01,5443.89,5737.15,4821.96,5353.68,24403510,5353.68,9.65779561137774
5182,TCS,2021-10-01,5317.04,5803.52,5165.34,5384.13,16879567,5384.13,0.5687676514098738
5183,TCS,2021-11-01,5562.72,5736.03,5178.27,5511.05,35418817,5511.05,2.3572982078813087
5184,TCS,2021-12-01,4917.32,5156.22,4827.38,5015.21,33667138,5015.21,-8.997196541493913
5185,TCS,2022-01-01,5046.87,5383.71,4584.82,5116.58,2315388,5116.58,2.0212513533830023
5186,TCS,2022-02-01,5098.63,5587.95,4809.9,5010.14,26432500,5010.14,-2.080295822600242
5187,TCS,2022-03-01,5475.34,5722.19,5192.88,5496.34,7259514,5496.34,9.704319639770542
5188,TCS,2022-04-01,5777.79,5883.1,5245.68,5803.84,3835944,5803.84,5.5946320642463965
5189,TCS,2022-05-01,5670.08,6311.91,5456.56,5730.39,25525519,5730.39,-1.2655414346363747
5190,TCS,2022-06-01,6182.38,6838.17,5450.92,6152.55,34476759,6152.55,7.367037845591651
5191,TCS,2022-07-01,5742.21,5966.34,5507.2,5642.59,41854628,5642.59,-8.288595785487319
5192,TCS,2022-08-01,5678.89,5824.74,5148.02,5580.02,1034435,5580.02,-1.108887939758152
5193,TCS,2022-09-01,5249.32,5902.44,4988.07,5318.19,28352109,5318.19,-4.692277088612595
5194,TCS,2022-10-01,4785.12,5145.86,4740.66,4832.46,27980032,4832.46,-9.133370564045274
5195,TCS,2022-11-01,4869.5,5220.01,4303.95,4864.94,30528649,4864.94,0.6721214453921931
5196,TCS,2022-12-01,4871.97,5336.09,4299.23,4867.91,39064282,4867.91,0.06104905713122388
5197,TCS,2023-01-01,5026.6,5159.72,4717.53,5021.08,16116975,5021.08,3.146524894667313
5198,TCS,2023-02-01,5068.42,5397.98,4485.95,5041.3,33090643,5041.3,0.40270220749321073
5199,TCS,2023-03-01,5055.83,5234.52,4776.75,5020.17,6922868,5020.17,-0.4191379207744039
5200,TCS,2023-04-01,5173.42,5201.67,4691.73,5117.27,42350885,5117.27,1.9341974474968104
5201,TCS,2023-05-01,5484.45,5921.04,5099.9,5442.04,48987903,5442.04,6.346548061759494
5202,TCS,2023-06-01,5564.31,6037.37,5189.25,5610.15,45130383,5610.15,3.089098940838353
5203,TCS,2023-07-01,5620.83,6117.0,5288.07,5556.63,8532131,5556.63,-0.9539851875618233
5204,TCS,2023-08-01,5456.41,5730.04,5035.93,5377.97,18169397,5377.97,-3.215258169070101
5205,TCS,2023-09-01,5164.76,5456.49,5013.97,5230.03,32913336,5230.03,-2.7508520873117615
5206,TCS,2023-10-01,5166.7,5310.33,4948.79,5194.51,33851204,5194.51,-0.6791548040833373
5207,TCS,2023-11-01,5291.99,5414.45,5135.04,5357.73,20772677,5357.73,3.142163553443922
5208,TCS,2023-12-01,4881.67,5434.19,4819.67,4972.98,5647208,4972.98,-7.181212939061876
5209,TCS,2024-01-01,5424.67,5881.81,5039.11,5360.37,29079363,5360.37,7.789896601233082
5210,TCS,2024-02-01,5009.74,5271.06,4674.23,4934.65,25859245,4934.65,-7.941989079112077
5211,TCS,2024-03-01,4723.85,4867.19,4610.85,4752.76,20647686,4752.76,-3.685975702430755
5212,TCS,2024-04-01,4485.6,5087.46,4468.56,4550.71,48602185,4550.71,-4.251214031425954
5213,TCS,2024-05-01,4438.62,4560.65,4162.26,4509.28,25508898,4509.28,-0.910407386979184
5214,TCS,2024-06-01,4723.14,5079.66,4609.28,4751.14,18944782,4751.14,5.363605719760156
5215,TCS,2024-07-01,5044.73,5042.8,4613.67,4966.5,13303512,4966.5,4.532806863194927
5216,TCS,2024-08-01,5026.21,5051.11,4579.4,4949.32,20400125,4949.32,-0.34591764824323246
5217,TCS,2024-09-01,5205.49,5307.7,5101.32,5179.33,29691446,5179.33,4.6473050843348185
5218,TCS,2024-10-01,4880.42,5140.71,4459.97,4860.2,10712553,4860.2,-6.161607775523093
5219,TCS,2024-11-01,4841.3,5392.29,4365.69,4870.43,46812688,4870.43,0.21048516521955385
5220,TCS,2024-12-01,5088.12,5304.93,4695.35,5043.81,35940389,5043.81,3.559849951646976
5221,TECHM,2020-01-01,3728.29,3769.03,3397.71,3719.55,17366252,3719.55,
5222,TECHM,2020-02-01,3229.59,3497.27,3127.36,3264.17,35879662,3264.17,-12.242878842870775
5223,TECHM,2020-03-01,3212.81,3476.29,2990.75,3188.49,21918999,3188.49,-2.31850669542335
5224,TECHM,2020-04-01,3323.38,3323.74,2965.08,3277.85,30860363,3277.85,2.802580531850496
5225,TECHM,2020-05-01,3078.49,3236.18,2876.47,3032.8,21063141,3032.8,-7.4759369708802925
5226,TECHM,2020-06-01,2930.64,3134.87,2595.63,2936.43,11230392,2936.43,-3.177591664468493
5227,TECHM,2020-07-01,2735.36,3116.42,2552.07,2789.02,26670762,2789.02,-5.020041342718873
5228,TECHM,2020-08-01,2986.24,3250.45,2837.84,2935.37,9853354,2935.37,5.2473628729804656
5229,TECHM,2020-09-01,3212.81,3483.61,3044.75,3166.67,45887380,3166.67,7.8797562147191025
5230,TECHM,2020-10-01,3005.87,3346.56,2690.88,2989.58,15307613,2989.58,-5.5923099028316825
5231,TECHM,2020-11-01,3053.6,3120.76,2981.12,3065.18,48047630,3065.18,2.5287833073541988
5232,TECHM,2020-12-01,3438.72,3529.92,3009.32,3411.44,11941221,3411.44,11.296563333964071
5233,TECHM,2021-01-01,3872.53,3975.29,3601.93,3820.91,35790896,3820.91,12.002849236685975
5234,TECHM,2021-02-01,3928.03,4211.16,3823.69,3973.64,15158970,3973.64,3.9972153230513063
5235,TECHM,2021-03-01,3916.01,3947.27,3547.0,3892.98,32645918,3892.98,-2.0298768886965024
5236,TECHM,2021-04-01,3643.93,3736.97,3346.15,3670.57,28520927,3670.57,-5.713104100200872
5237,TECHM,2021-05-01,4010.77,4116.28,3706.63,4071.42,7204374,4071.42,10.920647201933221
5238,TECHM,2021-06-01,3993.48,4413.43,3645.58,3956.47,26401720,3956.47,-2.8233392772055055
5239,TECHM,2021-07-01,4009.3,4248.7,3724.03,4042.43,37869154,4042.43,2.1726437961111733
5240,TECHM,2021-08-01,4052.44,4220.76,3748.08,4126.35,19428502,4126.35,2.075979052203758
5241,TECHM,2021-09-01,4627.37,4894.25,4074.63,4589.02,22063466,4589.02,11.212572854944437
5242,TECHM,2021-10-01,4537.24,4668.57,4072.33,4593.28,18593010,4593.28,0.09283027748843153
5243,TECHM,2021-11-01,4605.91,4869.2,4476.15,4674.7,18808959,4674.7,1.7725895220844334
5244,TECHM,2021-12-01,4869.8,5091.88,4672.21,4914.49,2688617,4914.49,5.129527028472425
5245,TECHM,2022-01-01,4812.44,5191.73,4645.03,4784.55,35821743,4784.55,-2.644017995763537
5246,TECHM,2022-02-01,4646.27,5178.86,4132.71,4662.24,8457405,4662.24,-2.556353262062272
5247,TECHM,2022-03-01,4453.47,4521.72,3925.09,4378.5,25508743,4378.5,-6.085915782971274
5248,TECHM,2022-04-01,3906.48,4148.64,3485.46,3939.4,35337750,3939.4,-10.028548589699671
5249,TECHM,2022-05-01,3766.1,4132.96,3679.5,3793.03,29443997,3793.03,-3.715540437630094
5250,TECHM,2022-06-01,3591.27,3729.22,3191.79,3571.53,46671722,3571.53,-5.8396585315697465
5251,TECHM,2022-07-01,3700.57,4073.34,3328.16,3702.71,36033544,3702.71,3.672935688626433
5252,TECHM,2022-08-01,3658.63,3842.67,3567.82,3728.67,27414640,3728.67,0.7011081073051928
5253,TECHM,2022-09-01,3998.05,4161.53,3725.6,4056.66,29336358,4056.66,8.796434117258967
5254,TECHM,2022-10-01,4372.5,4901.64,3921.24,4440.69,5231587,4440.69,9.466654834272514
5255,TECHM,2022-11-01,5010.87,5376.37,4648.96,5098.93,40484937,5098.93,14.822921663074906
5256,TECHM,2022-12-01,5283.67,5531.86,4699.93,5314.84,793117,5314.84,4.234417809226643
5257,TECHM,2023-01-01,5205.22,5687.51,4641.42,5169.03,39033645,5169.03,-2.7434504143116323
5258,TECHM,2023-02-01,4891.97,5193.76,4668.44,4965.78,22277336,4965.78,-3.9320723617390474
5259,TECHM,2023-03-01,5000.08,5599.79,4910.68,5059.32,4080818,5059.32,1.88369198796563
5260,TECHM,2023-04-01,5377.42,5510.95,5217.71,5371.41,43136086,5371.41,6.168615545172074
5261,TECHM,2023-05-01,5378.97,5943.7,5042.16,5398.08,32128852,5398.08,0.49651767413025905
5262,TECHM,2023-06-01,5484.84,5703.54,4922.22,5442.27,38549574,5442.27,0.8186243997865938
5263,TECHM,2023-07-01,5041.35,5089.48,4469.02,5038.4,31200450,5038.4,-7.420984258406893
5264,TECHM,2023-08-01,4736.47,5033.63,4620.58,4758.46,25244520,4758.46,-5.556128929818982
5265,TECHM,2023-09-01,4894.77,5269.78,4370.28,4909.48,32480030,4909.48,3.1737158660575027
5266,TECHM,2023-10-01,4890.74,5326.81,4754.17,4845.85,30063244,4845.85,-1.2960639415986908
5267,TECHM,2023-11-01,4998.91,5378.41,4598.81,4920.39,29718149,4920.39,1.5382234282943053
5268,TECHM,2023-12-01,4836.36,4926.49,4253.33,4774.7,34563116,4774.7,-2.960944152800904
5269,TECHM,2024-01-01,4987.71,5437.73,4724.08,4935.97,4460108,4935.97,3.377594403836892
5270,TECHM,2024-02-01,5236.6,5432.58,4779.96,5275.73,19793066,5275.73,6.883348156492031
5271,TECHM,2024-03-01,5084.72,5243.59,4437.87,5030.67,23698256,5030.67,-4.645044382483555
5272,TECHM,2024-04-01,4973.26,5444.51,4781.22,4927.84,20881240,4927.84,-2.0440617253765336
5273,TECHM,2024-05-01,4934.13,5325.63,4672.47,4911.32,40101306,4911.32,-0.33523815708302873
5274,TECHM,2024-06-01,4989.79,5063.5,4800.23,4929.14,31399914,4929.14,0.3628352459216888
5275,TECHM,2024-07-01,4712.04,4847.55,4282.03,4760.9,4733830,4760.9,-3.413171466016396
5276,TECHM,2024-08-01,5137.96,5401.83,4990.28,5093.43,43613735,5093.43,6.98460375139156
5277,TECHM,2024-09-01,4945.48,5386.37,4809.95,4905.09,17769811,4905.09,-3.6977046901596755
5278,TECHM,2024-10-01,4996.62,5200.69,4844.39,5067.4,1170625,5067.4,3.3090116593171404
5279,TECHM,2024-11-01,5488.08,5865.78,5062.25,5428.63,33777913,5428.63,7.128507715988475
5280,TECHM,2024-12-01,5857.79,6488.58,5683.18,5812.51,39747256,5812.51,7.071397387554512
5281,TITAN,2020-01-01,4240.1,4339.85,4095.13,4220.78,40185314,4220.78,
5282,TITAN,2020-02-01,4298.58,4563.56,3807.15,4312.27,16426129,4312.27,2.1676088305953023
5283,TITAN,2020-03-01,4646.27,4656.99,4270.19,4556.93,18459322,4556.93,5.673577953143005
5284,TITAN,2020-04-01,4598.05,5077.09,4265.82,4595.46,49984810,4595.46,0.8455253866089585
5285,TITAN,2020-05-01,4752.43,4862.54,4463.68,4698.64,46878264,4698.64,2.245259451719739
5286,TITAN,2020-06-01,4359.41,4573.16,4013.0,4397.07,3557481,4397.07,-6.418240171624145
5287,TITAN,2020-07-01,4412.29,4831.14,4274.77,4440.72,3070508,4440.72,0.9927065068329632
5288,TITAN,2020-08-01,4209.86,4420.89,3783.34,4243.92,18187318,4243.92,-4.431713776144408
5289,TITAN,2020-09-01,4576.56,4775.85,4334.78,4505.38,7385917,4505.38,6.16081358743803
5290,TITAN,2020-10-01,4596.76,4756.09,4174.06,4632.02,5412543,4632.02,2.810861680923704
5291,TITAN,2020-11-01,4777.1,5216.04,4382.15,4753.65,28834718,4753.65,2.6258522199817724
5292,TITAN,2020-12-01,4842.04,5292.85,4621.97,4809.49,28507627,4809.49,1.174676301368427
5293,TITAN,2021-01-01,4671.7,4838.99,4481.22,4688.72,42536235,4688.72,-2.5110770580664354
5294,TITAN,2021-02-01,4822.42,5416.76,4379.63,4845.96,20893294,4845.96,3.3535805081130743
5295,TITAN,2021-03-01,4912.37,5142.37,4361.7,4843.13,26111185,4843.13,-0.058399161363276164
5296,TITAN,2021-04-01,4909.03,5211.31,4840.45,4994.34,45574447,4994.34,3.122154474482408
5297,TITAN,2021-05-01,4781.37,4942.2,4542.89,4801.58,35309570,4801.58,-3.8595690321443943
5298,TITAN,2021-06-01,5047.63,5167.04,4992.05,5094.15,36564271,5094.15,6.0932026541263395
5299,TITAN,2021-07-01,4940.59,5235.49,4686.4,4998.94,25909458,4998.94,-1.8690066056162524
5300,TITAN,2021-08-01,5001.84,5529.76,4608.17,5047.97,29062460,5047.97,0.9808079312814355
5301,TITAN,2021-09-01,4593.27,5054.43,4339.0,4681.63,904253,4681.63,-7.257174666251986
5302,TITAN,2021-10-01,4612.53,4915.76,4167.3,4629.54,29293598,4629.54,-1.1126466636620203
5303,TITAN,2021-11-01,4868.07,5113.6,4627.46,4787.3,37676745,4787.3,3.407681972722987
5304,TITAN,2021-12-01,4853.6,5038.01,4733.18,4874.51,45285466,4874.51,1.8216949010924743
5305,TITAN,2022-01-01,4965.24,5399.93,4613.41,5004.38,39612203,5004.38,2.664267793070474
5306,TITAN,2022-02-01,5085.53,5167.74,4718.1,5020.12,28353981,5020.12,0.3145244765585309
5307,TITAN,2022-03-01,5447.46,5714.67,5162.19,5472.54,10502791,5472.54,9.012135168083635
5308,TITAN,2022-04-01,5419.89,6037.78,4941.18,5467.37,40530949,5467.37,-0.09447167128975309
5309,TITAN,2022-05-01,5235.78,5670.57,5015.21,5241.04,17321411,5241.04,-4.139650325476419
5310,TITAN,2022-06-01,5501.24,5875.01,5483.84,5571.82,16065448,5571.82,6.311342786927776
5311,TITAN,2022-07-01,6055.37,6636.63,5995.0,6107.08,44099548,6107.08,9.606555847102038
5312,TITAN,2022-08-01,5713.94,6096.88,5534.0,5751.4,45835210,5751.4,-5.824059943540949
5313,TITAN,2022-09-01,6199.85,6428.61,5714.48,6125.79,45234756,6125.79,6.509545501964742
5314,TITAN,2022-10-01,6241.48,6365.93,5622.67,6140.11,17712640,6140.11,0.23376576735407717
5315,TITAN,2022-11-01,6123.26,6626.02,5626.72,6097.24,31686024,6097.24,-0.6981959606586874
5316,TITAN,2022-12-01,6207.13,6541.99,6055.7,6154.9,1255002,6154.9,0.9456737802677972
5317,TITAN,2023-01-01,6728.04,7386.9,6002.9,6812.76,14338390,6812.76,10.688394612422636
5318,TITAN,2023-02-01,6595.86,6789.84,6339.31,6602.53,12053612,6602.53,-3.0858271831093464
5319,TITAN,2023-03-01,6948.28,7471.42,6285.85,6859.15,30190740,6859.15,3.8866919196126393
5320,TITAN,2023-04-01,6208.23,6431.74,6039.73,6303.38,16224932,6303.38,-8.102607465939649
5321,TITAN,2023-05-01,5798.81,6375.36,5126.01,5793.94,5022779,5793.94,-8.082013142155485
5322,TITAN,2023-06-01,6020.84,6383.83,5703.76,5939.64,13037110,5939.64,2.5146963896761187
5323,TITAN,2023-07-01,5956.84,6560.38,5625.05,5998.56,3566404,5998.56,0.9919793118774889
5324,TITAN,2023-08-01,6318.51,6407.67,6213.82,6284.35,11528393,6284.35,4.7643101010909295
5325,TITAN,2023-09-01,6801.54,6917.63,6470.6,6695.71,5629498,6695.71,6.545784369107377
5326,TITAN,2023-10-01,6167.37,6879.39,5957.24,6240.12,3463989,6240.12,-6.804207470156265
5327,TITAN,2023-11-01,6327.54,6615.37,5752.13,6359.96,28833090,6359.96,1.9204758882842121
5328,TITAN,2023-12-01,6021.75,6117.68,5600.88,5965.79,19411918,5965.79,-6.197680488556534
5329,TITAN,2024-01-01,6000.27,6469.9,5654.46,6115.14,11691155,6115.14,2.503440449630312
5330,TITAN,2024-02-01,5978.64,6479.9,5379.56,5873.49,34086442,5873.49,-3.9516675006623037
5331,TITAN,2024-03-01,5258.41,5430.27,5133.73,5223.87,34135633,5223.87,-11.06020440998452
5332,TITAN,2024-04-01,5624.98,5996.93,5520.74,5674.2,35712242,5674.2,8.62062034468698
5333,TITAN,2024-05-01,5268.3,5322.68,5102.1,5266.2,6229234,5266.2,-7.19044094321667
5334,TITAN,2024-06-01,6052.12,6212.96,5445.35,5934.14,23920507,5934.14,12.683528920284083
5335,TITAN,2024-07-01,5453.51,5983.81,5031.37,5553.44,5366901,5553.44,-6.41541992605501
5336,TITAN,2024-08-01,5421.14,5558.92,5091.76,5490.2,21393616,5490.2,-1.1387536373851148
5337,TITAN,2024-09-01,5508.64,6007.12,5109.03,5408.48,1478057,5408.48,-1.4884703653783138
5338,TITAN,2024-10-01,5616.53,5809.86,5173.28,5565.67,14285007,5565.67,2.9063618613732523
5339,TITAN,2024-11-01,5175.6,5364.4,5040.52,5251.69,11930362,5251.69,-5.641369323010537
5340,TITAN,2024-12-01,5243.3,5634.17,5122.93,5290.62,14011259,5290.62,0.7412851862924175
5341,TORNTPHARM,2020-01-01,2333.77,2560.3,2339.89,2375.4,42081027,2375.4,
5342,TORNTPHARM,2020-02-01,2480.35,2543.0,2179.19,2433.05,47467107,2433.05,2.4269596699503238
5343,TORNTPHARM,2020-03-01,2514.38,2827.59,2322.7,2564.52,9465263,2564.52,5.4035058876718445
5344,TORNTPHARM,2020-04-01,2377.88,2547.34,2362.98,2413.82,45158684,2413.82,-5.876343331305655
5345,TORNTPHARM,2020-05-01,2387.15,2606.42,2253.07,2378.4,25741102,2378.4,-1.4673836491536307
5346,TORNTPHARM,2020-06-01,2177.07,2259.07,2064.2,2213.51,49603958,2213.51,-6.932811974436593
5347,TORNTPHARM,2020-07-01,2014.1,2123.93,1873.15,1986.12,28915897,1986.12,-10.272824608879127
5348,TORNTPHARM,2020-08-01,2050.54,2134.24,1898.95,2027.07,645327,2027.07,2.0618089541417417
5349,TORNTPHARM,2020-09-01,2181.65,2224.01,1885.81,2140.08,7826082,2140.08,5.575041809113657
5350,TORNTPHARM,2020-10-01,2071.25,2181.38,1861.62,2087.09,6026064,2087.09,-2.476075660722954
5351,TORNTPHARM,2020-11-01,2103.77,2180.39,1977.05,2109.69,7124134,2109.69,1.082847409551091
5352,TORNTPHARM,2020-12-01,2043.85,2216.22,1826.96,2060.12,19997590,2060.12,-2.3496343064620895
5353,TORNTPHARM,2021-01-01,2132.61,2311.82,2042.16,2151.05,8028245,2151.05,4.4138205541425
5354,TORNTPHARM,2021-02-01,1976.66,2055.98,1869.68,1990.17,23107177,1990.17,-7.479138095348792
5355,TORNTPHARM,2021-03-01,1983.56,2227.85,1780.34,1994.07,38676233,1994.07,0.1959631589261157
5356,TORNTPHARM,2021-04-01,2011.98,2238.33,1798.79,2025.31,18798613,2025.31,1.5666451027295913
5357,TORNTPHARM,2021-05-01,2145.88,2249.72,1887.87,2104.7,8472207,2104.7,3.919893744661307
5358,TORNTPHARM,2021-06-01,1960.71,2097.4,1768.95,1979.05,10818022,1979.05,-5.969971967501298
5359,TORNTPHARM,2021-07-01,1719.14,1854.25,1571.34,1749.2,16403761,1749.2,-11.61415830827922
5360,TORNTPHARM,2021-08-01,1770.62,1973.49,1606.53,1781.34,37869316,1781.34,1.8374113880631038
5361,TORNTPHARM,2021-09-01,1585.19,1740.43,1558.3,1601.71,14384882,1601.71,-10.08398172162529
5362,TORNTPHARM,2021-10-01,1570.06,1731.54,1438.69,1595.95,32028004,1595.95,-0.3596156607625578
5363,TORNTPHARM,2021-11-01,1618.69,1674.1,1557.65,1637.22,22383202,1637.22,2.585920611547987
5364,TORNTPHARM,2021-12-01,1920.77,1978.43,1762.0,1886.24,4668555,1886.24,15.209929026031933
5365,TORNTPHARM,2022-01-01,1808.05,2007.68,1670.12,1824.31,29880296,1824.31,-3.2832513359911775
5366,TORNTPHARM,2022-02-01,1855.67,2045.13,1799.22,1875.11,27646968,1875.11,2.784614456972778
5367,TORNTPHARM,2022-03-01,1842.68,1865.81,1667.93,1818.62,34249294,1818.62,-3.012623259435443
5368,TORNTPHARM,2022-04-01,1709.68,1761.79,1524.62,1683.37,41648864,1683.37,-7.436957693195945
5369,TORNTPHARM,2022-05-01,1668.07,1805.4,1605.66,1661.75,999410,1661.75,-1.284328460172146
5370,TORNTPHARM,2022-06-01,1666.35,1796.02,1540.23,1671.15,37513389,1671.15,0.5656687227320711
5371,TORNTPHARM,2022-07-01,1739.89,1771.27,1616.54,1707.53,36871733,1707.53,2.1769440205846147
5372,TORNTPHARM,2022-08-01,1941.66,2032.2,1713.94,1932.09,49399763,1932.09,13.151159862491424
5373,TORNTPHARM,2022-09-01,1826.93,2038.66,1807.27,1850.12,25115453,1850.12,-4.242555988592667
5374,TORNTPHARM,2022-10-01,1841.0,1870.58,1725.74,1826.77,25368178,1826.77,-1.262080297494217
5375,TORNTPHARM,2022-11-01,1784.99,1777.19,1662.67,1755.51,21214861,1755.51,-3.9008742206189106
5376,TORNTPHARM,2022-12-01,1627.39,1730.5,1479.49,1601.43,13253100,1601.43,-8.776936616709675
5377,TORNTPHARM,2023-01-01,1613.94,1745.3,1473.84,1633.26,41685401,1633.26,1.9875985837657595
5378,TORNTPHARM,2023-02-01,1726.8,1759.32,1528.32,1696.05,7991658,1696.05,3.8444583226185713
5379,TORNTPHARM,2023-03-01,1889.67,2098.64,1704.1,1882.23,395285,1882.23,10.977270717254806
5380,TORNTPHARM,2023-04-01,2036.34,2174.43,1902.44,2040.06,3187822,2040.06,8.385266412712578
5381,TORNTPHARM,2023-05-01,1922.36,2003.94,1775.58,1937.18,17721340,1937.18,-5.042988931698078
5382,TORNTPHARM,2023-06-01,1881.76,2063.47,1814.11,1846.23,28768053,1846.23,-4.694968975521119
5383,TORNTPHARM,2023-07-01,1903.6,2074.5,1740.24,1926.27,34500095,1926.27,4.3353211680018156
5384,TORNTPHARM,2023-08-01,1899.47,2029.58,1753.83,1937.86,12324512,1937.86,0.6016809689191938
5385,TORNTPHARM,2023-09-01,1952.98,1952.57,1703.72,1915.22,27845311,1915.22,-1.1682990515310632
5386,TORNTPHARM,2023-10-01,2016.97,2064.09,1792.5,2011.87,21971363,2011.87,5.0464176439260156
5387,TORNTPHARM,2023-11-01,1871.71,2014.74,1743.74,1906.65,45775046,1906.65,-5.229960186294336
5388,TORNTPHARM,2023-12-01,1774.03,1866.54,1746.06,1802.03,41714510,1802.03,-5.48711090131907
5389,TORNTPHARM,2024-01-01,1789.76,1860.19,1599.4,1784.04,14629785,1784.04,-0.9983185629540037
5390,TORNTPHARM,2024-02-01,1615.43,1780.63,1488.08,1617.5,17460286,1617.5,-9.33499248895765
5391,TORNTPHARM,2024-03-01,1773.03,1838.58,1660.25,1757.81,19529105,1757.81,8.674497681607418
5392,TORNTPHARM,2024-04-01,1881.76,1904.99,1682.92,1852.9,21360414,1852.9,5.40957213805815
5393,TORNTPHARM,2024-05-01,1932.7,1966.11,1791.43,1924.99,21012018,1924.99,3.8906578876355846
5394,TORNTPHARM,2024-06-01,1964.06,2146.97,1899.41,1953.0,33542710,1953.0,1.4550724938830806
5395,TORNTPHARM,2024-07-01,1974.36,2155.22,1919.98,1956.43,24627808,1956.43,0.17562724014337228
5396,TORNTPHARM,2024-08-01,2013.51,2143.17,1829.29,2038.26,29366543,2038.26,4.182618340548849
5397,TORNTPHARM,2024-09-01,2174.03,2231.42,1933.49,2188.82,30363244,2188.82,7.386692571114595
5398,TORNTPHARM,2024-10-01,2151.23,2317.66,2029.39,2194.81,4422349,2194.81,0.2736634350928746
5399,TORNTPHARM,2024-11-01,2158.88,2318.0,2164.57,2193.28,41355452,2193.28,-0.06970990655226217
5400,TORNTPHARM,2024-12-01,2271.8,2396.59,2159.1,2248.34,34949799,2248.34,2.5103953895535325
5401,TRENT,2020-01-01,588.33,635.21,569.44,598.61,30468745,598.61,
5402,TRENT,2020-02-01,593.58,608.76,590.23,598.5,7675092,598.5,-0.018375904178014046
5403,TRENT,2020-03-01,586.02,604.72,546.85,587.13,28490603,587.13,-1.8997493734335902
5404,TRENT,2020-04-01,633.47,714.93,586.39,643.45,33100474,643.45,9.592424165006053
5405,TRENT,2020-05-01,695.0,730.75,667.29,706.22,7756507,706.22,9.755225736265437
5406,TRENT,2020-06-01,697.1,731.97,654.28,685.65,5757016,685.65,-2.9126900965704805
5407,TRENT,2020-07-01,683.57,697.34,607.06,675.52,4624665,675.52,-1.477430175745642
5408,TRENT,2020-08-01,666.75,713.44,618.42,670.2,47536333,670.2,-0.7875414495499666
5409,TRENT,2020-09-01,656.29,679.67,613.15,655.87,14646105,655.87,-2.1381677111310116
5410,TRENT,2020-10-01,624.64,684.94,610.28,632.09,35536873,632.09,-3.6257185112903434
5411,TRENT,2020-11-01,638.18,663.12,571.52,642.64,26402007,642.64,1.6690661140027485
5412,TRENT,2020-12-01,616.47,667.01,558.03,610.16,48937985,610.16,-5.054151624548742
5413,TRENT,2021-01-01,616.36,661.11,589.93,616.77,24940060,616.77,1.0833224072374525
5414,TRENT,2021-02-01,592.69,627.19,543.23,597.05,47315390,597.05,-3.197302073706576
5415,TRENT,2021-03-01,613.62,670.97,593.38,612.38,41179498,612.38,2.5676241520810716
5416,TRENT,2021-04-01,654.6,677.52,589.87,658.11,28741822,658.11,7.4675854861360635
5417,TRENT,2021-05-01,667.52,712.1,584.59,661.66,1738550,661.66,0.539423500630587
5418,TRENT,2021-06-01,799.86,809.25,746.86,784.73,27374137,784.73,18.600187407429814
5419,TRENT,2021-07-01,785.56,838.84,694.93,778.28,19380663,778.28,-0.8219387560052582
5420,TRENT,2021-08-01,851.02,906.82,784.73,840.82,8908802,840.82,8.035668396977957
5421,TRENT,2021-09-01,880.2,958.48,819.44,889.72,2126200,889.72,5.81575129040699
5422,TRENT,2021-10-01,867.12,961.89,842.22,868.29,28785180,868.29,-2.408622937553395
5423,TRENT,2021-11-01,858.36,920.35,778.1,851.48,41941011,851.48,-1.9359891280562924
5424,TRENT,2021-12-01,956.37,1013.85,941.25,968.98,24418392,968.98,13.799502043500734
5425,TRENT,2022-01-01,977.42,1095.93,960.72,991.64,32816986,991.64,2.338541559165308
5426,TRENT,2022-02-01,991.46,993.29,893.61,973.48,42760053,973.48,-1.8313097495058606
5427,TRENT,2022-03-01,1041.8,1104.47,909.3,1029.21,27191525,1029.21,5.724822287052644
5428,TRENT,2022-04-01,974.72,1031.55,970.41,991.52,11889394,991.52,-3.6620320439949117
5429,TRENT,2022-05-01,1018.09,1075.84,985.94,1018.88,26608529,1018.88,2.7593997095368694
5430,TRENT,2022-06-01,994.83,1110.82,936.76,1010.98,40121433,1010.98,-0.7753611809045213
5431,TRENT,2022-07-01,1103.35,1226.78,1000.84,1106.3,30250572,1106.3,9.428475340758457
5432,TRENT,2022-08-01,1196.01,1241.6,1052.35,1180.11,6798243,1180.11,6.671788845701876
5433,TRENT,2022-09-01,1162.26,1261.23,1018.12,1145.4,31276218,1145.4,-2.9412512392912316
5434,TRENT,2022-10-01,1249.04,1380.79,1153.72,1252.67,37287169,1252.67,9.36528723590011
5435,TRENT,2022-11-01,1276.12,1393.45,1131.74,1273.56,29542295,1273.56,1.667637925391352
5436,TRENT,2022-12-01,1396.04,1486.68,1320.26,1380.27,45913637,1380.27,8.378874964665982
5437,TRENT,2023-01-01,1419.85,1476.68,1368.48,1442.87,44149415,1442.87,4.535344534040431
5438,TRENT,2023-02-01,1402.61,1559.66,1367.97,1413.41,25238394,1413.41,-2.0417639842813196
5439,TRENT,2023-03-01,1446.23,1509.81,1380.46,1462.73,4253713,1462.73,3.489433356209437
5440,TRENT,2023-04-01,1470.06,1608.14,1342.54,1470.01,49289726,1470.01,0.497699507086069
5441,TRENT,2023-05-01,1430.51,1602.02,1291.66,1436.51,26963195,1436.51,-2.278896061931557
5442,TRENT,2023-06-01,1432.47,1533.48,1381.04,1452.55,33138224,1452.55,1.1165950811341308
5443,TRENT,2023-07-01,1577.18,1689.29,1433.17,1595.53,15729525,1595.53,9.843378885408427
5444,TRENT,2023-08-01,1583.75,1649.7,1484.86,1611.29,27092718,1611.29,0.987759553251899
5445,TRENT,2023-09-01,1665.05,1697.01,1601.57,1648.19,38880268,1648.19,2.290090548566681
5446,TRENT,2023-10-01,1515.03,1675.89,1377.82,1523.85,36471729,1523.85,-7.544033151517738
5447,TRENT,2023-11-01,1442.21,1594.47,1446.87,1466.02,2275658,1466.02,-3.7949929454998754
5448,TRENT,2023-12-01,1530.27,1547.39,1401.91,1511.71,14609931,1511.71,3.1166014106219553
5449,TRENT,2024-01-01,1386.74,1494.62,1262.57,1372.63,17725041,1372.63,-9.200177282679878
5450,TRENT,2024-02-01,1135.81,1259.08,1012.94,1149.0,7275144,1149.0,-16.292081624327025
5451,TRENT,2024-03-01,1071.25,1157.83,1037.68,1068.56,9685140,1068.56,-7.000870322019148
5452,TRENT,2024-04-01,1034.45,1069.8,952.87,1018.42,31075816,1018.42,-4.692296174290633
5453,TRENT,2024-05-01,938.85,972.82,845.02,946.4,27989598,946.4,-7.071738575440389
5454,TRENT,2024-06-01,1053.05,1173.07,968.71,1047.65,10693101,1047.65,10.698436179205428
5455,TRENT,2024-07-01,1043.78,1122.35,981.73,1055.75,39824676,1055.75,0.7731589748484646
5456,TRENT,2024-08-01,950.32,1068.0,930.9,962.62,16722805,962.62,-8.82121714421028
5457,TRENT,2024-09-01,903.79,983.99,813.0,918.54,45726520,918.54,-4.579169350314771
5458,TRENT,2024-10-01,871.83,895.24,767.33,860.21,12907974,860.21,-6.350295033422593
5459,TRENT,2024-11-01,811.09,884.67,774.43,799.96,37707099,799.96,-7.00410364910894
5460,TRENT,2024-12-01,825.78,900.27,780.86,835.01,18759357,835.01,4.38146907345367
5461,TVSMOTOR,2020-01-01,3854.03,4112.29,3752.12,3824.18,17910176,3824.18,
5462,TVSMOTOR,2020-02-01,3851.77,4212.02,3714.98,3895.14,32287596,3895.14,1.8555611922032922
5463,TVSMOTOR,2020-03-01,3962.54,4146.76,3608.55,3924.03,39120994,3924.03,0.7416934949706633
5464,TVSMOTOR,2020-04-01,3880.41,4239.09,3528.21,3820.46,28252558,3820.46,-2.6393783941509152
5465,TVSMOTOR,2020-05-01,3729.48,3739.44,3585.15,3693.09,42063007,3693.09,-3.333891730315197
5466,TVSMOTOR,2020-06-01,3820.19,3983.89,3637.81,3827.75,15880797,3827.75,3.6462691133982705
5467,TVSMOTOR,2020-07-01,4063.92,4181.96,3809.61,4037.58,18112978,4037.58,5.481810463065773
5468,TVSMOTOR,2020-08-01,3981.53,4316.85,3952.59,4026.53,5170446,4026.53,-0.27367878778872257
5469,TVSMOTOR,2020-09-01,3841.4,4023.12,3659.75,3912.64,32641888,3912.64,-2.8284900398109603
5470,TVSMOTOR,2020-10-01,4176.73,4434.9,4124.05,4255.83,26060203,4255.83,8.771315531201452
5471,TVSMOTOR,2020-11-01,4516.24,4665.78,4390.35,4521.41,33861137,4521.41,6.240380842279891
5472,TVSMOTOR,2020-12-01,4222.39,4659.8,3872.68,4195.3,11830163,4195.3,-7.2125730690205
5473,TVSMOTOR,2021-01-01,3804.47,3953.09,3485.27,3772.74,14627814,3772.74,-10.072223678878755
5474,TVSMOTOR,2021-02-01,3974.73,4322.6,3710.51,3996.31,19952948,3996.31,5.925931816133634
5475,TVSMOTOR,2021-03-01,3969.04,4081.13,3593.63,3926.04,27429431,3926.04,-1.758372098260641
5476,TVSMOTOR,2021-04-01,3984.51,4117.93,3845.87,3908.71,41384763,3908.71,-0.44141170237694816
5477,TVSMOTOR,2021-05-01,4031.78,4320.2,3591.01,4015.68,36147722,4015.68,2.7367085304358607
5478,TVSMOTOR,2021-06-01,4284.7,4562.11,4093.38,4280.61,22257987,4280.61,6.597388238106627
5479,TVSMOTOR,2021-07-01,4630.26,5224.66,4592.21,4722.1,39322661,4722.1,10.3137169702449
5480,TVSMOTOR,2021-08-01,4508.34,5067.06,4154.01,4563.66,44409899,4563.66,-3.355286842718297
5481,TVSMOTOR,2021-09-01,5053.91,5449.73,4669.52,5044.04,33963330,5044.04,10.526200461909951
5482,TVSMOTOR,2021-10-01,5016.82,5178.97,4734.74,4978.2,10291929,4978.2,-1.305302892126159
5483,TVSMOTOR,2021-11-01,5059.44,5302.42,4594.29,5030.2,25833827,5030.2,1.0445542565586052
5484,TVSMOTOR,2021-12-01,5053.39,5645.27,4914.2,5057.65,35885779,5057.65,0.5457039481531423
5485,TVSMOTOR,2022-01-01,4980.32,5234.89,4854.91,4987.98,19262826,4987.98,-1.377517226379843
5486,TVSMOTOR,2022-02-01,5033.31,5210.43,4560.33,5010.5,3187400,5010.5,0.45148537083148366
5487,TVSMOTOR,2022-03-01,5771.37,6109.93,5525.95,5709.37,37575494,5709.37,13.948108971160567
5488,TVSMOTOR,2022-04-01,5307.81,5754.98,4966.03,5404.16,46678485,5404.16,-5.345773701826994
5489,TVSMOTOR,2022-05-01,5385.8,5789.79,4733.24,5373.18,35994208,5373.18,-0.5732620795831256
5490,TVSMOTOR,2022-06-01,4993.17,5382.14,4690.04,5061.65,26022402,5061.65,-5.7978701625480795
5491,TVSMOTOR,2022-07-01,5027.72,5454.78,4736.19,5013.37,24058138,5013.37,-0.9538391631187415
5492,TVSMOTOR,2022-08-01,4958.79,5230.42,4460.42,4881.32,4963051,4881.32,-2.633956799518089
5493,TVSMOTOR,2022-09-01,5305.4,5731.53,5203.09,5401.81,29266413,5401.81,10.66289446297315
5494,TVSMOTOR,2022-10-01,5625.3,6336.75,5225.43,5719.55,6980749,5719.55,5.882102480464879
5495,TVSMOTOR,2022-11-01,6124.48,6641.18,5991.83,6109.54,17512256,6109.54,6.818543416877199
5496,TVSMOTOR,2022-12-01,6674.49,7067.06,6474.5,6554.84,15686072,6554.84,7.288601105811576
5497,TVSMOTOR,2023-01-01,6675.65,7330.85,6585.56,6790.23,1531410,6790.23,3.5910868915183247
5498,TVSMOTOR,2023-02-01,6731.63,6741.06,6261.2,6624.03,30186509,6624.03,-2.447634321665093
5499,TVSMOTOR,2023-03-01,6470.68,6601.19,5628.88,6390.01,38858054,6390.01,-3.5328946275907547
5500,TVSMOTOR,2023-04-01,6363.94,7202.59,5951.97,6432.19,1062988,6432.19,0.6600928637044312
5501,TVSMOTOR,2023-05-01,6729.17,6827.47,5971.72,6684.46,35117773,6684.46,3.9219923540815937
5502,TVSMOTOR,2023-06-01,6904.02,7043.36,6581.0,6788.42,6526059,6788.42,1.5552490403114128
5503,TVSMOTOR,2023-07-01,6466.63,6862.04,6139.76,6425.35,24596986,6425.35,-5.348372669929081
5504,TVSMOTOR,2023-08-01,6360.14,6594.78,5545.6,6279.9,48705799,6279.9,-2.263689915724443
5505,TVSMOTOR,2023-09-01,6316.46,6811.67,5683.26,6307.97,28941631,6307.97,0.44698163983503125
5506,TVSMOTOR,2023-10-01,6035.1,6278.27,5443.26,6078.24,37972218,6078.24,-3.6419006431546164
5507,TVSMOTOR,2023-11-01,6484.71,7021.73,5859.58,6436.24,43641166,6436.24,5.889862855036987
5508,TVSMOTOR,2023-12-01,6090.87,6457.94,5712.28,6161.96,36362813,6161.96,-4.26149428859085
5509,TVSMOTOR,2024-01-01,6919.8,7489.77,6632.27,7004.07,27356003,7004.07,13.666268524949853
5510,TVSMOTOR,2024-02-01,6936.07,7273.63,6469.8,6893.63,39025130,6893.63,-1.576797490601889
5511,TVSMOTOR,2024-03-01,7050.16,7283.34,6434.38,7127.55,17131499,7127.55,3.393277562039154
5512,TVSMOTOR,2024-04-01,7113.14,7737.6,6342.94,7172.43,8954095,7172.43,0.6296693814845211
5513,TVSMOTOR,2024-05-01,7428.78,8311.83,6814.22,7571.11,28313747,7571.11,5.5585066706820285
5514,TVSMOTOR,2024-06-01,7705.75,8160.29,7570.24,7815.18,22887619,7815.18,3.22370167650452
5515,TVSMOTOR,2024-07-01,7380.78,7640.27,6772.77,7253.99,17542949,7253.99,-7.180768709102036
5516,TVSMOTOR,2024-08-01,7252.23,7723.71,7009.19,7205.77,38060354,7205.77,-0.6647376133686378
5517,TVSMOTOR,2024-09-01,7204.89,7780.37,6637.12,7220.89,5976332,7220.89,0.20983184309240066
5518,TVSMOTOR,2024-10-01,7305.2,7955.73,7189.07,7292.74,18767834,7292.74,0.995029698555161
5519,TVSMOTOR,2024-11-01,7080.04,7361.93,6539.05,7177.83,44966229,7177.83,-1.57567663182836
5520,TVSMOTOR,2024-12-01,7774.57,7993.9,7114.42,7640.79,42370949,7640.79,6.449860194515611
